position,method,train_on,scope,seasons,key,metric,value,lo,hi,share_above_zero,n_groups,n_rows,n_pos
K,logit,pool,pooled,2013-2025,,p_at_3,0.404762,0.375405,0.431010,,210,2318,571
K,logit,pool,pooled,2013-2025,,p_at_5,0.378810,0.360423,0.395695,,210,2318,571
K,logit,pool,pooled,2013-2025,,p_at_1,0.428571,0.382075,0.478261,,210,2318,571
K,lgbm,pool,pooled,2013-2025,,p_at_3,0.371429,0.333333,0.409389,,210,2318,571
K,lgbm,pool,pooled,2013-2025,,p_at_5,0.363571,0.336473,0.390785,,210,2318,571
K,lgbm,pool,pooled,2013-2025,,p_at_1,0.385714,0.344303,0.428588,,210,2318,571
K,baseline_last_points,pool,pooled,2013-2025,,p_at_3,0.398413,0.371244,0.424961,,210,2318,571
K,baseline_last_points,pool,pooled,2013-2025,,p_at_5,0.366429,0.340000,0.392235,,210,2318,571
K,baseline_last_points,pool,pooled,2013-2025,,p_at_1,0.409524,0.360190,0.457949,,210,2318,571
K,baseline_ppg,pool,pooled,2013-2025,,p_at_3,0.371429,0.336493,0.409524,,210,2318,571
K,baseline_ppg,pool,pooled,2013-2025,,p_at_5,0.366429,0.343808,0.388032,,210,2318,571
K,baseline_ppg,pool,pooled,2013-2025,,p_at_1,0.352381,0.309524,0.401914,,210,2318,571
K,baseline_opponent,pool,pooled,2013-2025,,p_at_3,0.306349,0.263486,0.349621,,210,2318,571
K,baseline_opponent,pool,pooled,2013-2025,,p_at_5,0.278810,0.238318,0.318453,,210,2318,571
K,baseline_opponent,pool,pooled,2013-2025,,p_at_1,0.376190,0.303728,0.449773,,210,2318,571
K,logit,pool,diff,2013-2025,baseline_last_points,p_at_3,0.006349,-0.015949,0.028041,0.680000,210,,
K,logit,pool,diff,2013-2025,baseline_last_points,p_at_5,0.012381,-0.003883,0.028975,0.924000,210,,
K,logit,pool,diff,2013-2025,baseline_last_points,p_at_1,0.019048,-0.042659,0.072156,0.728500,210,,
K,logit,pool,diff,2013-2025,baseline_ppg,p_at_3,0.033333,-0.012464,0.077538,0.914000,210,,
K,logit,pool,diff,2013-2025,baseline_ppg,p_at_5,0.012381,-0.006667,0.032385,0.899000,210,,
K,logit,pool,diff,2013-2025,baseline_ppg,p_at_1,0.076190,0.023474,0.128571,0.997500,210,,
K,logit,pool,diff,2013-2025,baseline_opponent,p_at_3,0.098413,0.041863,0.157251,0.999500,210,,
K,logit,pool,diff,2013-2025,baseline_opponent,p_at_5,0.100000,0.056731,0.145463,1.000000,210,,
K,logit,pool,diff,2013-2025,baseline_opponent,p_at_1,0.052381,-0.038835,0.156417,0.849000,210,,
K,lgbm,pool,diff,2013-2025,baseline_last_points,p_at_3,-0.026984,-0.066023,0.015951,0.091500,210,,
K,lgbm,pool,diff,2013-2025,baseline_last_points,p_at_5,-0.002857,-0.031731,0.024528,0.420000,210,,
K,lgbm,pool,diff,2013-2025,baseline_last_points,p_at_1,-0.023810,-0.080569,0.032864,0.191000,210,,
K,lgbm,pool,diff,2013-2025,baseline_ppg,p_at_3,-0.000000,-0.035088,0.034755,0.480000,210,,
K,lgbm,pool,diff,2013-2025,baseline_ppg,p_at_5,-0.002857,-0.028846,0.021801,0.395000,210,,
K,lgbm,pool,diff,2013-2025,baseline_ppg,p_at_1,0.033333,-0.014085,0.081340,0.901500,210,,
K,lgbm,pool,diff,2013-2025,baseline_opponent,p_at_3,0.065079,0.001610,0.126785,0.978500,210,,
K,lgbm,pool,diff,2013-2025,baseline_opponent,p_at_5,0.084762,0.032692,0.134906,0.999000,210,,
K,lgbm,pool,diff,2013-2025,baseline_opponent,p_at_1,0.009524,-0.090487,0.109005,0.582500,210,,
DST,logit,pool,pooled,2013-2025,,p_at_3,0.426448,0.395732,0.460881,,213,1424,532
DST,logit,pool,pooled,2013-2025,,p_at_5,0.391236,0.360747,0.422358,,213,1424,532
DST,logit,pool,pooled,2013-2025,,p_at_1,0.464789,0.394295,0.530240,,213,1424,532
DST,lgbm,pool,pooled,2013-2025,,p_at_3,0.381064,0.348983,0.411951,,213,1424,532
DST,lgbm,pool,pooled,2013-2025,,p_at_5,0.384664,0.347417,0.421993,,213,1424,532
DST,lgbm,pool,pooled,2013-2025,,p_at_1,0.403756,0.331754,0.471963,,213,1424,532
DST,baseline_last_points,pool,pooled,2013-2025,,p_at_3,0.373239,0.331782,0.417062,,213,1424,532
DST,baseline_last_points,pool,pooled,2013-2025,,p_at_5,0.374335,0.338733,0.411620,,213,1424,532
DST,baseline_last_points,pool,pooled,2013-2025,,p_at_1,0.389671,0.312774,0.476686,,213,1424,532
DST,baseline_ppg,pool,pooled,2013-2025,,p_at_3,0.381064,0.347287,0.415482,,213,1424,532
DST,baseline_ppg,pool,pooled,2013-2025,,p_at_5,0.376213,0.346805,0.406840,,213,1424,532
DST,baseline_ppg,pool,pooled,2013-2025,,p_at_1,0.403756,0.337963,0.481136,,213,1424,532
DST,baseline_opponent,pool,pooled,2013-2025,,p_at_3,0.432707,0.402775,0.459528,,213,1424,532
DST,baseline_opponent,pool,pooled,2013-2025,,p_at_5,0.401565,0.367203,0.430902,,213,1424,532
DST,baseline_opponent,pool,pooled,2013-2025,,p_at_1,0.497653,0.448113,0.553991,,213,1424,532
DST,logit,pool,diff,2013-2025,baseline_last_points,p_at_3,0.053208,0.016022,0.095917,0.999000,213,,
DST,logit,pool,diff,2013-2025,baseline_last_points,p_at_5,0.016901,0.001887,0.033645,0.986500,213,,
DST,logit,pool,diff,2013-2025,baseline_last_points,p_at_1,0.075117,0.009390,0.140862,0.985500,213,,
DST,logit,pool,diff,2013-2025,baseline_ppg,p_at_3,0.045383,0.010953,0.080628,0.995500,213,,
DST,logit,pool,diff,2013-2025,baseline_ppg,p_at_5,0.015023,-0.001869,0.031132,0.965500,213,,
DST,logit,pool,diff,2013-2025,baseline_ppg,p_at_1,0.061033,-0.014289,0.138889,0.933500,213,,
DST,logit,pool,diff,2013-2025,baseline_opponent,p_at_3,-0.006260,-0.023585,0.010905,0.259500,213,,
DST,logit,pool,diff,2013-2025,baseline_opponent,p_at_5,-0.010329,-0.024413,0.002817,0.061000,213,,
DST,logit,pool,diff,2013-2025,baseline_opponent,p_at_1,-0.032864,-0.097222,0.033179,0.167000,213,,
DST,lgbm,pool,diff,2013-2025,baseline_last_points,p_at_3,0.007825,-0.028044,0.047170,0.636000,213,,
DST,lgbm,pool,diff,2013-2025,baseline_last_points,p_at_5,0.010329,-0.007547,0.030841,0.856000,213,,
DST,lgbm,pool,diff,2013-2025,baseline_last_points,p_at_1,0.014085,-0.071437,0.102804,0.599500,213,,
DST,lgbm,pool,diff,2013-2025,baseline_ppg,p_at_3,-0.000000,-0.035826,0.042259,0.455500,213,,
DST,lgbm,pool,diff,2013-2025,baseline_ppg,p_at_5,0.008451,-0.012207,0.030986,0.784500,213,,
DST,lgbm,pool,diff,2013-2025,baseline_ppg,p_at_1,0.000000,-0.094787,0.083731,0.484500,213,,
DST,lgbm,pool,diff,2013-2025,baseline_opponent,p_at_3,-0.051643,-0.072332,-0.028169,0.000000,213,,
DST,lgbm,pool,diff,2013-2025,baseline_opponent,p_at_5,-0.016901,-0.032079,-0.002804,0.008000,213,,
DST,lgbm,pool,diff,2013-2025,baseline_opponent,p_at_1,-0.093897,-0.172093,-0.014149,0.007000,213,,
K,logit,pool,season,2013,,p_at_5,0.393333,,,,15,98,32
K,lgbm,pool,season,2013,,p_at_5,0.326667,,,,15,98,32
K,baseline_last_points,pool,season,2013,,p_at_5,0.406667,,,,15,98,32
K,baseline_ppg,pool,season,2013,,p_at_5,0.366667,,,,15,98,32
K,baseline_opponent,pool,season,2013,,p_at_5,0.366667,,,,15,98,32
K,logit,pool,season,2014,,p_at_5,0.426667,,,,15,141,49
K,lgbm,pool,season,2014,,p_at_5,0.440000,,,,15,141,49
K,baseline_last_points,pool,season,2014,,p_at_5,0.413333,,,,15,141,49
K,baseline_ppg,pool,season,2014,,p_at_5,0.426667,,,,15,141,49
K,baseline_opponent,pool,season,2014,,p_at_5,0.333333,,,,15,141,49
K,logit,pool,season,2015,,p_at_5,0.360000,,,,15,106,30
K,lgbm,pool,season,2015,,p_at_5,0.266667,,,,15,106,30
K,baseline_last_points,pool,season,2015,,p_at_5,0.386667,,,,15,106,30
K,baseline_ppg,pool,season,2015,,p_at_5,0.333333,,,,15,106,30
K,baseline_opponent,pool,season,2015,,p_at_5,0.373333,,,,15,106,30
K,logit,pool,season,2016,,p_at_5,0.337500,,,,16,129,37
K,lgbm,pool,season,2016,,p_at_5,0.350000,,,,16,129,37
K,baseline_last_points,pool,season,2016,,p_at_5,0.325000,,,,16,129,37
K,baseline_ppg,pool,season,2016,,p_at_5,0.300000,,,,16,129,37
K,baseline_opponent,pool,season,2016,,p_at_5,0.325000,,,,16,129,37
K,logit,pool,season,2017,,p_at_5,0.325000,,,,16,184,48
K,lgbm,pool,season,2017,,p_at_5,0.312500,,,,16,184,48
K,baseline_last_points,pool,season,2017,,p_at_5,0.312500,,,,16,184,48
K,baseline_ppg,pool,season,2017,,p_at_5,0.312500,,,,16,184,48
K,baseline_opponent,pool,season,2017,,p_at_5,0.237500,,,,16,184,48
K,logit,pool,season,2018,,p_at_5,0.375000,,,,16,158,47
K,lgbm,pool,season,2018,,p_at_5,0.425000,,,,16,158,47
K,baseline_last_points,pool,season,2018,,p_at_5,0.387500,,,,16,158,47
K,baseline_ppg,pool,season,2018,,p_at_5,0.375000,,,,16,158,47
K,baseline_opponent,pool,season,2018,,p_at_5,0.337500,,,,16,158,47
K,logit,pool,season,2019,,p_at_5,0.365625,,,,16,132,42
K,lgbm,pool,season,2019,,p_at_5,0.328125,,,,16,132,42
K,baseline_last_points,pool,season,2019,,p_at_5,0.328125,,,,16,132,42
K,baseline_ppg,pool,season,2019,,p_at_5,0.415625,,,,16,132,42
K,baseline_opponent,pool,season,2019,,p_at_5,0.315625,,,,16,132,42
K,logit,pool,season,2020,,p_at_5,0.400000,,,,16,304,43
K,lgbm,pool,season,2020,,p_at_5,0.412500,,,,16,304,43
K,baseline_last_points,pool,season,2020,,p_at_5,0.425000,,,,16,304,43
K,baseline_ppg,pool,season,2020,,p_at_5,0.362500,,,,16,304,43
K,baseline_opponent,pool,season,2020,,p_at_5,0.150000,,,,16,304,43
K,logit,pool,season,2021,,p_at_5,0.329412,,,,17,283,46
K,lgbm,pool,season,2021,,p_at_5,0.317647,,,,17,283,46
K,baseline_last_points,pool,season,2021,,p_at_5,0.270588,,,,17,283,46
K,baseline_ppg,pool,season,2021,,p_at_5,0.329412,,,,17,283,46
K,baseline_opponent,pool,season,2021,,p_at_5,0.188235,,,,17,283,46
K,logit,pool,season,2022,,p_at_5,0.423529,,,,17,188,43
K,lgbm,pool,season,2022,,p_at_5,0.352941,,,,17,188,43
K,baseline_last_points,pool,season,2022,,p_at_5,0.411765,,,,17,188,43
K,baseline_ppg,pool,season,2022,,p_at_5,0.341176,,,,17,188,43
K,baseline_opponent,pool,season,2022,,p_at_5,0.200000,,,,17,188,43
K,logit,pool,season,2023,,p_at_5,0.376471,,,,17,169,42
K,lgbm,pool,season,2023,,p_at_5,0.364706,,,,17,169,42
K,baseline_last_points,pool,season,2023,,p_at_5,0.329412,,,,17,169,42
K,baseline_ppg,pool,season,2023,,p_at_5,0.411765,,,,17,169,42
K,baseline_opponent,pool,season,2023,,p_at_5,0.223529,,,,17,169,42
K,logit,pool,season,2024,,p_at_5,0.423529,,,,17,204,51
K,lgbm,pool,season,2024,,p_at_5,0.447059,,,,17,204,51
K,baseline_last_points,pool,season,2024,,p_at_5,0.364706,,,,17,204,51
K,baseline_ppg,pool,season,2024,,p_at_5,0.376471,,,,17,204,51
K,baseline_opponent,pool,season,2024,,p_at_5,0.247059,,,,17,204,51
K,logit,pool,season,2025,,p_at_5,0.388235,,,,17,222,61
K,lgbm,pool,season,2025,,p_at_5,0.376471,,,,17,222,61
K,baseline_last_points,pool,season,2025,,p_at_5,0.411765,,,,17,222,61
K,baseline_ppg,pool,season,2025,,p_at_5,0.411765,,,,17,222,61
K,baseline_opponent,pool,season,2025,,p_at_5,0.352941,,,,17,222,61
DST,logit,pool,season,2013,,p_at_5,0.491667,,,,16,84,40
DST,lgbm,pool,season,2013,,p_at_5,0.504167,,,,16,84,40
DST,baseline_last_points,pool,season,2013,,p_at_5,0.491667,,,,16,84,40
DST,baseline_ppg,pool,season,2013,,p_at_5,0.479167,,,,16,84,40
DST,baseline_opponent,pool,season,2013,,p_at_5,0.479167,,,,16,84,40
DST,logit,pool,season,2014,,p_at_5,0.312500,,,,16,111,35
DST,lgbm,pool,season,2014,,p_at_5,0.300000,,,,16,111,35
DST,baseline_last_points,pool,season,2014,,p_at_5,0.325000,,,,16,111,35
DST,baseline_ppg,pool,season,2014,,p_at_5,0.325000,,,,16,111,35
DST,baseline_opponent,pool,season,2014,,p_at_5,0.375000,,,,16,111,35
DST,logit,pool,season,2015,,p_at_5,0.431250,,,,16,99,41
DST,lgbm,pool,season,2015,,p_at_5,0.418750,,,,16,99,41
DST,baseline_last_points,pool,season,2015,,p_at_5,0.418750,,,,16,99,41
DST,baseline_ppg,pool,season,2015,,p_at_5,0.418750,,,,16,99,41
DST,baseline_opponent,pool,season,2015,,p_at_5,0.418750,,,,16,99,41
DST,logit,pool,season,2016,,p_at_5,0.362500,,,,16,109,40
DST,lgbm,pool,season,2016,,p_at_5,0.337500,,,,16,109,40
DST,baseline_last_points,pool,season,2016,,p_at_5,0.375000,,,,16,109,40
DST,baseline_ppg,pool,season,2016,,p_at_5,0.337500,,,,16,109,40
DST,baseline_opponent,pool,season,2016,,p_at_5,0.387500,,,,16,109,40
DST,logit,pool,season,2017,,p_at_5,0.490625,,,,16,98,44
DST,lgbm,pool,season,2017,,p_at_5,0.478125,,,,16,98,44
DST,baseline_last_points,pool,season,2017,,p_at_5,0.478125,,,,16,98,44
DST,baseline_ppg,pool,season,2017,,p_at_5,0.440625,,,,16,98,44
DST,baseline_opponent,pool,season,2017,,p_at_5,0.478125,,,,16,98,44
DST,logit,pool,season,2018,,p_at_5,0.400000,,,,16,92,36
DST,lgbm,pool,season,2018,,p_at_5,0.412500,,,,16,92,36
DST,baseline_last_points,pool,season,2018,,p_at_5,0.425000,,,,16,92,36
DST,baseline_ppg,pool,season,2018,,p_at_5,0.412500,,,,16,92,36
DST,baseline_opponent,pool,season,2018,,p_at_5,0.437500,,,,16,92,36
DST,logit,pool,season,2019,,p_at_5,0.381250,,,,16,111,40
DST,lgbm,pool,season,2019,,p_at_5,0.368750,,,,16,111,40
DST,baseline_last_points,pool,season,2019,,p_at_5,0.343750,,,,16,111,40
DST,baseline_ppg,pool,season,2019,,p_at_5,0.356250,,,,16,111,40
DST,baseline_opponent,pool,season,2019,,p_at_5,0.406250,,,,16,111,40
DST,logit,pool,season,2020,,p_at_5,0.375000,,,,16,138,45
DST,lgbm,pool,season,2020,,p_at_5,0.375000,,,,16,138,45
DST,baseline_last_points,pool,season,2020,,p_at_5,0.287500,,,,16,138,45
DST,baseline_ppg,pool,season,2020,,p_at_5,0.312500,,,,16,138,45
DST,baseline_opponent,pool,season,2020,,p_at_5,0.387500,,,,16,138,45
DST,logit,pool,season,2021,,p_at_5,0.305882,,,,17,115,35
DST,lgbm,pool,season,2021,,p_at_5,0.282353,,,,17,115,35
DST,baseline_last_points,pool,season,2021,,p_at_5,0.270588,,,,17,115,35
DST,baseline_ppg,pool,season,2021,,p_at_5,0.305882,,,,17,115,35
DST,baseline_opponent,pool,season,2021,,p_at_5,0.270588,,,,17,115,35
DST,logit,pool,season,2022,,p_at_5,0.442157,,,,17,102,41
DST,lgbm,pool,season,2022,,p_at_5,0.442157,,,,17,102,41
DST,baseline_last_points,pool,season,2022,,p_at_5,0.406863,,,,17,102,41
DST,baseline_ppg,pool,season,2022,,p_at_5,0.418627,,,,17,102,41
DST,baseline_opponent,pool,season,2022,,p_at_5,0.442157,,,,17,102,41
DST,logit,pool,season,2023,,p_at_5,0.376471,,,,17,142,57
DST,lgbm,pool,season,2023,,p_at_5,0.364706,,,,17,142,57
DST,baseline_last_points,pool,season,2023,,p_at_5,0.388235,,,,17,142,57
DST,baseline_ppg,pool,season,2023,,p_at_5,0.423529,,,,17,142,57
DST,baseline_opponent,pool,season,2023,,p_at_5,0.400000,,,,17,142,57
DST,logit,pool,season,2024,,p_at_5,0.317647,,,,17,111,35
DST,lgbm,pool,season,2024,,p_at_5,0.282353,,,,17,111,35
DST,baseline_last_points,pool,season,2024,,p_at_5,0.294118,,,,17,111,35
DST,baseline_ppg,pool,season,2024,,p_at_5,0.317647,,,,17,111,35
DST,baseline_opponent,pool,season,2024,,p_at_5,0.317647,,,,17,111,35
DST,logit,pool,season,2025,,p_at_5,0.405882,,,,17,112,43
DST,lgbm,pool,season,2025,,p_at_5,0.441176,,,,17,112,43
DST,baseline_last_points,pool,season,2025,,p_at_5,0.370588,,,,17,112,43
DST,baseline_ppg,pool,season,2025,,p_at_5,0.347059,,,,17,112,43
DST,baseline_opponent,pool,season,2025,,p_at_5,0.429412,,,,17,112,43
K,constant,pool,brier,2013-2025,,brier,0.187786,,,,,,
K,logit,pool,brier,2013-2025,,brier,0.169885,,,,,,
K,lgbm,pool,brier,2013-2025,,brier,0.170691,,,,,,
K,logit,pool,calibration,2013-2025,0.0-0.1,observed,0.048148,,,,,810,39
K,logit,pool,calibration,2013-2025,0.1-0.2,observed,0.242647,,,,,136,33
K,logit,pool,calibration,2013-2025,0.2-0.3,observed,0.340741,,,,,405,138
K,logit,pool,calibration,2013-2025,0.3-0.4,observed,0.378378,,,,,444,168
K,logit,pool,calibration,2013-2025,0.4-0.5,observed,0.353933,,,,,356,126
K,logit,pool,calibration,2013-2025,0.5-0.6,observed,0.388889,,,,,108,42
K,logit,pool,calibration,2013-2025,0.6-0.7,observed,0.414634,,,,,41,17
K,logit,pool,calibration,2013-2025,0.7-0.8,observed,1.000000,,,,,2,2
K,logit,pool,calibration,2013-2025,0.8-0.9,observed,0.500000,,,,,2,1
K,logit,pool,calibration,2013-2025,0.9-1.0,observed,0.357143,,,,,14,5
DST,constant,pool,brier,2013-2025,,brier,0.235027,,,,,,
DST,logit,pool,brier,2013-2025,,brier,0.249769,,,,,,
DST,lgbm,pool,brier,2013-2025,,brier,0.267514,,,,,,
DST,logit,pool,calibration,2013-2025,0.0-0.1,observed,0.307692,,,,,39,12
DST,logit,pool,calibration,2013-2025,0.1-0.2,observed,0.200000,,,,,40,8
DST,logit,pool,calibration,2013-2025,0.2-0.3,observed,0.307167,,,,,293,90
DST,logit,pool,calibration,2013-2025,0.3-0.4,observed,0.441463,,,,,410,181
DST,logit,pool,calibration,2013-2025,0.4-0.5,observed,0.373602,,,,,447,167
DST,logit,pool,calibration,2013-2025,0.5-0.6,observed,0.389831,,,,,118,46
DST,logit,pool,calibration,2013-2025,0.6-0.7,observed,0.480000,,,,,25,12
DST,logit,pool,calibration,2013-2025,0.7-0.8,observed,0.300000,,,,,30,9
DST,logit,pool,calibration,2013-2025,0.8-0.9,observed,0.266667,,,,,15,4
DST,logit,pool,calibration,2013-2025,0.9-1.0,observed,0.428571,,,,,7,3
K,logit,universe,pooled,2013-2025,,p_at_3,0.377778,0.330128,0.420221,,210,,
K,logit,universe,diff,2013-2025,logit trained on pool,p_at_3,-0.026984,-0.068269,0.014356,0.106000,210,,
K,logit,universe,pooled,2013-2025,,p_at_5,0.369286,0.340669,0.392550,,210,,
K,logit,universe,diff,2013-2025,logit trained on pool,p_at_5,-0.009524,-0.028169,0.006542,0.127000,210,,
K,logit,universe,pooled,2013-2025,,p_at_1,0.385714,0.310976,0.449275,,210,,
K,logit,universe,diff,2013-2025,logit trained on pool,p_at_1,-0.042857,-0.122080,0.028708,0.112000,210,,
K,lgbm,universe,pooled,2013-2025,,p_at_3,0.392063,0.363636,0.415132,,210,,
K,lgbm,universe,diff,2013-2025,lgbm trained on pool,p_at_3,0.020635,-0.018692,0.058262,0.864000,210,,
K,lgbm,universe,pooled,2013-2025,,p_at_5,0.383571,0.369811,0.395874,,210,,
K,lgbm,universe,diff,2013-2025,lgbm trained on pool,p_at_5,0.020000,-0.001878,0.041346,0.965500,210,,
K,lgbm,universe,pooled,2013-2025,,p_at_1,0.414286,0.359223,0.466981,,210,,
K,lgbm,universe,diff,2013-2025,lgbm trained on pool,p_at_1,0.028571,-0.014423,0.070423,0.871500,210,,
DST,logit,universe,pooled,2013-2025,,p_at_3,0.407668,0.371670,0.442308,,213,,
DST,logit,universe,diff,2013-2025,logit trained on pool,p_at_3,-0.018779,-0.048292,0.009390,0.112000,213,,
DST,logit,universe,pooled,2013-2025,,p_at_5,0.392175,0.356156,0.425118,,213,,
DST,logit,universe,diff,2013-2025,logit trained on pool,p_at_5,0.000939,-0.014085,0.015888,0.552000,213,,
DST,logit,universe,pooled,2013-2025,,p_at_1,0.478873,0.415888,0.533019,,213,,
DST,logit,universe,diff,2013-2025,logit trained on pool,p_at_1,0.014085,-0.051887,0.080198,0.617500,213,,
DST,lgbm,universe,pooled,2013-2025,,p_at_3,0.423318,0.375389,0.468902,,213,,
DST,lgbm,universe,diff,2013-2025,lgbm trained on pool,p_at_3,0.042254,0.015432,0.068537,0.999500,213,,
DST,lgbm,universe,pooled,2013-2025,,p_at_5,0.394053,0.363331,0.420776,,213,,
DST,lgbm,universe,diff,2013-2025,lgbm trained on pool,p_at_5,0.009390,-0.009346,0.028841,0.829500,213,,
DST,lgbm,universe,pooled,2013-2025,,p_at_1,0.521127,0.443396,0.602826,,213,,
DST,lgbm,universe,diff,2013-2025,lgbm trained on pool,p_at_1,0.117371,0.055814,0.197206,1.000000,213,,
