position,season,method,n_asofs,universe_avg,pool_avg,pool_min,pool_max,n_pool_rows,n_final,n_bye,n_pending,n_season_end,n_start,start_rate,start_rate_outside_pool,starts_per_week,team_kicker_pool_avg,start_rate_team_kicker,n_owned_known,share_owned_below_50
K,2012,prior_ppg,16,33.0,5.625,4,7,90,75,8,0,7,30,0.4,0.4378,13.2667,5.0,0.4545,0,
K,2013,prior_ppg,16,32.5625,7.0625,5,8,113,98,8,0,7,32,0.3265,0.4749,13.4667,6.6875,0.3478,0,
K,2014,prior_ppg,16,33.375,10.1875,9,12,163,141,11,0,11,49,0.3475,0.4615,13.2667,8.875,0.3984,0,
K,2015,prior_ppg,16,33.25,7.6875,5,9,123,106,8,0,9,30,0.283,0.4571,13.0,6.25,0.3529,0,
K,2016,prior_ppg,17,33.4118,8.3529,7,20,142,129,6,0,7,37,0.2868,0.4626,13.125,7.3529,0.3214,0,
K,2017,prior_ppg,17,33.9412,12.1765,8,22,207,184,9,0,14,48,0.2609,0.462,12.5,10.4706,0.293,0,
K,2018,prior_ppg,17,35.1765,10.5882,7,27,180,158,11,0,11,47,0.2975,0.4194,12.6875,8.6471,0.3543,0,
K,2019,prior_ppg,17,33.7647,8.7059,5,19,148,132,7,0,9,42,0.3182,0.435,12.875,7.4706,0.375,0,
K,2020,ecr,17,46.4706,20.2941,15,23,345,304,18,0,23,43,0.1414,0.422,13.0,7.3529,0.3604,94,1.0
K,2021,ecr,18,41.7222,17.9444,15,21,323,283,19,0,21,46,0.1625,0.4569,13.0,8.4444,0.3282,173,1.0
K,2022,ecr,18,38.3333,11.6667,8,26,210,188,10,0,12,43,0.2287,0.3986,12.4706,6.5556,0.3942,119,1.0
K,2023,ecr,18,35.1111,10.5556,8,14,190,169,11,0,10,42,0.2485,0.4541,12.9412,7.2222,0.3621,135,0.9852
K,2024,ecr,18,37.8889,12.7222,9,23,229,204,12,0,13,51,0.25,0.4035,12.5882,7.6111,0.4167,120,1.0
K,2025,ecr,18,38.5,13.7222,12,17,247,222,13,0,12,61,0.2748,0.4156,13.2941,9.1111,0.3878,119,0.9328
DST,2012,prior_ppg,17,32.0,7.2353,6,8,123,106,9,0,8,32,0.3019,0.4465,12.4375,0.0,,0,
DST,2013,prior_ppg,17,32.0,6.2353,4,7,106,94,5,0,7,36,0.383,0.4404,12.875,0.0,,0,
DST,2014,prior_ppg,17,32.0,6.2941,3,8,107,92,7,0,8,32,0.3478,0.4381,12.625,0.0,,0,
DST,2015,prior_ppg,17,32.0,7.0588,6,8,120,105,7,0,8,41,0.3905,0.432,12.6875,0.0,,0,
DST,2016,prior_ppg,17,32.0,7.1765,6,8,122,108,7,0,7,37,0.3426,0.4597,13.0,0.0,,0,
DST,2017,prior_ppg,17,32.0,7.4118,6,8,126,110,8,0,8,36,0.3273,0.457,12.875,0.0,,0,
DST,2018,prior_ppg,17,32.0,7.4706,6,9,127,111,7,0,9,38,0.3423,0.4526,12.8125,0.0,,0,
DST,2019,prior_ppg,17,32.0,8.2353,6,10,140,123,8,0,9,36,0.2927,0.4678,12.6875,0.0,,0,
DST,2020,ecr,17,32.0,8.7059,8,10,148,131,9,0,8,35,0.2672,0.4842,12.75,0.0,,104,0.9904
DST,2021,ecr,18,32.0,7.6111,6,9,137,121,7,0,9,37,0.3058,0.4476,12.4706,0.0,,137,0.9854
DST,2022,ecr,18,32.0,8.3889,7,10,151,133,8,0,10,51,0.3835,0.4403,12.7647,0.0,,143,1.0
DST,2023,ecr,18,32.0,8.4444,6,10,152,138,7,0,7,57,0.413,0.4358,12.9412,0.0,,146,0.9863
DST,2024,ecr,18,32.0,6.7222,4,8,121,108,6,0,7,36,0.3333,0.4455,12.7059,0.0,,101,0.9901
DST,2025,ecr,18,32.0,7.4444,4,9,134,117,9,0,8,41,0.3504,0.4405,12.6471,0.0,,130,1.0
