variant,slice,model,vs,metric,value,lo,hi,share_above_zero
cliff_main,all,logit,,pr_auc,0.3626148099513308,0.32152689844928495,0.4089026778396002,
cliff_main,all,logit,,roc_auc,0.6619451229841905,0.6396920905569158,0.6884921290554111,
cliff_main,all,logit,,brier,0.1708244028692628,0.15875940460127289,0.18296670950328678,
cliff_main,all,logit,,p_at_10,0.43333333333333335,0.35000000000000003,0.5166666666666667,
cliff_main,all,logit,,p_at_20,0.36111111111111116,0.3138888888888889,0.4083333333333334,
cliff_main,all,lgbm,,pr_auc,0.34867026155793424,0.3028845683935145,0.402175525494239,
cliff_main,all,lgbm,,roc_auc,0.6501617565891219,0.6119693097174664,0.6831173227127479,
cliff_main,all,lgbm,,brier,0.1722845363587908,0.15948657673255823,0.18533674912590792,
cliff_main,all,lgbm,,p_at_10,0.43333333333333335,0.35,0.5166666666666666,
cliff_main,all,lgbm,,p_at_20,0.36666666666666664,0.3193750000000001,0.4138888888888889,
cliff_main,all,base_ppg_rank,,pr_auc,0.2545697621487117,0.22543842820838095,0.2952046256929918,
cliff_main,all,base_ppg_rank,,roc_auc,0.5282377275385128,0.4945305194177315,0.5619513363761697,
cliff_main,all,base_ppg_rank,,brier,0.1804924480584491,0.1676362919440165,0.19298026257283074,
cliff_main,all,base_ppg_rank,,p_at_10,0.2611111111111111,0.21111111111111114,0.31666666666666665,
cliff_main,all,base_ppg_rank,,p_at_20,0.2638888888888889,0.22499999999999998,0.3027777777777778,
cliff_main,all,logit,base_ppg_rank,pr_auc_diff,0.10804504780261909,0.07594473264379971,0.14282348335266623,1.0
cliff_main,all,logit,base_ppg_rank,p_at_10_diff,0.17222222222222222,0.10555555555555556,0.2277777777777778,1.0
cliff_main,all,logit,base_ppg_rank,p_at_20_diff,0.09722222222222224,0.05277777777777778,0.14722222222222225,1.0
cliff_main,all,lgbm,base_ppg_rank,pr_auc_diff,0.09410049940922255,0.06264194658159773,0.13078462914216202,1.0
cliff_main,all,lgbm,base_ppg_rank,p_at_10_diff,0.17222222222222225,0.09999999999999999,0.24444444444444446,1.0
cliff_main,all,lgbm,base_ppg_rank,p_at_20_diff,0.10277777777777779,0.05277777777777778,0.1527777777777778,1.0
cliff_main,ecr_era,logit,,pr_auc,0.41008368699389763,0.3411133221083803,0.48441267849477865,
cliff_main,ecr_era,logit,,roc_auc,0.6872061128526645,0.662195153290674,0.720346045552307,
cliff_main,ecr_era,logit,,brier,0.17262285832439292,0.15389922806150083,0.19048130321104983,
cliff_main,ecr_era,logit,,p_at_10,0.48333333333333334,0.31666666666666665,0.6833333333333332,
cliff_main,ecr_era,logit,,p_at_20,0.4166666666666667,0.36666666666666664,0.4585416666666656,
cliff_main,ecr_era,lgbm,,pr_auc,0.423200835312834,0.3604396113498801,0.49901498395404487,
cliff_main,ecr_era,lgbm,,roc_auc,0.7013616771159875,0.6803340421761475,0.7416155917617283,
cliff_main,ecr_era,lgbm,,brier,0.1696065055030214,0.14779127784453544,0.19056981694796493,
cliff_main,ecr_era,lgbm,,p_at_10,0.5333333333333333,0.39999999999999997,0.6833333333333332,
cliff_main,ecr_era,lgbm,,p_at_20,0.45,0.39999999999999997,0.5,
cliff_main,ecr_era,base_ppg_rank,,pr_auc,0.29883906503914437,0.23419596555960118,0.38100283638460924,
cliff_main,ecr_era,base_ppg_rank,,roc_auc,0.5583121081504702,0.4987201153138824,0.629128619925112,
cliff_main,ecr_era,base_ppg_rank,,brier,0.18533498621206665,0.16331025283632358,0.20608124650640278,
cliff_main,ecr_era,base_ppg_rank,,p_at_10,0.3166666666666666,0.21666666666666665,0.43333333333333335,
cliff_main,ecr_era,base_ppg_rank,,p_at_20,0.2916666666666667,0.2333333333333333,0.35000000000000003,
cliff_main,ecr_era,ecr,,pr_auc,0.5028445623048867,0.42413253764192677,0.5695016677957978,
cliff_main,ecr_era,ecr,,roc_auc,0.7370689655172413,0.7047926267281106,0.7625893437296946,
cliff_main,ecr_era,ecr,,p_at_10,0.5333333333333333,0.4166666666666667,0.6499999999999999,
cliff_main,ecr_era,ecr,,p_at_20,0.45,0.375,0.525,
cliff_main,ecr_era,logit,base_ppg_rank,pr_auc_diff,0.11124462195475326,0.052090943154749325,0.17697697773871135,1.0
cliff_main,ecr_era,logit,base_ppg_rank,p_at_10_diff,0.16666666666666666,0.08333333333333333,0.25041666666666446,1.0
cliff_main,ecr_era,logit,base_ppg_rank,p_at_20_diff,0.125,0.075,0.18333333333333335,1.0
cliff_main,ecr_era,logit,ecr,pr_auc_diff,-0.09276087531098909,-0.1469635129835124,-0.022843020715774442,0.002
cliff_main,ecr_era,logit,ecr,p_at_10_diff,-0.04999999999999998,-0.18333333333333332,0.08374999999999777,0.28
cliff_main,ecr_era,logit,ecr,p_at_20_diff,-0.03333333333333333,-0.09166666666666666,0.016666666666666663,0.0825
cliff_main,ecr_era,lgbm,base_ppg_rank,pr_auc_diff,0.12436177027368961,0.07177199151729742,0.2066600872676247,1.0
cliff_main,ecr_era,lgbm,base_ppg_rank,p_at_10_diff,0.21666666666666665,0.1333333333333333,0.3499999999999999,1.0
cliff_main,ecr_era,lgbm,base_ppg_rank,p_at_20_diff,0.15833333333333333,0.09999999999999998,0.225,1.0
cliff_main,ecr_era,lgbm,ecr,pr_auc_diff,-0.07964372699205274,-0.11790938661853267,-0.015519250929370834,0.0095
cliff_main,ecr_era,lgbm,ecr,p_at_10_diff,1.850371707708594e-17,-0.11666666666666664,0.15000000000000002,0.5185
cliff_main,ecr_era,lgbm,ecr,p_at_20_diff,0.0,-0.06666666666666667,0.075,0.4555
cliff_main,ecr_era,base_ppg_rank,ecr,pr_auc_diff,-0.20400549726574235,-0.25395381139337736,-0.15167479553359953,0.0
cliff_main,ecr_era,base_ppg_rank,ecr,p_at_10_diff,-0.21666666666666665,-0.3,-0.13333333333333333,0.0
cliff_main,ecr_era,base_ppg_rank,ecr,p_at_20_diff,-0.15833333333333333,-0.18333333333333335,-0.13333333333333333,0.0
cliff_main,ecr_era,ecr,base_ppg_rank,pr_auc_diff,0.20400549726574235,0.15167479553359953,0.2539538113933773,1.0
cliff_main,ecr_era,ecr,base_ppg_rank,p_at_10_diff,0.21666666666666665,0.13333333333333333,0.3,1.0
cliff_main,ecr_era,ecr,base_ppg_rank,p_at_20_diff,0.15833333333333333,0.13333333333333333,0.18333333333333335,1.0
cliff_missed,all,logit_simple,,pr_auc,0.38412697167643356,0.32976005301989636,0.4388129520086133,
cliff_missed,all,logit_simple,,roc_auc,0.7193432874265412,0.6845723497332419,0.7486511540718557,
cliff_missed,all,logit_simple,,brier,0.11301528993521998,0.10157765090905062,0.12510589839193814,
cliff_missed,all,logit_simple,,p_at_10,0.43333333333333335,0.36111111111111116,0.5,
cliff_missed,all,logit_simple,,p_at_20,0.32222222222222224,0.2694444444444445,0.375,
cliff_missed,all,base_ppg_rank,,pr_auc,0.2424689339193261,0.20894829025870693,0.2814696410397968,
cliff_missed,all,base_ppg_rank,,roc_auc,0.6631562296142206,0.6347142521580541,0.692428879108874,
cliff_missed,all,base_ppg_rank,,brier,0.12224292300249705,0.1105281051087292,0.13511519302671215,
cliff_missed,all,base_ppg_rank,,p_at_10,0.2833333333333334,0.21666666666666667,0.35000000000000003,
cliff_missed,all,base_ppg_rank,,p_at_20,0.26388888888888895,0.21666666666666667,0.3111111111111111,
cliff_missed,all,logit_simple,base_ppg_rank,pr_auc_diff,0.14165803775710745,0.07873167419098177,0.20434898057745055,1.0
cliff_missed,all,logit_simple,base_ppg_rank,p_at_10_diff,0.15000000000000002,0.0611111111111111,0.23333333333333328,1.0
cliff_missed,all,logit_simple,base_ppg_rank,p_at_20_diff,0.058333333333333334,0.002777777777777771,0.11388888888888887,0.977
cliff_missed,ecr_era,logit_simple,,pr_auc,0.35199752763284214,0.23349252589346672,0.48414365371715096,
cliff_missed,ecr_era,logit_simple,,roc_auc,0.7292065314453374,0.6884453452671335,0.7643519271426248,
cliff_missed,ecr_era,logit_simple,,brier,0.09856642428495903,0.08384038432855129,0.11575835550072351,
cliff_missed,ecr_era,logit_simple,,p_at_10,0.3833333333333333,0.25,0.5333333333333333,
cliff_missed,ecr_era,logit_simple,,p_at_20,0.2833333333333334,0.19166666666666668,0.4083333333333334,
cliff_missed,ecr_era,base_ppg_rank,,pr_auc,0.17776673203382357,0.12298122513944988,0.2572763367273061,
cliff_missed,ecr_era,base_ppg_rank,,roc_auc,0.6482331930093124,0.603039041703638,0.6966587516960652,
cliff_missed,ecr_era,base_ppg_rank,,brier,0.1079608114597689,0.08879866820793837,0.13260809640363017,
cliff_missed,ecr_era,base_ppg_rank,,p_at_10,0.20000000000000004,0.10000000000000002,0.3,
cliff_missed,ecr_era,base_ppg_rank,,p_at_20,0.19166666666666668,0.10833333333333334,0.2916666666666667,
cliff_missed,ecr_era,ecr,,pr_auc,0.5695702996784392,0.47918799010817564,0.6618423159959381,
cliff_missed,ecr_era,ecr,,roc_auc,0.8150752647021303,0.7517335913562329,0.8753086419753087,
cliff_missed,ecr_era,ecr,,p_at_10,0.5166666666666667,0.4166666666666667,0.65,
cliff_missed,ecr_era,ecr,,p_at_20,0.35833333333333334,0.2833333333333334,0.4585416666666655,
cliff_missed,ecr_era,logit_simple,base_ppg_rank,pr_auc_diff,0.17423079559901858,0.0808513240806524,0.24591008514280194,1.0
cliff_missed,ecr_era,logit_simple,base_ppg_rank,p_at_10_diff,0.18333333333333335,0.06666666666666665,0.30000000000000004,1.0
cliff_missed,ecr_era,logit_simple,base_ppg_rank,p_at_20_diff,0.09166666666666667,-9.25185853854297e-18,0.18333333333333335,0.9595
cliff_missed,ecr_era,logit_simple,ecr,pr_auc_diff,-0.21757277204559705,-0.3754566630161329,-0.11284218226790033,0.0
cliff_missed,ecr_era,logit_simple,ecr,p_at_10_diff,-0.13333333333333333,-0.25,-0.033333333333333354,0.0
cliff_missed,ecr_era,logit_simple,ecr,p_at_20_diff,-0.07499999999999998,-0.12499999999999996,-0.02499999999999999,0.0
cliff_missed,ecr_era,base_ppg_rank,ecr,pr_auc_diff,-0.39180356764461566,-0.49024242212046143,-0.2915323746217685,0.0
cliff_missed,ecr_era,base_ppg_rank,ecr,p_at_10_diff,-0.31666666666666665,-0.43333333333333335,-0.19999999999999998,0.0
cliff_missed,ecr_era,base_ppg_rank,ecr,p_at_20_diff,-0.16666666666666663,-0.25,-0.04999999999999998,0.003
cliff_missed,ecr_era,ecr,base_ppg_rank,pr_auc_diff,0.39180356764461566,0.29153237462176834,0.49024242212046126,1.0
cliff_missed,ecr_era,ecr,base_ppg_rank,p_at_10_diff,0.31666666666666665,0.19999999999999998,0.43333333333333335,1.0
cliff_missed,ecr_era,ecr,base_ppg_rank,p_at_20_diff,0.16666666666666663,0.04999999999999998,0.25,0.997
cliff_sensitivity,all,logit,,pr_auc,0.5347666048252044,0.4899819719835576,0.5788757973334386,
cliff_sensitivity,all,logit,,roc_auc,0.6841354405482266,0.6576125870924399,0.7088252981536458,
cliff_sensitivity,all,logit,,brier,0.20592460448441452,0.19837670512561367,0.2144844172893838,
cliff_sensitivity,all,logit,,p_at_10,0.6499999999999999,0.5833333333333335,0.7055555555555555,
cliff_sensitivity,all,logit,,p_at_20,0.5888888888888889,0.5361111111111111,0.638888888888889,
cliff_sensitivity,all,lgbm,,pr_auc,0.513756532840034,0.4613712354945183,0.5702631917179057,
cliff_sensitivity,all,lgbm,,roc_auc,0.6868892584658173,0.6618987104759723,0.7126980337430312,
cliff_sensitivity,all,lgbm,,brier,0.20725702122819462,0.20034571986265723,0.21441297461105324,
cliff_sensitivity,all,lgbm,,p_at_10,0.6166666666666667,0.5333333333333333,0.688888888888889,
cliff_sensitivity,all,lgbm,,p_at_20,0.5638888888888888,0.5027777777777778,0.6194444444444445,
cliff_sensitivity,all,base_ppg_rank,,pr_auc,0.4326238880302652,0.3998466009801333,0.46808494191732186,
cliff_sensitivity,all,base_ppg_rank,,roc_auc,0.6037125255258641,0.5793648706215299,0.6299348989713148,
cliff_sensitivity,all,base_ppg_rank,,brier,0.22142422393228234,0.2145060724852272,0.2275133231139677,
cliff_sensitivity,all,base_ppg_rank,,p_at_10,0.47777777777777775,0.41111111111111115,0.5444444444444444,
cliff_sensitivity,all,base_ppg_rank,,p_at_20,0.4833333333333334,0.4444444444444444,0.5166666666666667,
cliff_sensitivity,all,logit,base_ppg_rank,pr_auc_diff,0.10214271679493925,0.06022992944709872,0.1393579905620202,1.0
cliff_sensitivity,all,logit,base_ppg_rank,p_at_10_diff,0.17222222222222222,0.07777777777777778,0.2611111111111111,0.9995
cliff_sensitivity,all,logit,base_ppg_rank,p_at_20_diff,0.10555555555555556,0.05833333333333331,0.15555555555555556,1.0
cliff_sensitivity,all,lgbm,base_ppg_rank,pr_auc_diff,0.08113264480976878,0.04332970918881978,0.1258326361448466,1.0
cliff_sensitivity,all,lgbm,base_ppg_rank,p_at_10_diff,0.13888888888888892,0.04444444444444447,0.2222222222222222,0.999
cliff_sensitivity,all,lgbm,base_ppg_rank,p_at_20_diff,0.08055555555555555,0.033333333333333326,0.13055555555555554,1.0
cliff_sensitivity,ecr_era,logit,,pr_auc,0.545633485518119,0.4731955147432488,0.6095196178326517,
cliff_sensitivity,ecr_era,logit,,roc_auc,0.6959295827123696,0.6724073028420855,0.7213461897579545,
cliff_sensitivity,ecr_era,logit,,brier,0.20115873417335137,0.19092743882663077,0.2119938642603581,
cliff_sensitivity,ecr_era,logit,,p_at_10,0.6666666666666666,0.5499999999999999,0.75,
cliff_sensitivity,ecr_era,logit,,p_at_20,0.6416666666666666,0.5750000000000001,0.7000000000000001,
cliff_sensitivity,ecr_era,lgbm,,pr_auc,0.5171135173875117,0.40905203849705096,0.6199516773753132,
cliff_sensitivity,ecr_era,lgbm,,roc_auc,0.7105688027819176,0.6759302289556031,0.743231685737879,
cliff_sensitivity,ecr_era,lgbm,,brier,0.20103461618112908,0.18885904225085878,0.21208140943000267,
cliff_sensitivity,ecr_era,lgbm,,p_at_10,0.5833333333333334,0.4000000000000001,0.7333333333333334,
cliff_sensitivity,ecr_era,lgbm,,p_at_20,0.5666666666666667,0.45,0.65,
cliff_sensitivity,ecr_era,base_ppg_rank,,pr_auc,0.4167619185147352,0.35030061119989436,0.4917853903173995,
cliff_sensitivity,ecr_era,base_ppg_rank,,roc_auc,0.5977785022354695,0.5622661122661122,0.6398588882562326,
cliff_sensitivity,ecr_era,base_ppg_rank,,brier,0.21962775293407416,0.2066237068216911,0.23119453311273688,
cliff_sensitivity,ecr_era,base_ppg_rank,,p_at_10,0.5,0.39999999999999997,0.5833333333333334,
cliff_sensitivity,ecr_era,base_ppg_rank,,p_at_20,0.45,0.3666666666666667,0.5333333333333333,
cliff_sensitivity,ecr_era,ecr,,pr_auc,0.6889780812469707,0.6371356444770778,0.7357736479218051,
cliff_sensitivity,ecr_era,ecr,,roc_auc,0.7783469945355191,0.7407528874142594,0.8063702669149596,
cliff_sensitivity,ecr_era,ecr,,p_at_10,0.8500000000000001,0.7833333333333332,0.9333333333333332,
cliff_sensitivity,ecr_era,ecr,,p_at_20,0.6416666666666666,0.5583333333333333,0.7250000000000001,
cliff_sensitivity,ecr_era,logit,base_ppg_rank,pr_auc_diff,0.12887156700338376,0.08671862571204506,0.17502842643704286,1.0
cliff_sensitivity,ecr_era,logit,base_ppg_rank,p_at_10_diff,0.16666666666666666,0.09999999999999998,0.23333333333333336,1.0
cliff_sensitivity,ecr_era,logit,base_ppg_rank,p_at_20_diff,0.19166666666666665,0.13333333333333333,0.25,1.0
cliff_sensitivity,ecr_era,logit,ecr,pr_auc_diff,-0.14334459572885172,-0.19548164561873133,-0.0800289930691439,0.0
cliff_sensitivity,ecr_era,logit,ecr,p_at_10_diff,-0.18333333333333335,-0.2833333333333334,-0.08333333333333337,0.0
cliff_sensitivity,ecr_era,logit,ecr,p_at_20_diff,-1.850371707708594e-17,-0.050000000000000024,0.06666666666666661,0.4105
cliff_sensitivity,ecr_era,lgbm,base_ppg_rank,pr_auc_diff,0.10035159887277645,0.033480212677393095,0.195672056317506,1.0
cliff_sensitivity,ecr_era,lgbm,base_ppg_rank,p_at_10_diff,0.08333333333333336,-0.033333333333333326,0.20000000000000004,0.917
cliff_sensitivity,ecr_era,lgbm,base_ppg_rank,p_at_20_diff,0.11666666666666665,0.04166666666666666,0.19166666666666665,0.9995
cliff_sensitivity,ecr_era,lgbm,ecr,pr_auc_diff,-0.17186456385945903,-0.2679067224860632,-0.08368428093691849,0.0
cliff_sensitivity,ecr_era,lgbm,ecr,p_at_10_diff,-0.26666666666666666,-0.43333333333333335,-0.09999999999999999,0.0
cliff_sensitivity,ecr_era,lgbm,ecr,p_at_20_diff,-0.07500000000000001,-0.13333333333333336,-0.01666666666666668,0.003
cliff_sensitivity,ecr_era,base_ppg_rank,ecr,pr_auc_diff,-0.2722161627322355,-0.33681922567889017,-0.19662810643059125,0.0
cliff_sensitivity,ecr_era,base_ppg_rank,ecr,p_at_10_diff,-0.35000000000000003,-0.4666666666666666,-0.2166666666666667,0.0
cliff_sensitivity,ecr_era,base_ppg_rank,ecr,p_at_20_diff,-0.19166666666666665,-0.275,-0.08333333333333337,0.0
cliff_sensitivity,ecr_era,ecr,base_ppg_rank,pr_auc_diff,0.2722161627322355,0.19662810643059125,0.33681922567889017,1.0
cliff_sensitivity,ecr_era,ecr,base_ppg_rank,p_at_10_diff,0.35000000000000003,0.2166666666666667,0.4666666666666666,1.0
cliff_sensitivity,ecr_era,ecr,base_ppg_rank,p_at_20_diff,0.19166666666666665,0.08333333333333337,0.275,1.0
