model,feature,mean_share,variant
base_ppg_rank,pos_rank_s,1.0,breakout_wr_te
lgbm,ppg_s,0.312636,breakout_wr_te
lgbm,games_s,0.135447,breakout_wr_te
lgbm,drafted_pick,0.12761,breakout_wr_te
lgbm,yards_per_team_pass_att_s,0.059637,breakout_wr_te
lgbm,combine_speed_score,0.052251,breakout_wr_te
lgbm,combine_weight,0.035943,breakout_wr_te
lgbm,age,0.03482,breakout_wr_te
lgbm,pos_te,0.029366,breakout_wr_te
lgbm,touches_per_game_s,0.020728,breakout_wr_te
lgbm,age_at_draft,0.020583,breakout_wr_te
lgbm,air_yards_share_s,0.0202,breakout_wr_te
lgbm,target_share_rookie,0.018546,breakout_wr_te
lgbm,target_share_s,0.017879,breakout_wr_te
lgbm,combine_broad_jump,0.016349,breakout_wr_te
lgbm,combine_forty,0.015242,breakout_wr_te
lgbm,draft_pos_best_pick_pd,0.01361,breakout_wr_te
lgbm,xfp_per_game_s,0.011829,breakout_wr_te
lgbm,rush_share_s,0.010915,breakout_wr_te
lgbm,combine_height,0.010408,breakout_wr_te
lgbm,team_any_a,0.008938,breakout_wr_te
lgbm,drafted_round,0.007716,breakout_wr_te
lgbm,snap_pct_s,0.007636,breakout_wr_te
lgbm,combine_vertical,0.007106,breakout_wr_te
lgbm,draft_pos_best_round_pd,0.003212,breakout_wr_te
lgbm,draft_qb_r1_pd,0.000757,breakout_wr_te
lgbm,draft_pos_count_pd,0.000515,breakout_wr_te
lgbm,third_season,0.000122,breakout_wr_te
lgbm,draft_unplaced_pd,0.0,breakout_wr_te
lgbm,undrafted,0.0,breakout_wr_te
logit,games_s,0.109854,breakout_wr_te
logit,pos_te,0.081811,breakout_wr_te
logit,ppg_s,0.081198,breakout_wr_te
logit,drafted_round,0.073102,breakout_wr_te
logit,yards_per_team_pass_att_s,0.072617,breakout_wr_te
logit,touches_per_game_s,0.052289,breakout_wr_te
logit,drafted_pick,0.04928,breakout_wr_te
logit,air_yards_share_s,0.044602,breakout_wr_te
logit,target_share_rookie,0.042356,breakout_wr_te
logit,draft_qb_r1_pd,0.040046,breakout_wr_te
logit,rush_share_s,0.033785,breakout_wr_te
logit,combine_speed_score,0.033775,breakout_wr_te
logit,combine_broad_jump,0.030855,breakout_wr_te
logit,combine_weight,0.028848,breakout_wr_te
logit,target_share_s,0.01967,breakout_wr_te
logit,combine_height,0.019435,breakout_wr_te
logit,snap_pct_s,0.019142,breakout_wr_te
logit,undrafted,0.018493,breakout_wr_te
logit,combine_forty,0.018454,breakout_wr_te
logit,draft_pos_count_pd,0.017056,breakout_wr_te
logit,team_any_a,0.016182,breakout_wr_te
logit,age,0.014493,breakout_wr_te
logit,combine_vertical,0.013905,breakout_wr_te
logit,xfp_per_game_s,0.013682,breakout_wr_te
logit,age_at_draft,0.013605,breakout_wr_te
logit,draft_pos_best_round_pd,0.012841,breakout_wr_te
logit,draft_unplaced_pd,0.011164,breakout_wr_te
logit,draft_pos_best_pick_pd,0.009549,breakout_wr_te
logit,third_season,0.007912,breakout_wr_te
base_ppg_rank,pos_rank_s,1.0,breakout_rb
lgbm,drafted_pick,0.252862,breakout_rb
lgbm,touches_per_game_s,0.150111,breakout_rb
lgbm,ppg_s,0.122331,breakout_rb
lgbm,yards_per_team_pass_att_s,0.079521,breakout_rb
lgbm,combine_speed_score,0.066564,breakout_rb
lgbm,age,0.046582,breakout_rb
lgbm,team_any_a,0.042613,breakout_rb
lgbm,air_yards_share_s,0.036376,breakout_rb
lgbm,target_share_s,0.030111,breakout_rb
lgbm,games_s,0.026421,breakout_rb
lgbm,combine_weight,0.022829,breakout_rb
lgbm,xfp_per_game_s,0.018806,breakout_rb
lgbm,age_at_draft,0.018298,breakout_rb
lgbm,combine_broad_jump,0.015998,breakout_rb
lgbm,draft_pos_best_pick_pd,0.013547,breakout_rb
lgbm,combine_forty,0.013147,breakout_rb
lgbm,combine_vertical,0.011631,breakout_rb
lgbm,target_share_rookie,0.00876,breakout_rb
lgbm,snap_pct_s,0.008691,breakout_rb
lgbm,rush_share_s,0.006352,breakout_rb
lgbm,combine_height,0.003105,breakout_rb
lgbm,drafted_round,0.001851,breakout_rb
lgbm,third_season,0.001795,breakout_rb
lgbm,draft_pos_best_round_pd,0.001217,breakout_rb
lgbm,draft_unplaced_pd,0.000387,breakout_rb
lgbm,draft_pos_count_pd,0.00007,breakout_rb
lgbm,draft_qb_r1_pd,0.000025,breakout_rb
lgbm,undrafted,0.0,breakout_rb
logit,ppg_s,0.06751,breakout_rb
logit,games_s,0.066677,breakout_rb
logit,drafted_pick,0.060513,breakout_rb
logit,drafted_round,0.053427,breakout_rb
logit,target_share_s,0.046352,breakout_rb
logit,age,0.045962,breakout_rb
logit,touches_per_game_s,0.04479,breakout_rb
logit,combine_speed_score,0.044215,breakout_rb
logit,yards_per_team_pass_att_s,0.043291,breakout_rb
logit,age_at_draft,0.03855,breakout_rb
logit,team_any_a,0.034627,breakout_rb
logit,rush_share_s,0.034317,breakout_rb
logit,xfp_per_game_s,0.033868,breakout_rb
logit,combine_forty,0.032784,breakout_rb
logit,draft_unplaced_pd,0.032655,breakout_rb
logit,undrafted,0.031729,breakout_rb
logit,combine_weight,0.031263,breakout_rb
logit,target_share_rookie,0.030207,breakout_rb
logit,air_yards_share_s,0.029406,breakout_rb
logit,snap_pct_s,0.02816,breakout_rb
logit,combine_height,0.027866,breakout_rb
logit,third_season,0.02763,breakout_rb
logit,draft_pos_best_pick_pd,0.02507,breakout_rb
logit,combine_broad_jump,0.025006,breakout_rb
logit,combine_vertical,0.022721,breakout_rb
logit,draft_pos_best_round_pd,0.02113,breakout_rb
logit,draft_pos_count_pd,0.013045,breakout_rb
logit,draft_qb_r1_pd,0.007226,breakout_rb
