season,rows,positives,logit_hits_top10,logit_hits_top20,lgbm_hits_top10,lgbm_hits_top20,base_ppg_rank_hits_top10,base_ppg_rank_hits_top20,variant
2007,80,4,3,4,3,4,3,4,breakout_wr_te
2008,81,6,2,4,2,2,2,4,breakout_wr_te
2009,93,7,1,3,3,4,4,5,breakout_wr_te
2010,103,2,2,2,1,2,2,2,breakout_wr_te
2011,107,7,3,4,4,4,4,4,breakout_wr_te
2012,108,6,2,4,2,5,3,5,breakout_wr_te
2013,110,2,2,2,2,2,1,1,breakout_wr_te
2014,93,5,2,4,3,5,2,3,breakout_wr_te
2015,101,4,2,2,1,2,2,3,breakout_wr_te
2016,116,3,2,3,2,3,2,2,breakout_wr_te
2017,104,6,4,5,5,5,4,5,breakout_wr_te
2018,115,6,2,4,2,3,2,3,breakout_wr_te
2019,115,5,4,5,4,5,3,5,breakout_wr_te
2020,105,4,1,1,3,3,2,3,breakout_wr_te
2021,106,4,4,4,3,4,3,3,breakout_wr_te
2022,103,3,1,2,0,2,1,3,breakout_wr_te
2023,103,3,3,3,2,3,2,2,breakout_wr_te
2024,107,4,3,4,2,4,2,2,breakout_wr_te
2007,36,2,1,2,1,2,2,2,breakout_rb
2008,40,5,5,5,5,5,4,4,breakout_rb
2009,44,6,2,3,3,4,3,4,breakout_rb
2010,37,2,2,2,1,2,2,2,breakout_rb
2011,44,2,1,2,2,2,1,2,breakout_rb
2012,55,1,1,1,0,1,1,1,breakout_rb
2013,50,5,3,4,2,3,4,4,breakout_rb
2014,48,4,1,2,2,3,2,4,breakout_rb
2015,51,5,3,5,3,5,1,4,breakout_rb
2016,59,3,2,3,2,3,2,3,breakout_rb
2017,53,9,6,9,5,8,5,6,breakout_rb
2018,47,1,1,1,1,1,1,1,breakout_rb
2019,58,4,2,2,2,3,2,3,breakout_rb
2020,54,2,2,2,1,2,2,2,breakout_rb
2021,53,1,1,1,0,0,1,1,breakout_rb
2022,49,6,5,6,4,6,4,5,breakout_rb
2023,41,1,0,1,0,1,0,1,breakout_rb
2024,47,0,0,0,0,0,0,0,breakout_rb
