season,rows,positives,logit_hits_top10,logit_hits_top20,lgbm_hits_top10,lgbm_hits_top20,base_ppg_rank_hits_top10,base_ppg_rank_hits_top20,variant,logit_simple_hits_top10,logit_simple_hits_top20
2007,86,23,3,7,3,7,2,2,cliff_main,,
2008,89,29,5,10,5,8,2,3,cliff_main,,
2009,88,20,5,7,5,6,1,5,cliff_main,,
2010,76,16,4,7,4,5,3,6,cliff_main,,
2011,84,13,3,4,2,4,2,3,cliff_main,,
2012,82,14,5,6,3,4,2,4,cliff_main,,
2013,82,19,4,7,2,7,2,6,cliff_main,,
2014,79,19,5,8,5,8,3,8,cliff_main,,
2015,78,13,4,4,3,5,2,5,cliff_main,,
2016,77,21,4,9,7,10,2,6,cliff_main,,
2017,71,16,5,11,6,10,4,7,cliff_main,,
2018,63,18,5,7,4,9,3,5,cliff_main,,
2019,71,16,5,6,5,8,2,5,cliff_main,,
2020,74,16,6,11,7,11,3,5,cliff_main,,
2021,79,13,2,6,2,5,2,4,cliff_main,,
2022,85,26,8,12,7,13,6,8,cliff_main,,
2023,78,20,7,10,6,10,4,8,cliff_main,,
2024,81,25,5,9,5,11,2,5,cliff_main,,
2007,105,19,,,,,4,7,cliff_missed,8,12
2008,102,13,,,,,2,4,cliff_missed,9,11
2009,97,9,,,,,3,5,cliff_missed,7,8
2010,90,14,,,,,1,4,cliff_missed,9,12
2011,98,14,,,,,4,8,cliff_missed,9,12
2012,95,13,,,,,3,6,cliff_missed,7,10
2013,97,15,,,,,3,5,cliff_missed,8,10
2014,92,13,,,,,4,6,cliff_missed,7,8
2015,97,19,,,,,6,9,cliff_missed,7,12
2016,92,15,,,,,1,4,cliff_missed,7,12
2017,92,21,,,,,3,7,cliff_missed,9,16
2018,82,19,,,,,5,7,cliff_missed,7,13
2019,77,6,,,,,2,2,cliff_missed,5,5
2020,94,20,,,,,3,6,cliff_missed,9,15
2021,87,8,,,,,1,3,cliff_missed,5,7
2022,96,11,,,,,0,1,cliff_missed,4,8
2023,87,9,,,,,2,3,cliff_missed,6,8
2024,94,13,,,,,4,8,cliff_missed,7,8
2007,105,42,8,12,8,11,5,9,cliff_sensitivity,,
2008,102,42,10,18,9,16,3,11,cliff_sensitivity,,
2009,97,29,7,12,6,11,3,10,cliff_sensitivity,,
2010,90,30,9,15,7,12,4,10,cliff_sensitivity,,
2011,98,27,9,16,9,13,5,10,cliff_sensitivity,,
2012,95,27,8,15,9,14,5,8,cliff_sensitivity,,
2013,97,34,8,15,9,14,4,10,cliff_sensitivity,,
2014,92,32,8,15,8,16,5,11,cliff_sensitivity,,
2015,97,32,9,14,8,14,7,11,cliff_sensitivity,,
2016,92,36,8,14,8,15,2,8,cliff_sensitivity,,
2017,92,37,9,18,9,18,6,11,cliff_sensitivity,,
2018,82,37,9,16,9,17,7,11,cliff_sensitivity,,
2019,77,22,8,12,8,11,4,7,cliff_sensitivity,,
2020,94,36,9,18,9,19,5,9,cliff_sensitivity,,
2021,87,21,6,11,5,7,3,6,cliff_sensitivity,,
2022,96,37,9,17,8,14,6,9,cliff_sensitivity,,
2023,87,29,9,15,8,15,6,11,cliff_sensitivity,,
2024,94,38,9,16,7,15,6,12,cliff_sensitivity,,
