out_pos,role,position,n,carry,target,n_group,carry_group,target_group
RB,RB+,RB,206,0.084876,0.110073,945,0.293360,0.275504
RB,RB2,RB,408,0.454242,0.405479,945,0.293360,0.275504
RB,RB3,RB,331,0.231284,0.223656,945,0.293360,0.275504
RB,TE+,TE,291,0.000958,0.048849,1117,0.000548,0.038837
RB,TE1,TE,423,0.001003,0.084153,1117,0.000548,0.038837
RB,TE2,TE,403,-0.000229,-0.015675,1117,0.000548,0.038837
RB,WR+,WR,232,0.007478,0.059610,1880,0.003398,0.018079
RB,WR1,WR,424,0.001148,-0.156853,1880,0.003398,0.018079
RB,WR2,WR,424,0.004794,0.001632,1880,0.003398,0.018079
RB,WR3,WR,419,0.003103,0.117145,1880,0.003398,0.018079
RB,WR4,WR,381,0.002048,0.095126,1880,0.003398,0.018079
TE,RB+,RB,26,0.000000,-0.010028,259,0.000000,0.005685
TE,RB1,RB,89,0.000000,-0.010848,259,0.000000,0.005685
TE,RB2,RB,82,0.000000,0.012372,259,0.000000,0.005685
TE,RB3,RB,62,0.000000,0.028644,259,0.000000,0.005685
TE,TE+,TE,105,0.000000,0.122503,192,0.000000,0.186241
TE,TE2,TE,87,0.000000,0.262121,192,0.000000,0.186241
TE,WR+,WR,43,0.000000,0.107284,390,0.000000,0.111814
TE,WR1,WR,89,0.000000,0.145569,390,0.000000,0.111814
TE,WR2,WR,89,0.000000,0.120559,390,0.000000,0.111814
TE,WR3,WR,89,0.000000,0.104144,390,0.000000,0.111814
TE,WR4,WR,80,0.000000,0.076929,390,0.000000,0.111814
WR,RB+,RB,80,0.000000,-0.000504,1037,0.000000,0.026978
WR,RB1,RB,369,0.000000,0.028025,1037,0.000000,0.026978
WR,RB2,RB,355,0.000000,0.046555,1037,0.000000,0.026978
WR,RB3,RB,233,0.000000,0.006603,1037,0.000000,0.026978
WR,TE+,TE,293,0.000000,0.029075,1017,0.000000,0.056620
WR,TE1,TE,368,0.000000,0.097421,1017,0.000000,0.056620
WR,TE2,TE,356,0.000000,0.037441,1017,0.000000,0.056620
WR,WR+,WR,322,0.000000,0.153334,1380,0.000000,0.177583
WR,WR2,WR,369,0.000000,0.150887,1380,0.000000,0.177583
WR,WR3,WR,362,0.000000,0.184445,1380,0.000000,0.177583
WR,WR4,WR,327,0.000000,0.223966,1380,0.000000,0.177583
