candidate,season,n,events,mae_carry,mae_target,mae_points,top_hit,chosen
nothing,2016,766,86,0.043795,0.051281,4.506853,0.127907,false
nothing,2017,615,64,0.046188,0.051267,4.316383,0.093750,false
nothing,2018,695,76,0.046232,0.050684,4.349920,0.078947,false
nothing,2019,691,77,0.043905,0.053253,4.755036,0.103896,false
nothing,2020,798,89,0.048982,0.049040,4.477149,0.123596,false
nothing,2021,974,104,0.048973,0.052300,4.330123,0.115385,false
nothing,2022,727,78,0.036739,0.053050,4.174401,0.076923,false
nothing,2023,738,77,0.043954,0.051515,4.205574,0.142857,false
nothing,2024,985,106,0.041081,0.052996,4.180257,0.150943,false
nothing,2025,762,83,0.040132,0.054619,4.376398,0.108434,false
nothing,all,7751,840,0.044046,0.052034,4.360331,0.114286,false
pro_rata,2016,766,86,0.043940,0.054424,4.604023,0.255814,false
pro_rata,2017,615,64,0.037511,0.052299,4.350416,0.281250,false
pro_rata,2018,695,76,0.040474,0.051855,4.517926,0.184211,false
pro_rata,2019,691,77,0.044753,0.054833,4.920080,0.272727,false
pro_rata,2020,798,89,0.045484,0.054263,4.770931,0.247191,false
pro_rata,2021,974,104,0.040401,0.055442,4.499822,0.336538,false
pro_rata,2022,727,78,0.038980,0.057792,4.595282,0.230769,false
pro_rata,2023,738,77,0.034859,0.054898,4.461821,0.259740,false
pro_rata,2024,985,106,0.040014,0.055987,4.507957,0.264151,false
pro_rata,2025,762,83,0.033872,0.057694,4.521237,0.361446,false
pro_rata,all,7751,840,0.040087,0.055054,4.573741,0.271429,false
group,2016,766,86,0.044068,0.050344,4.450400,0.093023,false
group,2017,615,64,0.044128,0.050395,4.299810,0.218750,false
group,2018,695,76,0.046555,0.049626,4.445338,0.157895,false
group,2019,691,77,0.044489,0.051161,4.738388,0.220779,false
group,2020,798,89,0.049612,0.048704,4.560332,0.179775,false
group,2021,974,104,0.047886,0.052308,4.470511,0.192308,false
group,2022,727,78,0.035299,0.053254,4.313518,0.141026,false
group,2023,738,77,0.041609,0.051457,4.449236,0.142857,false
group,2024,985,106,0.038713,0.051080,4.211271,0.264151,false
group,2025,762,83,0.038818,0.053209,4.481718,0.228916,false
group,all,7751,840,0.043131,0.051188,4.437258,0.185714,false
role,2016,766,86,0.042203,0.050239,4.422544,0.162791,true
role,2017,615,64,0.040288,0.049964,4.246707,0.343750,true
role,2018,695,76,0.043956,0.049393,4.422712,0.342105,true
role,2019,691,77,0.042142,0.050732,4.696643,0.220779,true
role,2020,798,89,0.045146,0.049010,4.505036,0.292135,true
role,2021,974,104,0.043302,0.051671,4.400395,0.346154,true
role,2022,727,78,0.034771,0.052814,4.293632,0.205128,true
role,2023,738,77,0.037384,0.051000,4.387051,0.220779,true
role,2024,985,106,0.036744,0.050568,4.190515,0.235849,true
role,2025,762,83,0.035673,0.052334,4.416171,0.325301,true
role,all,7751,840,0.040152,0.050800,4.393169,0.269048,true
