metric,target,horizon,n,n_seasons,r,ci_low,ci_high,x_sd,y_per_x_sd
neutral_pass_rate,targets_per_game,same_season,416,13,0.640807,0.587790,0.691752,0.043028,2.242138
neutral_pass_rate,targets_per_game,next_season,384,12,0.311113,0.252997,0.372684,0.043503,1.071881
neutral_pass_rate,recv_ppr_per_game,same_season,416,13,0.633203,0.576645,0.684948,0.043028,4.763160
neutral_pass_rate,recv_ppr_per_game,next_season,384,12,0.310088,0.240638,0.376065,0.043503,2.295367
early_down_pass_rate,targets_per_game,same_season,416,13,0.608727,0.549030,0.667621,0.050803,2.129894
early_down_pass_rate,targets_per_game,next_season,384,12,0.304258,0.244140,0.370271,0.051433,1.048261
early_down_pass_rate,recv_ppr_per_game,same_season,416,13,0.668905,0.616886,0.718905,0.050803,5.031727
early_down_pass_rate,recv_ppr_per_game,next_season,384,12,0.347012,0.278693,0.415728,0.051433,2.568695
proe,targets_per_game,same_season,416,13,0.710341,0.666267,0.753633,3.987375,2.485435
proe,targets_per_game,next_season,384,12,0.319169,0.260652,0.378684,4.037655,1.099636
proe,recv_ppr_per_game,same_season,416,13,0.715081,0.658881,0.775988,3.987375,5.379073
proe,recv_ppr_per_game,next_season,384,12,0.340871,0.263918,0.411802,4.037655,2.523233
neutral_sec_per_play,targets_per_game,same_season,416,13,-0.364973,-0.434417,-0.286777,1.589847,-1.277014
neutral_sec_per_play,targets_per_game,next_season,384,12,-0.202293,-0.281924,-0.118564,1.620918,-0.696961
neutral_sec_per_play,recv_ppr_per_game,same_season,416,13,-0.247804,-0.320206,-0.182886,1.589847,-1.864061
neutral_sec_per_play,recv_ppr_per_game,next_season,384,12,-0.119695,-0.195303,-0.048766,1.620918,-0.886019
no_huddle_rate,targets_per_game,same_season,416,13,0.055065,-0.062352,0.149681,0.113252,0.192668
no_huddle_rate,targets_per_game,next_season,384,12,0.117513,-0.038791,0.231617,0.112765,0.404868
no_huddle_rate,recv_ppr_per_game,same_season,416,13,0.064344,-0.066903,0.174994,0.113252,0.484014
no_huddle_rate,recv_ppr_per_game,next_season,384,12,0.045494,-0.081441,0.151250,0.112765,0.336758
shotgun_rate,targets_per_game,same_season,416,13,0.066352,0.007437,0.118321,0.133176,0.232161
shotgun_rate,targets_per_game,next_season,384,12,-0.013746,-0.105767,0.069505,0.134584,-0.047361
shotgun_rate,recv_ppr_per_game,same_season,416,13,0.056679,-0.056841,0.151311,0.133176,0.426359
shotgun_rate,recv_ppr_per_game,next_season,384,12,-0.000283,-0.089213,0.078502,0.134584,-0.002094
fourth_go_rate,targets_per_game,same_season,416,13,0.098155,0.023908,0.190067,0.051737,0.343436
fourth_go_rate,targets_per_game,next_season,384,12,-0.009037,-0.119902,0.096102,0.049537,-0.031134
fourth_go_rate,recv_ppr_per_game,same_season,416,13,0.190222,0.129279,0.248283,0.051737,1.430911
fourth_go_rate,recv_ppr_per_game,next_season,384,12,0.060213,-0.040376,0.159869,0.049537,0.445712
fourth_short_go_rate,targets_per_game,same_season,416,13,0.066338,-0.017150,0.145144,0.162358,0.232112
fourth_short_go_rate,targets_per_game,next_season,384,12,-0.001413,-0.094337,0.098576,0.163413,-0.004867
fourth_short_go_rate,recv_ppr_per_game,same_season,416,13,0.120832,0.072864,0.180428,0.162358,0.908937
fourth_short_go_rate,recv_ppr_per_game,next_season,384,12,0.012278,-0.072456,0.107256,0.163413,0.090887
