metric,comparison,n_pairs,n_seasons,first_season,last_season,r,ci_low,ci_high
neutral_pass_rate,same_coach_same_team,637,26,1999,2024,0.471841,0.415651,0.524880
neutral_pass_rate,same_coach_new_team,60,22,1999,2023,0.247673,-0.036137,0.537136
neutral_pass_rate,new_coach_same_team,192,26,1999,2024,0.225316,0.054982,0.382345
early_down_pass_rate,same_coach_same_team,637,26,1999,2024,0.490970,0.436786,0.540022
early_down_pass_rate,same_coach_new_team,60,22,1999,2023,0.254942,-0.021105,0.527942
early_down_pass_rate,new_coach_same_team,192,26,1999,2024,0.222171,0.062898,0.367868
proe,same_coach_same_team,464,19,2006,2024,0.517420,0.468641,0.569664
proe,same_coach_new_team,41,16,2006,2023,0.113456,-0.249766,0.453826
proe,new_coach_same_team,144,19,2006,2024,0.113854,-0.066305,0.274216
neutral_sec_per_play,same_coach_same_team,615,25,2000,2024,0.604739,0.530736,0.675856
neutral_sec_per_play,same_coach_new_team,56,21,2000,2023,0.225834,-0.072224,0.450422
neutral_sec_per_play,new_coach_same_team,183,25,2000,2024,0.152478,0.035176,0.274224
no_huddle_rate,same_coach_same_team,464,19,2006,2024,0.681691,0.556610,0.784339
no_huddle_rate,same_coach_new_team,41,16,2006,2023,0.545575,-0.074650,0.920449
no_huddle_rate,new_coach_same_team,144,19,2006,2024,0.162180,-0.011337,0.287548
shotgun_rate,same_coach_same_team,637,26,1999,2024,0.726229,0.671748,0.775638
shotgun_rate,same_coach_new_team,60,22,1999,2023,0.432793,0.104916,0.684636
shotgun_rate,new_coach_same_team,192,26,1999,2024,0.218124,0.051364,0.362365
fourth_go_rate,same_coach_same_team,637,26,1999,2024,0.377892,0.294232,0.454349
fourth_go_rate,same_coach_new_team,60,22,1999,2023,0.086787,-0.156177,0.309813
fourth_go_rate,new_coach_same_team,192,26,1999,2024,0.013325,-0.071023,0.108925
fourth_short_go_rate,same_coach_same_team,637,26,1999,2024,0.280940,0.197931,0.367254
fourth_short_go_rate,same_coach_new_team,60,22,1999,2023,0.165357,-0.080878,0.391261
fourth_short_go_rate,new_coach_same_team,192,26,1999,2024,0.091414,-0.054308,0.231309
