table,weeks,position,method,metric,group,season,value,lo,hi,n,n_seasons,share_above_zero,per_asof,not_graded,detail
value,headline,QB,model,mae,,,3.123057,2.868072,3.383482,1184,15,,,,
value,headline,QB,baseline_ppg,mae,,,3.507119,3.224895,3.799437,1184,15,,,,
value,headline,QB,baseline_last3,mae,,,4.167289,3.887347,4.452027,1184,15,,,,
value,headline,QB,spec_formula,mae,,,3.107822,2.850843,3.371674,1184,15,,,,
difference,headline,QB,model-baseline_ppg,mae,,,-0.384062,-0.623456,-0.155655,1184,15,0.001,,,
difference,headline,QB,model-baseline_last3,mae,,,-1.044232,-1.264476,-0.7996,1184,15,0.0,,,
difference,headline,QB,model-spec_formula,mae,,,0.015235,0.000807,0.030229,1184,15,0.98,,,
value,headline,QB,model,spearman,,,0.359625,0.279474,0.437994,60,15,,,,
value,headline,QB,baseline_ppg,spearman,,,0.378723,0.28068,0.465679,60,15,,,,
value,headline,QB,baseline_last3,spearman,,,0.311785,0.22434,0.39113,60,15,,,,
value,headline,QB,spec_formula,spearman,,,0.359788,0.274674,0.443964,60,15,,,,
difference,headline,QB,model-baseline_ppg,spearman,,,-0.019098,-0.070608,0.036759,60,15,0.2405,,,
difference,headline,QB,model-baseline_last3,spearman,,,0.04784,-0.023059,0.108867,60,15,0.9075,,,
difference,headline,QB,model-spec_formula,spearman,,,-0.000162,-0.007701,0.007957,60,15,0.467,,,
value,headline,RB,model,mae,,,3.399556,3.296084,3.497843,3164,15,,,,
value,headline,RB,baseline_ppg,mae,,,3.580492,3.459966,3.718357,3164,15,,,,
value,headline,RB,baseline_last3,mae,,,4.20002,4.085691,4.323337,3164,15,,,,
value,headline,RB,spec_formula,mae,,,3.393512,3.286055,3.49646,3164,15,,,,
difference,headline,RB,model-baseline_ppg,mae,,,-0.180936,-0.272386,-0.104495,3164,15,0.0,,,
difference,headline,RB,model-baseline_last3,mae,,,-0.800464,-0.927207,-0.682458,3164,15,0.0,,,
difference,headline,RB,model-spec_formula,mae,,,0.006044,-0.007184,0.022919,3164,15,0.7915,,,
value,headline,RB,model,spearman,,,0.605194,0.562144,0.643205,60,15,,,,
value,headline,RB,baseline_ppg,spearman,,,0.601679,0.554818,0.644742,60,15,,,,
value,headline,RB,baseline_last3,spearman,,,0.547111,0.503699,0.585816,60,15,,,,
value,headline,RB,spec_formula,spearman,,,0.60529,0.56313,0.64363,60,15,,,,
difference,headline,RB,model-baseline_ppg,spearman,,,0.003514,-0.01271,0.022737,60,15,0.635,,,
difference,headline,RB,model-baseline_last3,spearman,,,0.058083,0.036914,0.078856,60,15,1.0,,,
difference,headline,RB,model-spec_formula,spearman,,,-9.6e-05,-0.004521,0.004421,60,15,0.4705,,,
value,headline,WR,model,mae,,,3.339463,3.217213,3.457166,3414,15,,,,
value,headline,WR,baseline_ppg,mae,,,3.647093,3.527996,3.769326,3414,15,,,,
value,headline,WR,baseline_last3,mae,,,4.31811,4.213606,4.433743,3414,15,,,,
value,headline,WR,spec_formula,mae,,,3.337763,3.214084,3.459217,3414,15,,,,
difference,headline,WR,model-baseline_ppg,mae,,,-0.30763,-0.404303,-0.208449,3414,15,0.0,,,
difference,headline,WR,model-baseline_last3,mae,,,-0.978648,-1.103217,-0.863444,3414,15,0.0,,,
difference,headline,WR,model-spec_formula,mae,,,0.0017,-0.003145,0.006652,3414,15,0.7605,,,
value,headline,WR,model,spearman,,,0.497593,0.44875,0.548372,60,15,,,,
value,headline,WR,baseline_ppg,spearman,,,0.490214,0.443468,0.537989,60,15,,,,
value,headline,WR,baseline_last3,spearman,,,0.392359,0.359451,0.428992,60,15,,,,
value,headline,WR,spec_formula,spearman,,,0.499124,0.449021,0.551001,60,15,,,,
difference,headline,WR,model-baseline_ppg,spearman,,,0.007379,-0.018737,0.032365,60,15,0.728,,,
difference,headline,WR,model-baseline_last3,spearman,,,0.105234,0.074473,0.136291,60,15,1.0,,,
difference,headline,WR,model-spec_formula,spearman,,,-0.001532,-0.005847,0.002895,60,15,0.2375,,,
value,headline,TE,model,mae,,,2.405805,2.288415,2.558055,2251,15,,,,
value,headline,TE,baseline_ppg,mae,,,2.746014,2.611924,2.88913,2251,15,,,,
value,headline,TE,baseline_last3,mae,,,3.227439,3.13524,3.321716,2251,15,,,,
value,headline,TE,spec_formula,mae,,,2.391839,2.275927,2.546819,2251,15,,,,
difference,headline,TE,model-baseline_ppg,mae,,,-0.340209,-0.48435,-0.210089,2251,15,0.0,,,
difference,headline,TE,model-baseline_last3,mae,,,-0.821634,-0.947776,-0.690071,2251,15,0.0,,,
difference,headline,TE,model-spec_formula,mae,,,0.013967,-0.000242,0.030819,2251,15,0.9735,,,
value,headline,TE,model,spearman,,,0.650971,0.615587,0.680173,60,15,,,,
value,headline,TE,baseline_ppg,spearman,,,0.600676,0.55949,0.641115,60,15,,,,
value,headline,TE,baseline_last3,spearman,,,0.519699,0.479961,0.561969,60,15,,,,
value,headline,TE,spec_formula,spearman,,,0.651884,0.615788,0.681727,60,15,,,,
difference,headline,TE,model-baseline_ppg,spearman,,,0.050295,0.025415,0.078446,60,15,1.0,,,
difference,headline,TE,model-baseline_last3,spearman,,,0.131272,0.100998,0.160753,60,15,1.0,,,
difference,headline,TE,model-spec_formula,spearman,,,-0.000913,-0.004712,0.003124,60,15,0.324,,,
value,headline,all,model,mae,,,3.122969,3.038718,3.210831,10013,15,,,,
value,headline,all,baseline_ppg,mae,,,3.406927,3.334776,3.486725,10013,15,,,,
value,headline,all,baseline_last3,mae,,,4.01777,3.956617,4.078418,10013,15,,,,
value,headline,all,spec_formula,mae,,,3.115538,3.032403,3.204998,10013,15,,,,
difference,headline,all,model-baseline_ppg,mae,,,-0.283958,-0.357119,-0.207517,10013,15,0.0,,,
difference,headline,all,model-baseline_last3,mae,,,-0.894801,-0.969577,-0.812591,10013,15,0.0,,,
difference,headline,all,model-spec_formula,mae,,,0.007431,0.001431,0.014354,10013,15,0.994,,,
value,headline,all,model,spearman,,,0.528346,0.504317,0.552904,240,15,,,,
value,headline,all,baseline_ppg,spearman,,,0.517823,0.485218,0.550018,240,15,,,,
value,headline,all,baseline_last3,spearman,,,0.442738,0.41503,0.470414,240,15,,,,
value,headline,all,spec_formula,spearman,,,0.529021,0.50366,0.554102,240,15,,,,
difference,headline,all,model-baseline_ppg,spearman,,,0.010523,-0.008308,0.029538,240,15,0.8665,,,
difference,headline,all,model-baseline_last3,spearman,,,0.085607,0.071489,0.099173,240,15,1.0,,,
difference,headline,all,model-spec_formula,spearman,,,-0.000676,-0.003431,0.001999,240,15,0.31,,,
value,all,QB,model,mae,,,3.235051,3.008303,3.463048,3137,15,,,,
value,all,QB,baseline_ppg,mae,,,3.548141,3.317973,3.787764,3137,15,,,,
value,all,QB,baseline_last3,mae,,,4.38133,4.162296,4.600807,3137,15,,,,
value,all,QB,spec_formula,mae,,,3.213058,2.99286,3.442842,3137,15,,,,
difference,all,QB,model-baseline_ppg,mae,,,-0.313089,-0.522442,-0.105115,3137,15,0.003,,,
difference,all,QB,model-baseline_last3,mae,,,-1.146279,-1.34225,-0.918376,3137,15,0.0,,,
difference,all,QB,model-spec_formula,mae,,,0.021993,0.002531,0.046921,3137,15,0.9905,,,
value,all,QB,model,spearman,,,0.332374,0.249411,0.416515,165,15,,,,
value,all,QB,baseline_ppg,spearman,,,0.34948,0.249321,0.449186,165,15,,,,
value,all,QB,baseline_last3,spearman,,,0.261889,0.19668,0.336835,165,15,,,,
value,all,QB,spec_formula,spearman,,,0.33722,0.248101,0.426509,165,15,,,,
difference,all,QB,model-baseline_ppg,spearman,,,-0.017107,-0.05782,0.026808,165,15,0.208,,,
difference,all,QB,model-baseline_last3,spearman,,,0.070485,0.019708,0.116052,165,15,0.996,,,
difference,all,QB,model-spec_formula,spearman,,,-0.004846,-0.016878,0.006189,165,15,0.213,,,
value,all,RB,model,mae,,,3.475861,3.376495,3.569331,8181,15,,,,
value,all,RB,baseline_ppg,mae,,,3.619602,3.517931,3.731526,8181,15,,,,
value,all,RB,baseline_last3,mae,,,4.311827,4.188941,4.441487,8181,15,,,,
value,all,RB,spec_formula,mae,,,3.480648,3.379684,3.576297,8181,15,,,,
difference,all,RB,model-baseline_ppg,mae,,,-0.143741,-0.230266,-0.06901,8181,15,0.0,,,
difference,all,RB,model-baseline_last3,mae,,,-0.835966,-0.974809,-0.707668,8181,15,0.0,,,
difference,all,RB,model-spec_formula,mae,,,-0.004787,-0.018639,0.009428,8181,15,0.2475,,,
value,all,RB,model,spearman,,,0.584535,0.538202,0.621014,165,15,,,,
value,all,RB,baseline_ppg,spearman,,,0.586097,0.536585,0.627485,165,15,,,,
value,all,RB,baseline_last3,spearman,,,0.519785,0.470452,0.559689,165,15,,,,
value,all,RB,spec_formula,spearman,,,0.580113,0.535592,0.617258,165,15,,,,
difference,all,RB,model-baseline_ppg,spearman,,,-0.001562,-0.015562,0.014546,165,15,0.4085,,,
difference,all,RB,model-baseline_last3,spearman,,,0.064751,0.045162,0.084338,165,15,1.0,,,
difference,all,RB,model-spec_formula,spearman,,,0.004422,-0.00039,0.009435,165,15,0.9625,,,
value,all,WR,model,mae,,,3.461687,3.338394,3.581562,8935,15,,,,
value,all,WR,baseline_ppg,mae,,,3.675242,3.562934,3.785396,8935,15,,,,
value,all,WR,baseline_last3,mae,,,4.416855,4.323533,4.506707,8935,15,,,,
value,all,WR,spec_formula,mae,,,3.458506,3.33457,3.583079,8935,15,,,,
difference,all,WR,model-baseline_ppg,mae,,,-0.213555,-0.299965,-0.130798,8935,15,0.0,,,
difference,all,WR,model-baseline_last3,mae,,,-0.955168,-1.066817,-0.849103,8935,15,0.0,,,
difference,all,WR,model-spec_formula,mae,,,0.003181,-0.007375,0.013806,8935,15,0.72,,,
value,all,WR,model,spearman,,,0.47445,0.430175,0.520485,165,15,,,,
value,all,WR,baseline_ppg,spearman,,,0.478121,0.434051,0.523684,165,15,,,,
value,all,WR,baseline_last3,spearman,,,0.395839,0.368117,0.425908,165,15,,,,
value,all,WR,spec_formula,spearman,,,0.475213,0.431354,0.521166,165,15,,,,
difference,all,WR,model-baseline_ppg,spearman,,,-0.003671,-0.029004,0.020688,165,15,0.393,,,
difference,all,WR,model-baseline_last3,spearman,,,0.078611,0.046578,0.111841,165,15,1.0,,,
difference,all,WR,model-spec_formula,spearman,,,-0.000763,-0.005347,0.004283,165,15,0.373,,,
value,all,TE,model,mae,,,2.535199,2.428899,2.659918,5818,15,,,,
value,all,TE,baseline_ppg,mae,,,2.811859,2.704496,2.922948,5818,15,,,,
value,all,TE,baseline_last3,mae,,,3.345525,3.253894,3.435621,5818,15,,,,
value,all,TE,spec_formula,mae,,,2.518624,2.408043,2.65028,5818,15,,,,
difference,all,TE,model-baseline_ppg,mae,,,-0.27666,-0.38279,-0.175559,5818,15,0.0,,,
difference,all,TE,model-baseline_last3,mae,,,-0.810326,-0.910464,-0.707479,5818,15,0.0,,,
difference,all,TE,model-spec_formula,mae,,,0.016575,-0.000431,0.037271,5818,15,0.9685,,,
value,all,TE,model,spearman,,,0.622937,0.587802,0.655883,165,15,,,,
value,all,TE,baseline_ppg,spearman,,,0.584578,0.549372,0.619959,165,15,,,,
value,all,TE,baseline_last3,spearman,,,0.48779,0.442312,0.532639,165,15,,,,
value,all,TE,spec_formula,spearman,,,0.627494,0.592848,0.659026,165,15,,,,
difference,all,TE,model-baseline_ppg,spearman,,,0.038359,0.018849,0.059461,165,15,1.0,,,
difference,all,TE,model-baseline_last3,spearman,,,0.135147,0.107066,0.161857,165,15,1.0,,,
difference,all,TE,model-spec_formula,spearman,,,-0.004557,-0.011833,0.001557,165,15,0.09,,,
value,all,all,model,mae,,,3.23211,3.144811,3.322285,26071,15,,,,
value,all,all,baseline_ppg,mae,,,3.449816,3.378325,3.526264,26071,15,,,,
value,all,all,baseline_last3,mae,,,4.140545,4.083,4.196742,26071,15,,,,
value,all,all,spec_formula,mae,,,3.226176,3.141723,3.315824,26071,15,,,,
difference,all,all,model-baseline_ppg,mae,,,-0.217707,-0.287213,-0.142827,26071,15,0.0,,,
difference,all,all,model-baseline_last3,mae,,,-0.908435,-0.983155,-0.8298,26071,15,0.0,,,
difference,all,all,model-spec_formula,mae,,,0.005933,-0.00122,0.013333,26071,15,0.943,,,
value,all,all,model,spearman,,,0.503574,0.478728,0.528714,660,15,,,,
value,all,all,baseline_ppg,spearman,,,0.499569,0.464842,0.534477,660,15,,,,
value,all,all,baseline_last3,spearman,,,0.416326,0.392548,0.443351,660,15,,,,
value,all,all,spec_formula,spearman,,,0.50501,0.479225,0.530654,660,15,,,,
difference,all,all,model-baseline_ppg,spearman,,,0.004005,-0.01258,0.020657,660,15,0.679,,,
difference,all,all,model-baseline_last3,spearman,,,0.087249,0.07376,0.100235,660,15,1.0,,,
difference,all,all,model-spec_formula,spearman,,,-0.001436,-0.00611,0.002664,660,15,0.267,,,
tag,headline,QB,,sell_high,tagged,,1.0,1.0,1.0,43,13,,0.717,2,
tag,headline,QB,,sell_high,base,,0.64527,0.583755,0.708159,1184,15,,19.733,,
tag,headline,QB,,sell_high,reference,,0.806667,0.700621,0.891892,150,15,,2.5,,
tag,headline,QB,,buy_low,tagged,,0.490909,0.303571,0.685714,55,15,,0.917,7,
tag,headline,QB,,buy_low,base,,0.35473,0.291841,0.416245,1184,15,,19.733,,
tag,headline,QB,,buy_low,reference,,0.546763,0.440517,0.639113,139,15,,2.317,,
tag,headline,QB,,legit,tagged,,0.558879,0.486689,0.63956,535,15,,8.917,30,
tag,headline,QB,,legit,base,,0.596465,0.53779,0.663265,679,15,,11.317,,
tag,headline,QB,,legit,reference,,0.736111,0.630124,0.832169,144,15,,2.4,,
tag,headline,RB,,sell_high,tagged,,0.983051,0.946429,1.0,59,14,,0.983,2,
tag,headline,RB,,sell_high,base,,0.583439,0.566902,0.599039,3164,15,,52.733,,
tag,headline,RB,,sell_high,reference,,0.808824,0.749287,0.865269,340,15,,5.667,,
tag,headline,RB,,buy_low,tagged,,0.52381,0.414196,0.648947,126,15,,2.1,21,
tag,headline,RB,,buy_low,base,,0.415929,0.400379,0.432166,3164,15,,52.733,,
tag,headline,RB,,buy_low,reference,,0.573248,0.504425,0.64384,314,15,,5.233,,
tag,headline,RB,,legit,tagged,,0.636888,0.599421,0.674689,1041,15,,17.35,81,
tag,headline,RB,,legit,base,,0.673881,0.63636,0.711359,1340,15,,22.333,,
tag,headline,RB,,legit,reference,,0.802676,0.751751,0.853043,299,15,,4.983,,
tag,headline,WR,,sell_high,tagged,,0.890625,0.819435,0.959358,128,15,,2.133,9,
tag,headline,WR,,sell_high,base,,0.62478,0.592613,0.655421,3414,15,,56.9,,
tag,headline,WR,,sell_high,reference,,0.819178,0.757319,0.877384,365,15,,6.083,,
tag,headline,WR,,buy_low,tagged,,0.632768,0.573245,0.690143,177,15,,2.95,26,
tag,headline,WR,,buy_low,base,,0.374634,0.343479,0.407143,3414,15,,56.9,,
tag,headline,WR,,buy_low,reference,,0.569014,0.520692,0.612475,355,15,,5.917,,
tag,headline,WR,,legit,tagged,,0.574144,0.529515,0.622411,1052,15,,17.533,61,
tag,headline,WR,,legit,base,,0.576497,0.545654,0.608665,1353,15,,22.55,,
tag,headline,WR,,legit,reference,,0.584718,0.505049,0.657247,301,15,,5.017,,
tag,headline,TE,,sell_high,tagged,,0.96875,0.875,1.0,32,11,,0.533,3,
tag,headline,TE,,sell_high,base,,0.584185,0.546798,0.617226,2251,15,,37.517,,
tag,headline,TE,,sell_high,reference,,0.826613,0.762097,0.889815,248,15,,4.133,,
tag,headline,TE,,buy_low,tagged,,0.666667,0.568616,0.754098,63,11,,1.05,2,
tag,headline,TE,,buy_low,base,,0.414482,0.381475,0.451446,2251,15,,37.517,,
tag,headline,TE,,buy_low,reference,,0.697211,0.641732,0.755104,251,15,,4.183,,
tag,headline,TE,,legit,tagged,,0.559524,0.514783,0.604001,504,15,,8.4,24,
tag,headline,TE,,legit,base,,0.570381,0.529049,0.608697,682,15,,11.367,,
tag,headline,TE,,legit,reference,,0.601124,0.524311,0.674036,178,15,,2.967,,
tag,headline,all,,sell_high,tagged,,0.938931,0.896263,0.976379,262,15,,4.367,16,
tag,headline,all,,sell_high,base,,0.605013,0.583331,0.62445,10013,15,,166.883,,
tag,headline,all,,sell_high,reference,,0.815956,0.772761,0.850232,1103,15,,18.383,,
tag,headline,all,,buy_low,tagged,,0.586698,0.54906,0.636364,421,15,,7.017,56,
tag,headline,all,,buy_low,base,,0.394287,0.374848,0.415896,10013,15,,166.883,,
tag,headline,all,,buy_low,reference,,0.597734,0.572089,0.626427,1059,15,,17.65,,
tag,headline,all,,legit,tagged,,0.590038,0.572796,0.607604,3132,15,,52.2,196,
tag,headline,all,,legit,base,,0.611001,0.596242,0.626368,4054,15,,67.567,,
tag,headline,all,,legit,reference,,0.682213,0.649461,0.713977,922,15,,15.367,,
tag,all,QB,,sell_high,tagged,,1.0,1.0,1.0,83,13,,0.503,3,
tag,all,QB,,sell_high,base,,0.628945,0.576544,0.681166,3137,15,,19.012,,
tag,all,QB,,sell_high,reference,,0.760976,0.664352,0.841837,410,15,,2.485,,
tag,all,QB,,buy_low,tagged,,0.473684,0.260855,0.694746,114,15,,0.691,26,
tag,all,QB,,buy_low,base,,0.371055,0.318834,0.423456,3137,15,,19.012,,
tag,all,QB,,buy_low,reference,,0.58427,0.473969,0.674774,356,15,,2.158,,
tag,all,QB,,legit,tagged,,0.566784,0.49964,0.639875,1415,15,,8.576,135,
tag,all,QB,,legit,base,,0.606448,0.549345,0.669033,1799,15,,10.903,,
tag,all,QB,,legit,reference,,0.752604,0.669444,0.833753,384,15,,2.327,,
tag,all,RB,,sell_high,tagged,,0.981481,0.949492,1.0,108,14,,0.655,15,
tag,all,RB,,sell_high,base,,0.574624,0.556192,0.593579,8181,15,,49.582,,
tag,all,RB,,sell_high,reference,,0.762457,0.708617,0.817191,863,15,,5.23,,
tag,all,RB,,buy_low,tagged,,0.536,0.438887,0.642388,250,15,,1.515,69,
tag,all,RB,,buy_low,base,,0.425009,0.406036,0.443347,8181,15,,49.582,,
tag,all,RB,,buy_low,reference,,0.567949,0.492266,0.641698,780,15,,4.727,,
tag,all,RB,,legit,tagged,,0.660799,0.632716,0.688091,2727,15,,16.527,372,
tag,all,RB,,legit,base,,0.696326,0.669823,0.723004,3484,15,,21.115,,
tag,all,RB,,legit,reference,,0.824306,0.782123,0.862828,757,15,,4.588,,
tag,all,WR,,sell_high,tagged,,0.898734,0.83871,0.958555,237,15,,1.436,23,
tag,all,WR,,sell_high,base,,0.609737,0.581872,0.635588,8935,15,,54.152,,
tag,all,WR,,sell_high,reference,,0.76551,0.713826,0.819447,951,15,,5.764,,
tag,all,WR,,buy_low,tagged,,0.569975,0.507795,0.638167,393,15,,2.382,66,
tag,all,WR,,buy_low,base,,0.389927,0.363938,0.418016,8935,15,,54.152,,
tag,all,WR,,buy_low,reference,,0.536717,0.493534,0.580373,926,15,,5.612,,
tag,all,WR,,legit,tagged,,0.571784,0.529279,0.619781,2814,15,,17.055,268,
tag,all,WR,,legit,base,,0.583055,0.54942,0.61712,3588,15,,21.745,,
tag,all,WR,,legit,reference,,0.624031,0.555878,0.685583,774,15,,4.691,,
tag,all,TE,,sell_high,tagged,,0.981481,0.926807,1.0,54,12,,0.327,13,
tag,all,TE,,sell_high,base,,0.584221,0.551774,0.61561,5818,15,,35.261,,
tag,all,TE,,sell_high,reference,,0.831683,0.775945,0.886328,606,15,,3.673,,
tag,all,TE,,buy_low,tagged,,0.656716,0.56039,0.752317,134,11,,0.812,17,
tag,all,TE,,buy_low,base,,0.415263,0.384183,0.447598,5818,15,,35.261,,
tag,all,TE,,buy_low,reference,,0.651828,0.601566,0.704818,629,15,,3.812,,
tag,all,TE,,legit,tagged,,0.592342,0.558508,0.625999,1332,15,,8.073,132,
tag,all,TE,,legit,base,,0.599435,0.562073,0.634325,1770,15,,10.727,,
tag,all,TE,,legit,reference,,0.621005,0.537413,0.700958,438,15,,2.655,,
tag,all,all,,sell_high,tagged,,0.943983,0.910755,0.975211,482,15,,2.921,54,
tag,all,all,,sell_high,base,,0.595336,0.57456,0.613533,26071,15,,158.006,,
tag,all,all,,sell_high,reference,,0.778092,0.737506,0.817694,2830,15,,17.152,,
tag,all,all,,buy_low,tagged,,0.561167,0.525488,0.61613,891,15,,5.4,178,
tag,all,all,,buy_low,base,,0.404319,0.386135,0.424988,26071,15,,158.006,,
tag,all,all,,buy_low,reference,,0.578967,0.551136,0.612165,2691,15,,16.309,,
tag,all,all,,legit,tagged,,0.603523,0.589004,0.618063,8288,15,,50.23,907,
tag,all,all,,legit,base,,0.626821,0.613412,0.639766,10641,15,,64.491,,
tag,all,all,,legit,reference,,0.708882,0.67698,0.741689,2353,15,,14.261,,
choice,,,zero_hl4_ng_fpoe,validation_mae,,2011,2.997929,,,669,,,,,validation seasons 2010; spec formula 3.063185
threshold,,,,sell_high,chosen,2011,5.0,,,18,,,4.5,,validation precision 0.777778
threshold,,,,buy_low,chosen,2011,3.0,,,21,,,5.25,,validation precision 0.571429
choice,,,zero_hl4_all,validation_mae,,2012,3.123796,,,1354,,,,,"validation seasons 2010,2011; spec formula 3.159707"
threshold,,,,sell_high,chosen,2012,5.5,,,24,,,3.0,,validation precision 0.875
threshold,,,,buy_low,chosen,2012,2.5,,,64,,,8.0,,validation precision 0.59375
choice,,,zero_hl4_all,validation_mae,,2013,3.13577,,,2027,,,,,"validation seasons 2010,2011,2012; spec formula 3.158068"
threshold,,,,sell_high,chosen,2013,5.0,,,39,,,3.25,,validation precision 0.846154
threshold,,,,buy_low,chosen,2013,2.5,,,97,,,8.083,,validation precision 0.597938
choice,,,zero_hl8_all,validation_mae,,2014,3.10354,,,2672,,,,,"validation seasons 2010,2011,2012,2013; spec formula 3.11528"
threshold,,,,sell_high,chosen,2014,4.5,,,71,,,4.438,,validation precision 0.873239
threshold,,,,buy_low,chosen,2014,3.0,,,81,,,5.062,,validation precision 0.592593
choice,,,zero_hl8_all,validation_mae,,2015,3.09629,,,3356,,,,,"validation seasons 2010,2011,2012,2013,2014; spec formula 3.108027"
threshold,,,,sell_high,chosen,2015,4.5,,,92,,,4.6,,validation precision 0.902174
threshold,,,,buy_low,chosen,2015,3.0,,,102,,,5.1,,validation precision 0.588235
choice,,,zero_hl8_all,validation_mae,,2016,3.094469,,,4014,,,,,"validation seasons 2010,2011,2012,2013,2014,2015; spec formula 3.098929"
threshold,,,,sell_high,chosen,2016,4.5,,,107,,,4.458,,validation precision 0.906542
threshold,,,,buy_low,chosen,2016,3.0,,,123,,,5.125,,validation precision 0.593496
choice,,,zero_hl8_all,validation_mae,,2017,3.065157,,,4672,,,,,"validation seasons 2010,2011,2012,2013,2014,2015,2016; spec formula 3.06914"
threshold,,,,sell_high,chosen,2017,4.5,,,119,,,4.25,,validation precision 0.915966
threshold,,,,buy_low,chosen,2017,0.0,,,483,,,17.25,,validation precision 0.592133
choice,,,zero_hl8_all,validation_mae,,2018,3.048626,,,5344,,,,,"validation seasons 2010,2011,2012,2013,2014,2015,2016,2017; spec formula 3.051651"
threshold,,,,sell_high,chosen,2018,4.5,,,132,,,4.125,,validation precision 0.916667
threshold,,,,buy_low,chosen,2018,3.0,,,163,,,5.094,,validation precision 0.601227
choice,,,zero_hl8_all,validation_mae,,2019,3.059428,,,6000,,,,,"validation seasons 2010,2011,2012,2013,2014,2015,2016,2017,2018; spec formula 3.060568"
threshold,,,,sell_high,chosen,2019,4.5,,,164,,,4.556,,validation precision 0.932927
threshold,,,,buy_low,chosen,2019,3.0,,,174,,,4.833,,validation precision 0.609195
choice,,,zero_flat_all,validation_mae,,2020,3.075657,,,6658,,,,,"validation seasons 2010,2011,2012,2013,2014,2015,2016,2017,2018,2019; spec formula 3.075657"
threshold,,,,sell_high,chosen,2020,4.5,,,181,,,4.525,,validation precision 0.933702
threshold,,,,buy_low,chosen,2020,3.0,,,173,,,4.325,,validation precision 0.606936
choice,,,zero_flat_all,validation_mae,,2021,3.09143,,,7329,,,,,"validation seasons 2010,2011,2012,2013,2014,2015,2016,2017,2018,2019,2020; spec formula 3.09143"
threshold,,,,sell_high,chosen,2021,5.0,,,132,,,3.0,,validation precision 0.954545
threshold,,,,buy_low,chosen,2021,0.0,,,772,,,17.545,,validation precision 0.595855
choice,,,zero_flat_all,validation_mae,,2022,3.097969,,,7993,,,,,"validation seasons 2010,2011,2012,2013,2014,2015,2016,2017,2018,2019,2020,2021; spec formula 3.097969"
threshold,,,,sell_high,chosen,2022,5.0,,,149,,,3.104,,validation precision 0.95302
threshold,,,,buy_low,chosen,2022,3.0,,,202,,,4.208,,validation precision 0.608911
choice,,,zero_flat_all,validation_mae,,2023,3.078973,,,8664,,,,,"validation seasons 2010,2011,2012,2013,2014,2015,2016,2017,2018,2019,2020,2021,2022; spec formula 3.078973"
threshold,,,,sell_high,chosen,2023,5.0,,,160,,,3.077,,validation precision 0.95625
threshold,,,,buy_low,chosen,2023,3.0,,,220,,,4.231,,validation precision 0.627273
choice,,,zero_flat_all,validation_mae,,2024,3.080958,,,9342,,,,,"validation seasons 2010,2011,2012,2013,2014,2015,2016,2017,2018,2019,2020,2021,2022,2023; spec formula 3.080958"
threshold,,,,sell_high,chosen,2024,5.0,,,178,,,3.179,,validation precision 0.960674
threshold,,,,buy_low,chosen,2024,3.0,,,243,,,4.339,,validation precision 0.609053
choice,,,zero_flat_all,validation_mae,,2025,3.11317,,,10029,,,,,"validation seasons 2010,2011,2012,2013,2014,2015,2016,2017,2018,2019,2020,2021,2022,2023,2024; spec formula 3.11317"
threshold,,,,sell_high,chosen,2025,5.0,,,191,,,3.183,,validation precision 0.942408
threshold,,,,buy_low,chosen,2025,3.0,,,260,,,4.333,,validation precision 0.607692
left_out,4,QB,,,,,10,,,319,,,,,
left_out,4,RB,,,,,42,,,860,,,,,
left_out,4,TE,,,,,20,,,596,,,,,
left_out,4,WR,,,,,31,,,916,,,,,
left_out,5,QB,,,,,19,,,327,,,,,
left_out,5,RB,,,,,49,,,865,,,,,
left_out,5,TE,,,,,23,,,618,,,,,
left_out,5,WR,,,,,38,,,913,,,,,
left_out,6,QB,,,,,22,,,321,,,,,
left_out,6,RB,,,,,64,,,872,,,,,
left_out,6,TE,,,,,29,,,610,,,,,
left_out,6,WR,,,,,52,,,912,,,,,
left_out,7,QB,,,,,28,,,329,,,,,
left_out,7,RB,,,,,69,,,866,,,,,
left_out,7,TE,,,,,39,,,608,,,,,
left_out,7,WR,,,,,62,,,923,,,,,
left_out,8,QB,,,,,36,,,326,,,,,
left_out,8,RB,,,,,80,,,863,,,,,
left_out,8,TE,,,,,47,,,608,,,,,
left_out,8,WR,,,,,70,,,919,,,,,
left_out,9,QB,,,,,41,,,327,,,,,
left_out,9,RB,,,,,101,,,869,,,,,
left_out,9,TE,,,,,55,,,601,,,,,
left_out,9,WR,,,,,81,,,906,,,,,
left_out,10,QB,,,,,37,,,323,,,,,
left_out,10,RB,,,,,113,,,868,,,,,
left_out,10,TE,,,,,68,,,601,,,,,
left_out,10,WR,,,,,92,,,912,,,,,
left_out,11,QB,,,,,47,,,325,,,,,
left_out,11,RB,,,,,131,,,869,,,,,
left_out,11,TE,,,,,86,,,599,,,,,
left_out,11,WR,,,,,108,,,906,,,,,
left_out,12,QB,,,,,55,,,325,,,,,
left_out,12,RB,,,,,167,,,863,,,,,
left_out,12,TE,,,,,107,,,593,,,,,
left_out,12,WR,,,,,127,,,899,,,,,
left_out,13,QB,,,,,59,,,332,,,,,
left_out,13,RB,,,,,220,,,865,,,,,
left_out,13,TE,,,,,132,,,592,,,,,
left_out,13,WR,,,,,170,,,898,,,,,
left_out,14,QB,,,,,89,,,326,,,,,
left_out,14,RB,,,,,305,,,862,,,,,
left_out,14,TE,,,,,197,,,595,,,,,
left_out,14,WR,,,,,233,,,895,,,,,
