table,window,split,position,metric,g,n,value,lo,hi,var_signal,var_noise,prior_mean
split_half,2009-2025,odd_even,QB,xfp,,607,0.717816,0.658642,0.763314,,,
split_half,2009-2025,odd_even,QB,fpoe,,607,0.277798,0.197375,0.35639,,,
split_half,2009-2025,odd_even,QB,fantasy_points,,607,0.703435,0.659186,0.74277,,,
split_half,2009-2025,odd_even,QB,xfp_ng,,607,0.662769,0.596836,0.715024,,,
split_half,2009-2025,odd_even,QB,fpoe_ng,,607,0.256938,0.179134,0.333712,,,
split_half,2009-2025,odd_even,QB,points_ng,,607,0.654636,0.60265,0.700484,,,
split_half,2009-2025,odd_even,QB,td_rate_over_expected,,603,0.041,-0.078575,0.148313,,,
split_half,2009-2025,odd_even,QB,completion_rate_over_expected,,594,0.437475,0.364978,0.504144,,,
split_half,2009-2025,odd_even,RB,xfp,,1476,0.889226,0.877888,0.899547,,,
split_half,2009-2025,odd_even,RB,fpoe,,1476,0.226862,0.167782,0.283001,,,
split_half,2009-2025,odd_even,RB,fantasy_points,,1476,0.82266,0.805588,0.839823,,,
split_half,2009-2025,odd_even,RB,xfp_ng,,1476,0.877804,0.86688,0.888608,,,
split_half,2009-2025,odd_even,RB,fpoe_ng,,1476,0.191589,0.127445,0.250534,,,
split_half,2009-2025,odd_even,RB,points_ng,,1476,0.808359,0.79049,0.825667,,,
split_half,2009-2025,odd_even,RB,td_rate_over_expected,,1400,0.065807,0.001479,0.138969,,,
split_half,2009-2025,odd_even,RB,catch_rate_over_expected,,857,0.114016,0.042506,0.18515,,,
split_half,2009-2025,odd_even,RB,yac_over_expected,,660,0.054955,-0.036065,0.143058,,,
split_half,2009-2025,odd_even,WR,xfp,,2240,0.847108,0.835187,0.858047,,,
split_half,2009-2025,odd_even,WR,fpoe,,2240,0.202023,0.160132,0.247513,,,
split_half,2009-2025,odd_even,WR,fantasy_points,,2240,0.770931,0.754027,0.786186,,,
split_half,2009-2025,odd_even,WR,xfp_ng,,2240,0.816945,0.803158,0.830266,,,
split_half,2009-2025,odd_even,WR,fpoe_ng,,2240,0.169081,0.123233,0.211904,,,
split_half,2009-2025,odd_even,WR,points_ng,,2240,0.739098,0.720046,0.758586,,,
split_half,2009-2025,odd_even,WR,td_rate_over_expected,,2050,0.044439,-0.005452,0.098862,,,
split_half,2009-2025,odd_even,WR,catch_rate_over_expected,,2015,0.232455,0.178997,0.281761,,,
split_half,2009-2025,odd_even,WR,yac_over_expected,,1640,0.216111,0.166834,0.263406,,,
split_half,2009-2025,odd_even,TE,xfp,,1098,0.848297,0.832113,0.864373,,,
split_half,2009-2025,odd_even,TE,fpoe,,1098,0.172597,0.110905,0.238433,,,
split_half,2009-2025,odd_even,TE,fantasy_points,,1098,0.74771,0.717552,0.775861,,,
split_half,2009-2025,odd_even,TE,xfp_ng,,1098,0.815262,0.794357,0.837492,,,
split_half,2009-2025,odd_even,TE,fpoe_ng,,1098,0.166309,0.095426,0.225715,,,
split_half,2009-2025,odd_even,TE,points_ng,,1098,0.713872,0.680412,0.742557,,,
split_half,2009-2025,odd_even,TE,td_rate_over_expected,,854,0.016814,-0.061248,0.092285,,,
split_half,2009-2025,odd_even,TE,catch_rate_over_expected,,849,0.189997,0.123311,0.256639,,,
split_half,2009-2025,odd_even,TE,yac_over_expected,,668,0.202844,0.128197,0.288635,,,
split_half,2009-2025,first_second,QB,xfp,,607,0.598388,0.521148,0.666696,,,
split_half,2009-2025,first_second,QB,fpoe,,607,0.295027,0.222285,0.36997,,,
split_half,2009-2025,first_second,QB,fantasy_points,,607,0.615395,0.557908,0.670152,,,
split_half,2009-2025,first_second,QB,xfp_ng,,607,0.546616,0.46728,0.616123,,,
split_half,2009-2025,first_second,QB,fpoe_ng,,607,0.263043,0.189019,0.339253,,,
split_half,2009-2025,first_second,QB,points_ng,,607,0.582623,0.523702,0.640706,,,
split_half,2009-2025,first_second,QB,td_rate_over_expected,,602,0.142953,0.030755,0.240897,,,
split_half,2009-2025,first_second,QB,completion_rate_over_expected,,589,0.492766,0.4269,0.55943,,,
split_half,2009-2025,first_second,RB,xfp,,1476,0.753628,0.727442,0.779212,,,
split_half,2009-2025,first_second,RB,fpoe,,1476,0.222258,0.162848,0.27962,,,
split_half,2009-2025,first_second,RB,fantasy_points,,1476,0.721545,0.692285,0.749013,,,
split_half,2009-2025,first_second,RB,xfp_ng,,1476,0.739626,0.71207,0.762021,,,
split_half,2009-2025,first_second,RB,fpoe_ng,,1476,0.199241,0.142947,0.253138,,,
split_half,2009-2025,first_second,RB,points_ng,,1476,0.715478,0.684885,0.744969,,,
split_half,2009-2025,first_second,RB,td_rate_over_expected,,1385,0.076054,0.004767,0.14343,,,
split_half,2009-2025,first_second,RB,catch_rate_over_expected,,820,0.129615,0.061706,0.199324,,,
split_half,2009-2025,first_second,RB,yac_over_expected,,625,0.130141,0.057325,0.205528,,,
split_half,2009-2025,first_second,WR,xfp,,2240,0.769794,0.752716,0.786537,,,
split_half,2009-2025,first_second,WR,fpoe,,2240,0.221331,0.181692,0.264861,,,
split_half,2009-2025,first_second,WR,fantasy_points,,2240,0.71024,0.689329,0.731781,,,
split_half,2009-2025,first_second,WR,xfp_ng,,2240,0.74875,0.726896,0.766372,,,
split_half,2009-2025,first_second,WR,fpoe_ng,,2240,0.190678,0.145421,0.230458,,,
split_half,2009-2025,first_second,WR,points_ng,,2240,0.687094,0.661552,0.709077,,,
split_half,2009-2025,first_second,WR,td_rate_over_expected,,2010,0.073726,0.024427,0.120571,,,
split_half,2009-2025,first_second,WR,catch_rate_over_expected,,1973,0.211004,0.160518,0.260478,,,
split_half,2009-2025,first_second,WR,yac_over_expected,,1600,0.195503,0.142786,0.24664,,,
split_half,2009-2025,first_second,TE,xfp,,1098,0.793303,0.769536,0.814067,,,
split_half,2009-2025,first_second,TE,fpoe,,1098,0.184817,0.1193,0.249224,,,
split_half,2009-2025,first_second,TE,fantasy_points,,1098,0.712614,0.682752,0.742568,,,
split_half,2009-2025,first_second,TE,xfp_ng,,1098,0.768587,0.744148,0.794308,,,
split_half,2009-2025,first_second,TE,fpoe_ng,,1098,0.174037,0.101525,0.24025,,,
split_half,2009-2025,first_second,TE,points_ng,,1098,0.675779,0.641769,0.706669,,,
split_half,2009-2025,first_second,TE,td_rate_over_expected,,836,0.047308,-0.036153,0.125553,,,
split_half,2009-2025,first_second,TE,catch_rate_over_expected,,831,0.131996,0.062321,0.196523,,,
split_half,2009-2025,first_second,TE,yac_over_expected,,635,0.213796,0.132156,0.300056,,,
shrinkage,2009-2025,odd_even,QB,fpoe,1,607,0.056142,,,2.092479,35.178538,0.510766
shrinkage,2009-2025,odd_even,QB,fpoe,2,607,0.106316,,,2.092479,35.178538,0.510766
shrinkage,2009-2025,odd_even,QB,fpoe,3,607,0.151424,,,2.092479,35.178538,0.510766
shrinkage,2009-2025,odd_even,QB,fpoe,4,607,0.192198,0.13603,0.253843,2.092479,35.178538,0.510766
shrinkage,2009-2025,odd_even,QB,fpoe,5,607,0.229233,,,2.092479,35.178538,0.510766
shrinkage,2009-2025,odd_even,QB,fpoe,6,607,0.263021,,,2.092479,35.178538,0.510766
shrinkage,2009-2025,odd_even,QB,fpoe,7,607,0.293971,,,2.092479,35.178538,0.510766
shrinkage,2009-2025,odd_even,QB,fpoe,8,607,0.322426,0.239483,0.404904,2.092479,35.178538,0.510766
shrinkage,2009-2025,odd_even,QB,fpoe,9,607,0.348676,,,2.092479,35.178538,0.510766
shrinkage,2009-2025,odd_even,QB,fpoe,10,607,0.372969,,,2.092479,35.178538,0.510766
shrinkage,2009-2025,odd_even,QB,fpoe,11,607,0.395514,,,2.092479,35.178538,0.510766
shrinkage,2009-2025,odd_even,QB,fpoe,12,607,0.416495,0.32081,0.505097,2.092479,35.178538,0.510766
shrinkage,2009-2025,odd_even,QB,fpoe,13,607,0.436068,,,2.092479,35.178538,0.510766
shrinkage,2009-2025,odd_even,QB,fpoe,14,607,0.45437,,,2.092479,35.178538,0.510766
shrinkage,2009-2025,odd_even,QB,fpoe,15,607,0.471522,,,2.092479,35.178538,0.510766
shrinkage,2009-2025,odd_even,QB,fpoe,16,607,0.487628,,,2.092479,35.178538,0.510766
shrinkage,2009-2025,odd_even,QB,fpoe,17,607,0.502782,,,2.092479,35.178538,0.510766
shrinkage,2009-2025,odd_even,QB,fpoe_ng,1,607,0.050655,,,1.560775,29.251226,0.444072
shrinkage,2009-2025,odd_even,QB,fpoe_ng,2,607,0.096425,,,1.560775,29.251226,0.444072
shrinkage,2009-2025,odd_even,QB,fpoe_ng,3,607,0.137985,,,1.560775,29.251226,0.444072
shrinkage,2009-2025,odd_even,QB,fpoe_ng,4,607,0.17589,0.124314,0.235195,1.560775,29.251226,0.444072
shrinkage,2009-2025,odd_even,QB,fpoe_ng,5,607,0.210602,,,1.560775,29.251226,0.444072
shrinkage,2009-2025,odd_even,QB,fpoe_ng,6,607,0.242508,,,1.560775,29.251226,0.444072
shrinkage,2009-2025,odd_even,QB,fpoe_ng,7,607,0.271935,,,1.560775,29.251226,0.444072
shrinkage,2009-2025,odd_even,QB,fpoe_ng,8,607,0.299161,0.221137,0.380822,1.560775,29.251226,0.444072
shrinkage,2009-2025,odd_even,QB,fpoe_ng,9,607,0.324424,,,1.560775,29.251226,0.444072
shrinkage,2009-2025,odd_even,QB,fpoe_ng,10,607,0.347929,,,1.560775,29.251226,0.444072
shrinkage,2009-2025,odd_even,QB,fpoe_ng,11,607,0.369854,,,1.560775,29.251226,0.444072
shrinkage,2009-2025,odd_even,QB,fpoe_ng,12,607,0.390352,0.298681,0.479862,1.560775,29.251226,0.444072
shrinkage,2009-2025,odd_even,QB,fpoe_ng,13,607,0.409559,,,1.560775,29.251226,0.444072
shrinkage,2009-2025,odd_even,QB,fpoe_ng,14,607,0.427592,,,1.560775,29.251226,0.444072
shrinkage,2009-2025,odd_even,QB,fpoe_ng,15,607,0.444557,,,1.560775,29.251226,0.444072
shrinkage,2009-2025,odd_even,QB,fpoe_ng,16,607,0.460545,,,1.560775,29.251226,0.444072
shrinkage,2009-2025,odd_even,QB,fpoe_ng,17,607,0.475638,,,1.560775,29.251226,0.444072
shrinkage,2009-2025,odd_even,RB,fpoe,1,1476,0.04495,,,0.832986,17.698572,0.213145
shrinkage,2009-2025,odd_even,RB,fpoe,2,1476,0.086032,,,0.832986,17.698572,0.213145
shrinkage,2009-2025,odd_even,RB,fpoe,3,1476,0.123726,,,0.832986,17.698572,0.213145
shrinkage,2009-2025,odd_even,RB,fpoe,4,1476,0.158434,0.115777,0.198811,0.832986,17.698572,0.213145
shrinkage,2009-2025,odd_even,RB,fpoe,5,1476,0.190497,,,0.832986,17.698572,0.213145
shrinkage,2009-2025,odd_even,RB,fpoe,6,1476,0.220207,,,0.832986,17.698572,0.213145
shrinkage,2009-2025,odd_even,RB,fpoe,7,1476,0.247813,,,0.832986,17.698572,0.213145
shrinkage,2009-2025,odd_even,RB,fpoe,8,1476,0.273531,0.207527,0.33168,0.832986,17.698572,0.213145
shrinkage,2009-2025,odd_even,RB,fpoe,9,1476,0.297549,,,0.832986,17.698572,0.213145
shrinkage,2009-2025,odd_even,RB,fpoe,10,1476,0.320029,,,0.832986,17.698572,0.213145
shrinkage,2009-2025,odd_even,RB,fpoe,11,1476,0.341115,,,0.832986,17.698572,0.213145
shrinkage,2009-2025,odd_even,RB,fpoe,12,1476,0.360933,0.282026,0.426748,0.832986,17.698572,0.213145
shrinkage,2009-2025,odd_even,RB,fpoe,13,1476,0.379594,,,0.832986,17.698572,0.213145
shrinkage,2009-2025,odd_even,RB,fpoe,14,1476,0.397195,,,0.832986,17.698572,0.213145
shrinkage,2009-2025,odd_even,RB,fpoe,15,1476,0.413826,,,0.832986,17.698572,0.213145
shrinkage,2009-2025,odd_even,RB,fpoe,16,1476,0.429563,,,0.832986,17.698572,0.213145
shrinkage,2009-2025,odd_even,RB,fpoe,17,1476,0.444478,,,0.832986,17.698572,0.213145
shrinkage,2009-2025,odd_even,RB,fpoe_ng,1,1476,0.036621,,,0.571715,15.039868,0.175722
shrinkage,2009-2025,odd_even,RB,fpoe_ng,2,1476,0.070655,,,0.571715,15.039868,0.175722
shrinkage,2009-2025,odd_even,RB,fpoe_ng,3,1476,0.102366,,,0.571715,15.039868,0.175722
shrinkage,2009-2025,odd_even,RB,fpoe_ng,4,1476,0.131984,0.084672,0.177912,0.571715,15.039868,0.175722
shrinkage,2009-2025,odd_even,RB,fpoe_ng,5,1476,0.159711,,,0.571715,15.039868,0.175722
shrinkage,2009-2025,odd_even,RB,fpoe_ng,6,1476,0.185721,,,0.571715,15.039868,0.175722
shrinkage,2009-2025,odd_even,RB,fpoe_ng,7,1476,0.210169,,,0.571715,15.039868,0.175722
shrinkage,2009-2025,odd_even,RB,fpoe_ng,8,1476,0.233191,0.156125,0.302081,0.571715,15.039868,0.175722
shrinkage,2009-2025,odd_even,RB,fpoe_ng,9,1476,0.25491,,,0.571715,15.039868,0.175722
shrinkage,2009-2025,odd_even,RB,fpoe_ng,10,1476,0.275432,,,0.571715,15.039868,0.175722
shrinkage,2009-2025,odd_even,RB,fpoe_ng,11,1476,0.294854,,,0.571715,15.039868,0.175722
shrinkage,2009-2025,odd_even,RB,fpoe_ng,12,1476,0.313262,0.21723,0.393662,0.571715,15.039868,0.175722
shrinkage,2009-2025,odd_even,RB,fpoe_ng,13,1476,0.330733,,,0.571715,15.039868,0.175722
shrinkage,2009-2025,odd_even,RB,fpoe_ng,14,1476,0.347338,,,0.571715,15.039868,0.175722
shrinkage,2009-2025,odd_even,RB,fpoe_ng,15,1476,0.363138,,,0.571715,15.039868,0.175722
shrinkage,2009-2025,odd_even,RB,fpoe_ng,16,1476,0.378192,,,0.571715,15.039868,0.175722
shrinkage,2009-2025,odd_even,RB,fpoe_ng,17,1476,0.39255,,,0.571715,15.039868,0.175722
shrinkage,2009-2025,odd_even,WR,fpoe,1,2240,0.038684,,,0.902172,22.419538,0.272441
shrinkage,2009-2025,odd_even,WR,fpoe,2,2240,0.074486,,,0.902172,22.419538,0.272441
shrinkage,2009-2025,odd_even,WR,fpoe,3,2240,0.107717,,,0.902172,22.419538,0.272441
shrinkage,2009-2025,odd_even,WR,fpoe,4,2240,0.138645,0.10555,0.16968,0.902172,22.419538,0.272441
shrinkage,2009-2025,odd_even,WR,fpoe,5,2240,0.167501,,,0.902172,22.419538,0.272441
shrinkage,2009-2025,odd_even,WR,fpoe,6,2240,0.194485,,,0.902172,22.419538,0.272441
shrinkage,2009-2025,odd_even,WR,fpoe,7,2240,0.219776,,,0.902172,22.419538,0.272441
shrinkage,2009-2025,odd_even,WR,fpoe,8,2240,0.243527,0.190946,0.29013,0.902172,22.419538,0.272441
shrinkage,2009-2025,odd_even,WR,fpoe,9,2240,0.265874,,,0.902172,22.419538,0.272441
shrinkage,2009-2025,odd_even,WR,fpoe,10,2240,0.286939,,,0.902172,22.419538,0.272441
shrinkage,2009-2025,odd_even,WR,fpoe,11,2240,0.306829,,,0.902172,22.419538,0.272441
shrinkage,2009-2025,odd_even,WR,fpoe,12,2240,0.325639,0.261457,0.380061,0.902172,22.419538,0.272441
shrinkage,2009-2025,odd_even,WR,fpoe,13,2240,0.343455,,,0.902172,22.419538,0.272441
shrinkage,2009-2025,odd_even,WR,fpoe,14,2240,0.360355,,,0.902172,22.419538,0.272441
shrinkage,2009-2025,odd_even,WR,fpoe,15,2240,0.376406,,,0.902172,22.419538,0.272441
shrinkage,2009-2025,odd_even,WR,fpoe,16,2240,0.391671,,,0.902172,22.419538,0.272441
shrinkage,2009-2025,odd_even,WR,fpoe,17,2240,0.406207,,,0.902172,22.419538,0.272441
shrinkage,2009-2025,odd_even,WR,fpoe_ng,1,2240,0.031323,,,0.62052,19.190052,0.238702
shrinkage,2009-2025,odd_even,WR,fpoe_ng,2,2240,0.060743,,,0.62052,19.190052,0.238702
shrinkage,2009-2025,odd_even,WR,fpoe_ng,3,2240,0.088428,,,0.62052,19.190052,0.238702
shrinkage,2009-2025,odd_even,WR,fpoe_ng,4,2240,0.114529,0.082204,0.148898,0.62052,19.190052,0.238702
shrinkage,2009-2025,odd_even,WR,fpoe_ng,5,2240,0.139176,,,0.62052,19.190052,0.238702
shrinkage,2009-2025,odd_even,WR,fpoe_ng,6,2240,0.162488,,,0.62052,19.190052,0.238702
shrinkage,2009-2025,odd_even,WR,fpoe_ng,7,2240,0.184571,,,0.62052,19.190052,0.238702
shrinkage,2009-2025,odd_even,WR,fpoe_ng,8,2240,0.205519,0.15192,0.259202,0.62052,19.190052,0.238702
shrinkage,2009-2025,odd_even,WR,fpoe_ng,9,2240,0.225418,,,0.62052,19.190052,0.238702
shrinkage,2009-2025,odd_even,WR,fpoe_ng,10,2240,0.244345,,,0.62052,19.190052,0.238702
shrinkage,2009-2025,odd_even,WR,fpoe_ng,11,2240,0.262368,,,0.62052,19.190052,0.238702
shrinkage,2009-2025,odd_even,WR,fpoe_ng,12,2240,0.279552,0.211792,0.344195,0.62052,19.190052,0.238702
shrinkage,2009-2025,odd_even,WR,fpoe_ng,13,2240,0.295954,,,0.62052,19.190052,0.238702
shrinkage,2009-2025,odd_even,WR,fpoe_ng,14,2240,0.311625,,,0.62052,19.190052,0.238702
shrinkage,2009-2025,odd_even,WR,fpoe_ng,15,2240,0.326614,,,0.62052,19.190052,0.238702
shrinkage,2009-2025,odd_even,WR,fpoe_ng,16,2240,0.340964,,,0.62052,19.190052,0.238702
shrinkage,2009-2025,odd_even,WR,fpoe_ng,17,2240,0.354715,,,0.62052,19.190052,0.238702
shrinkage,2009-2025,odd_even,TE,fpoe,1,1098,0.033548,,,0.447742,12.898624,0.470285
shrinkage,2009-2025,odd_even,TE,fpoe,2,1098,0.064918,,,0.447742,12.898624,0.470285
shrinkage,2009-2025,odd_even,TE,fpoe,3,1098,0.094315,,,0.447742,12.898624,0.470285
shrinkage,2009-2025,odd_even,TE,fpoe,4,1098,0.121921,0.071374,0.174972,0.447742,12.898624,0.470285
shrinkage,2009-2025,odd_even,TE,fpoe,5,1098,0.147893,,,0.447742,12.898624,0.470285
shrinkage,2009-2025,odd_even,TE,fpoe,6,1098,0.172373,,,0.447742,12.898624,0.470285
shrinkage,2009-2025,odd_even,TE,fpoe,7,1098,0.195486,,,0.447742,12.898624,0.470285
shrinkage,2009-2025,odd_even,TE,fpoe,8,1098,0.217343,0.133238,0.297832,0.447742,12.898624,0.470285
shrinkage,2009-2025,odd_even,TE,fpoe,9,1098,0.238044,,,0.447742,12.898624,0.470285
shrinkage,2009-2025,odd_even,TE,fpoe,10,1098,0.257678,,,0.447742,12.898624,0.470285
shrinkage,2009-2025,odd_even,TE,fpoe,11,1098,0.276325,,,0.447742,12.898624,0.470285
shrinkage,2009-2025,odd_even,TE,fpoe,12,1098,0.294059,0.187375,0.388843,0.447742,12.898624,0.470285
shrinkage,2009-2025,odd_even,TE,fpoe,13,1098,0.310944,,,0.447742,12.898624,0.470285
shrinkage,2009-2025,odd_even,TE,fpoe,14,1098,0.32704,,,0.447742,12.898624,0.470285
shrinkage,2009-2025,odd_even,TE,fpoe,15,1098,0.342402,,,0.447742,12.898624,0.470285
shrinkage,2009-2025,odd_even,TE,fpoe,16,1098,0.357078,,,0.447742,12.898624,0.470285
shrinkage,2009-2025,odd_even,TE,fpoe,17,1098,0.371113,,,0.447742,12.898624,0.470285
shrinkage,2009-2025,odd_even,TE,fpoe_ng,1,1098,0.032129,,,0.361506,10.890298,0.413388
shrinkage,2009-2025,odd_even,TE,fpoe_ng,2,1098,0.062257,,,0.361506,10.890298,0.413388
shrinkage,2009-2025,odd_even,TE,fpoe_ng,3,1098,0.090567,,,0.361506,10.890298,0.413388
shrinkage,2009-2025,odd_even,TE,fpoe_ng,4,1098,0.117217,0.067873,0.17081,0.361506,10.890298,0.413388
shrinkage,2009-2025,odd_even,TE,fpoe_ng,5,1098,0.14235,,,0.361506,10.890298,0.413388
shrinkage,2009-2025,odd_even,TE,fpoe_ng,6,1098,0.166091,,,0.361506,10.890298,0.413388
shrinkage,2009-2025,odd_even,TE,fpoe_ng,7,1098,0.188553,,,0.361506,10.890298,0.413388
shrinkage,2009-2025,odd_even,TE,fpoe_ng,8,1098,0.209837,0.127118,0.291781,0.361506,10.890298,0.413388
shrinkage,2009-2025,odd_even,TE,fpoe_ng,9,1098,0.230033,,,0.361506,10.890298,0.413388
shrinkage,2009-2025,odd_even,TE,fpoe_ng,10,1098,0.249222,,,0.361506,10.890298,0.413388
shrinkage,2009-2025,odd_even,TE,fpoe_ng,11,1098,0.267479,,,0.361506,10.890298,0.413388
shrinkage,2009-2025,odd_even,TE,fpoe_ng,12,1098,0.284868,0.179282,0.381949,0.361506,10.890298,0.413388
shrinkage,2009-2025,odd_even,TE,fpoe_ng,13,1098,0.301451,,,0.361506,10.890298,0.413388
shrinkage,2009-2025,odd_even,TE,fpoe_ng,14,1098,0.317282,,,0.361506,10.890298,0.413388
shrinkage,2009-2025,odd_even,TE,fpoe_ng,15,1098,0.332412,,,0.361506,10.890298,0.413388
shrinkage,2009-2025,odd_even,TE,fpoe_ng,16,1098,0.346885,,,0.361506,10.890298,0.413388
shrinkage,2009-2025,odd_even,TE,fpoe_ng,17,1098,0.360744,,,0.361506,10.890298,0.413388
shrinkage,2009-2014,odd_even,QB,fpoe,1,217,0.07436,,,2.768592,34.463498,0.296687
shrinkage,2009-2014,odd_even,QB,fpoe,2,217,0.138427,,,2.768592,34.463498,0.296687
shrinkage,2009-2014,odd_even,QB,fpoe,3,217,0.1942,,,2.768592,34.463498,0.296687
shrinkage,2009-2014,odd_even,QB,fpoe,4,217,0.24319,,,2.768592,34.463498,0.296687
shrinkage,2009-2014,odd_even,QB,fpoe,5,217,0.286565,,,2.768592,34.463498,0.296687
shrinkage,2009-2014,odd_even,QB,fpoe,6,217,0.325238,,,2.768592,34.463498,0.296687
shrinkage,2009-2014,odd_even,QB,fpoe,7,217,0.359934,,,2.768592,34.463498,0.296687
shrinkage,2009-2014,odd_even,QB,fpoe,8,217,0.391236,,,2.768592,34.463498,0.296687
shrinkage,2009-2014,odd_even,QB,fpoe,9,217,0.419619,,,2.768592,34.463498,0.296687
shrinkage,2009-2014,odd_even,QB,fpoe,10,217,0.445473,,,2.768592,34.463498,0.296687
shrinkage,2009-2014,odd_even,QB,fpoe,11,217,0.469123,,,2.768592,34.463498,0.296687
shrinkage,2009-2014,odd_even,QB,fpoe,12,217,0.490837,,,2.768592,34.463498,0.296687
shrinkage,2009-2014,odd_even,QB,fpoe,13,217,0.510845,,,2.768592,34.463498,0.296687
shrinkage,2009-2014,odd_even,QB,fpoe,14,217,0.52934,,,2.768592,34.463498,0.296687
shrinkage,2009-2014,odd_even,QB,fpoe,15,217,0.546487,,,2.768592,34.463498,0.296687
shrinkage,2009-2014,odd_even,QB,fpoe,16,217,0.562429,,,2.768592,34.463498,0.296687
shrinkage,2009-2014,odd_even,QB,fpoe,17,217,0.577288,,,2.768592,34.463498,0.296687
shrinkage,2009-2014,odd_even,QB,fpoe_ng,1,217,0.079158,,,2.240359,26.061982,0.262893
shrinkage,2009-2014,odd_even,QB,fpoe_ng,2,217,0.146703,,,2.240359,26.061982,0.262893
shrinkage,2009-2014,odd_even,QB,fpoe_ng,3,217,0.205017,,,2.240359,26.061982,0.262893
shrinkage,2009-2014,odd_even,QB,fpoe_ng,4,217,0.25587,,,2.240359,26.061982,0.262893
shrinkage,2009-2014,odd_even,QB,fpoe_ng,5,217,0.300608,,,2.240359,26.061982,0.262893
shrinkage,2009-2014,odd_even,QB,fpoe_ng,6,217,0.340272,,,2.240359,26.061982,0.262893
shrinkage,2009-2014,odd_even,QB,fpoe_ng,7,217,0.375679,,,2.240359,26.061982,0.262893
shrinkage,2009-2014,odd_even,QB,fpoe_ng,8,217,0.407478,,,2.240359,26.061982,0.262893
shrinkage,2009-2014,odd_even,QB,fpoe_ng,9,217,0.436196,,,2.240359,26.061982,0.262893
shrinkage,2009-2014,odd_even,QB,fpoe_ng,10,217,0.462258,,,2.240359,26.061982,0.262893
shrinkage,2009-2014,odd_even,QB,fpoe_ng,11,217,0.486017,,,2.240359,26.061982,0.262893
shrinkage,2009-2014,odd_even,QB,fpoe_ng,12,217,0.507766,,,2.240359,26.061982,0.262893
shrinkage,2009-2014,odd_even,QB,fpoe_ng,13,217,0.527748,,,2.240359,26.061982,0.262893
shrinkage,2009-2014,odd_even,QB,fpoe_ng,14,217,0.546172,,,2.240359,26.061982,0.262893
shrinkage,2009-2014,odd_even,QB,fpoe_ng,15,217,0.563212,,,2.240359,26.061982,0.262893
shrinkage,2009-2014,odd_even,QB,fpoe_ng,16,217,0.579019,,,2.240359,26.061982,0.262893
shrinkage,2009-2014,odd_even,QB,fpoe_ng,17,217,0.593722,,,2.240359,26.061982,0.262893
shrinkage,2009-2014,odd_even,RB,fpoe,1,488,0.065448,,,1.096478,15.656964,0.026381
shrinkage,2009-2014,odd_even,RB,fpoe,2,488,0.122855,,,1.096478,15.656964,0.026381
shrinkage,2009-2014,odd_even,RB,fpoe,3,488,0.173618,,,1.096478,15.656964,0.026381
shrinkage,2009-2014,odd_even,RB,fpoe,4,488,0.218826,,,1.096478,15.656964,0.026381
shrinkage,2009-2014,odd_even,RB,fpoe,5,488,0.259345,,,1.096478,15.656964,0.026381
shrinkage,2009-2014,odd_even,RB,fpoe,6,488,0.295868,,,1.096478,15.656964,0.026381
shrinkage,2009-2014,odd_even,RB,fpoe,7,488,0.328958,,,1.096478,15.656964,0.026381
shrinkage,2009-2014,odd_even,RB,fpoe,8,488,0.359077,,,1.096478,15.656964,0.026381
shrinkage,2009-2014,odd_even,RB,fpoe,9,488,0.386609,,,1.096478,15.656964,0.026381
shrinkage,2009-2014,odd_even,RB,fpoe,10,488,0.411873,,,1.096478,15.656964,0.026381
shrinkage,2009-2014,odd_even,RB,fpoe,11,488,0.435138,,,1.096478,15.656964,0.026381
shrinkage,2009-2014,odd_even,RB,fpoe,12,488,0.456633,,,1.096478,15.656964,0.026381
shrinkage,2009-2014,odd_even,RB,fpoe,13,488,0.476551,,,1.096478,15.656964,0.026381
shrinkage,2009-2014,odd_even,RB,fpoe,14,488,0.495061,,,1.096478,15.656964,0.026381
shrinkage,2009-2014,odd_even,RB,fpoe,15,488,0.512307,,,1.096478,15.656964,0.026381
shrinkage,2009-2014,odd_even,RB,fpoe,16,488,0.528413,,,1.096478,15.656964,0.026381
shrinkage,2009-2014,odd_even,RB,fpoe,17,488,0.54349,,,1.096478,15.656964,0.026381
shrinkage,2009-2014,odd_even,RB,fpoe_ng,1,488,0.053781,,,0.775197,13.638858,0.026554
shrinkage,2009-2014,odd_even,RB,fpoe_ng,2,488,0.102072,,,0.775197,13.638858,0.026554
shrinkage,2009-2014,odd_even,RB,fpoe_ng,3,488,0.145673,,,0.775197,13.638858,0.026554
shrinkage,2009-2014,odd_even,RB,fpoe_ng,4,488,0.185236,,,0.775197,13.638858,0.026554
shrinkage,2009-2014,odd_even,RB,fpoe_ng,5,488,0.221297,,,0.775197,13.638858,0.026554
shrinkage,2009-2014,odd_even,RB,fpoe_ng,6,488,0.254301,,,0.775197,13.638858,0.026554
shrinkage,2009-2014,odd_even,RB,fpoe_ng,7,488,0.284622,,,0.775197,13.638858,0.026554
shrinkage,2009-2014,odd_even,RB,fpoe_ng,8,488,0.312573,,,0.775197,13.638858,0.026554
shrinkage,2009-2014,odd_even,RB,fpoe_ng,9,488,0.338422,,,0.775197,13.638858,0.026554
shrinkage,2009-2014,odd_even,RB,fpoe_ng,10,488,0.362397,,,0.775197,13.638858,0.026554
shrinkage,2009-2014,odd_even,RB,fpoe_ng,11,488,0.384695,,,0.775197,13.638858,0.026554
shrinkage,2009-2014,odd_even,RB,fpoe_ng,12,488,0.405487,,,0.775197,13.638858,0.026554
shrinkage,2009-2014,odd_even,RB,fpoe_ng,13,488,0.424919,,,0.775197,13.638858,0.026554
shrinkage,2009-2014,odd_even,RB,fpoe_ng,14,488,0.443121,,,0.775197,13.638858,0.026554
shrinkage,2009-2014,odd_even,RB,fpoe_ng,15,488,0.460207,,,0.775197,13.638858,0.026554
shrinkage,2009-2014,odd_even,RB,fpoe_ng,16,488,0.476275,,,0.775197,13.638858,0.026554
shrinkage,2009-2014,odd_even,RB,fpoe_ng,17,488,0.491414,,,0.775197,13.638858,0.026554
shrinkage,2009-2014,odd_even,WR,fpoe,1,747,0.044509,,,1.118623,24.013918,0.076552
shrinkage,2009-2014,odd_even,WR,fpoe,2,747,0.085225,,,1.118623,24.013918,0.076552
shrinkage,2009-2014,odd_even,WR,fpoe,3,747,0.122612,,,1.118623,24.013918,0.076552
shrinkage,2009-2014,odd_even,WR,fpoe,4,747,0.157064,,,1.118623,24.013918,0.076552
shrinkage,2009-2014,odd_even,WR,fpoe,5,747,0.188912,,,1.118623,24.013918,0.076552
shrinkage,2009-2014,odd_even,WR,fpoe,6,747,0.218441,,,1.118623,24.013918,0.076552
shrinkage,2009-2014,odd_even,WR,fpoe,7,747,0.245895,,,1.118623,24.013918,0.076552
shrinkage,2009-2014,odd_even,WR,fpoe,8,747,0.271487,,,1.118623,24.013918,0.076552
shrinkage,2009-2014,odd_even,WR,fpoe,9,747,0.295398,,,1.118623,24.013918,0.076552
shrinkage,2009-2014,odd_even,WR,fpoe,10,747,0.317789,,,1.118623,24.013918,0.076552
shrinkage,2009-2014,odd_even,WR,fpoe,11,747,0.338802,,,1.118623,24.013918,0.076552
shrinkage,2009-2014,odd_even,WR,fpoe,12,747,0.358558,,,1.118623,24.013918,0.076552
shrinkage,2009-2014,odd_even,WR,fpoe,13,747,0.377168,,,1.118623,24.013918,0.076552
shrinkage,2009-2014,odd_even,WR,fpoe,14,747,0.394729,,,1.118623,24.013918,0.076552
shrinkage,2009-2014,odd_even,WR,fpoe,15,747,0.411326,,,1.118623,24.013918,0.076552
shrinkage,2009-2014,odd_even,WR,fpoe,16,747,0.427038,,,1.118623,24.013918,0.076552
shrinkage,2009-2014,odd_even,WR,fpoe,17,747,0.441933,,,1.118623,24.013918,0.076552
shrinkage,2009-2014,odd_even,WR,fpoe_ng,1,747,0.036531,,,0.757726,19.984083,0.064739
shrinkage,2009-2014,odd_even,WR,fpoe_ng,2,747,0.070488,,,0.757726,19.984083,0.064739
shrinkage,2009-2014,odd_even,WR,fpoe_ng,3,747,0.102132,,,0.757726,19.984083,0.064739
shrinkage,2009-2014,odd_even,WR,fpoe_ng,4,747,0.131693,,,0.757726,19.984083,0.064739
shrinkage,2009-2014,odd_even,WR,fpoe_ng,5,747,0.159369,,,0.757726,19.984083,0.064739
shrinkage,2009-2014,odd_even,WR,fpoe_ng,6,747,0.185335,,,0.757726,19.984083,0.064739
shrinkage,2009-2014,odd_even,WR,fpoe_ng,7,747,0.209746,,,0.757726,19.984083,0.064739
shrinkage,2009-2014,odd_even,WR,fpoe_ng,8,747,0.232736,,,0.757726,19.984083,0.064739
shrinkage,2009-2014,odd_even,WR,fpoe_ng,9,747,0.254426,,,0.757726,19.984083,0.064739
shrinkage,2009-2014,odd_even,WR,fpoe_ng,10,747,0.274924,,,0.757726,19.984083,0.064739
shrinkage,2009-2014,odd_even,WR,fpoe_ng,11,747,0.294324,,,0.757726,19.984083,0.064739
shrinkage,2009-2014,odd_even,WR,fpoe_ng,12,747,0.312714,,,0.757726,19.984083,0.064739
shrinkage,2009-2014,odd_even,WR,fpoe_ng,13,747,0.330169,,,0.757726,19.984083,0.064739
shrinkage,2009-2014,odd_even,WR,fpoe_ng,14,747,0.34676,,,0.757726,19.984083,0.064739
shrinkage,2009-2014,odd_even,WR,fpoe_ng,15,747,0.362549,,,0.757726,19.984083,0.064739
shrinkage,2009-2014,odd_even,WR,fpoe_ng,16,747,0.377592,,,0.757726,19.984083,0.064739
shrinkage,2009-2014,odd_even,WR,fpoe_ng,17,747,0.391942,,,0.757726,19.984083,0.064739
shrinkage,2009-2014,odd_even,TE,fpoe,1,352,0.037641,,,0.575943,14.724974,0.394677
shrinkage,2009-2014,odd_even,TE,fpoe,2,352,0.072551,,,0.575943,14.724974,0.394677
shrinkage,2009-2014,odd_even,TE,fpoe,3,352,0.105017,,,0.575943,14.724974,0.394677
shrinkage,2009-2014,odd_even,TE,fpoe,4,352,0.135287,,,0.575943,14.724974,0.394677
shrinkage,2009-2014,odd_even,TE,fpoe,5,352,0.163577,,,0.575943,14.724974,0.394677
shrinkage,2009-2014,odd_even,TE,fpoe,6,352,0.190074,,,0.575943,14.724974,0.394677
shrinkage,2009-2014,odd_even,TE,fpoe,7,352,0.214943,,,0.575943,14.724974,0.394677
shrinkage,2009-2014,odd_even,TE,fpoe,8,352,0.238331,,,0.575943,14.724974,0.394677
shrinkage,2009-2014,odd_even,TE,fpoe,9,352,0.260366,,,0.575943,14.724974,0.394677
shrinkage,2009-2014,odd_even,TE,fpoe,10,352,0.281162,,,0.575943,14.724974,0.394677
shrinkage,2009-2014,odd_even,TE,fpoe,11,352,0.30082,,,0.575943,14.724974,0.394677
shrinkage,2009-2014,odd_even,TE,fpoe,12,352,0.319432,,,0.575943,14.724974,0.394677
shrinkage,2009-2014,odd_even,TE,fpoe,13,352,0.337078,,,0.575943,14.724974,0.394677
shrinkage,2009-2014,odd_even,TE,fpoe,14,352,0.353833,,,0.575943,14.724974,0.394677
shrinkage,2009-2014,odd_even,TE,fpoe,15,352,0.369761,,,0.575943,14.724974,0.394677
shrinkage,2009-2014,odd_even,TE,fpoe,16,352,0.384924,,,0.575943,14.724974,0.394677
shrinkage,2009-2014,odd_even,TE,fpoe,17,352,0.399373,,,0.575943,14.724974,0.394677
shrinkage,2009-2014,odd_even,TE,fpoe_ng,1,352,0.032805,,,0.422652,12.461184,0.341779
shrinkage,2009-2014,odd_even,TE,fpoe_ng,2,352,0.063526,,,0.422652,12.461184,0.341779
shrinkage,2009-2014,odd_even,TE,fpoe_ng,3,352,0.092355,,,0.422652,12.461184,0.341779
shrinkage,2009-2014,odd_even,TE,fpoe_ng,4,352,0.119462,,,0.422652,12.461184,0.341779
shrinkage,2009-2014,odd_even,TE,fpoe_ng,5,352,0.144998,,,0.422652,12.461184,0.341779
shrinkage,2009-2014,odd_even,TE,fpoe_ng,6,352,0.169094,,,0.422652,12.461184,0.341779
shrinkage,2009-2014,odd_even,TE,fpoe_ng,7,352,0.191869,,,0.422652,12.461184,0.341779
shrinkage,2009-2014,odd_even,TE,fpoe_ng,8,352,0.213428,,,0.422652,12.461184,0.341779
shrinkage,2009-2014,odd_even,TE,fpoe_ng,9,352,0.233868,,,0.422652,12.461184,0.341779
shrinkage,2009-2014,odd_even,TE,fpoe_ng,10,352,0.253272,,,0.422652,12.461184,0.341779
shrinkage,2009-2014,odd_even,TE,fpoe_ng,11,352,0.271717,,,0.422652,12.461184,0.341779
shrinkage,2009-2014,odd_even,TE,fpoe_ng,12,352,0.289273,,,0.422652,12.461184,0.341779
shrinkage,2009-2014,odd_even,TE,fpoe_ng,13,352,0.306002,,,0.422652,12.461184,0.341779
shrinkage,2009-2014,odd_even,TE,fpoe_ng,14,352,0.321963,,,0.422652,12.461184,0.341779
shrinkage,2009-2014,odd_even,TE,fpoe_ng,15,352,0.337205,,,0.422652,12.461184,0.341779
shrinkage,2009-2014,odd_even,TE,fpoe_ng,16,352,0.351777,,,0.422652,12.461184,0.341779
shrinkage,2009-2014,odd_even,TE,fpoe_ng,17,352,0.365723,,,0.422652,12.461184,0.341779
shrinkage,2015-2019,odd_even,QB,fpoe,1,169,0.051345,,,2.063776,38.130136,0.782372
shrinkage,2015-2019,odd_even,QB,fpoe,2,169,0.097676,,,2.063776,38.130136,0.782372
shrinkage,2015-2019,odd_even,QB,fpoe,3,169,0.139691,,,2.063776,38.130136,0.782372
shrinkage,2015-2019,odd_even,QB,fpoe,4,169,0.177968,,,2.063776,38.130136,0.782372
shrinkage,2015-2019,odd_even,QB,fpoe,5,169,0.212984,,,2.063776,38.130136,0.782372
shrinkage,2015-2019,odd_even,QB,fpoe,6,169,0.245139,,,2.063776,38.130136,0.782372
shrinkage,2015-2019,odd_even,QB,fpoe,7,169,0.274769,,,2.063776,38.130136,0.782372
shrinkage,2015-2019,odd_even,QB,fpoe,8,169,0.302162,,,2.063776,38.130136,0.782372
shrinkage,2015-2019,odd_even,QB,fpoe,9,169,0.32756,,,2.063776,38.130136,0.782372
shrinkage,2015-2019,odd_even,QB,fpoe,10,169,0.351174,,,2.063776,38.130136,0.782372
shrinkage,2015-2019,odd_even,QB,fpoe,11,169,0.373186,,,2.063776,38.130136,0.782372
shrinkage,2015-2019,odd_even,QB,fpoe,12,169,0.393754,,,2.063776,38.130136,0.782372
shrinkage,2015-2019,odd_even,QB,fpoe,13,169,0.413014,,,2.063776,38.130136,0.782372
shrinkage,2015-2019,odd_even,QB,fpoe,14,169,0.431089,,,2.063776,38.130136,0.782372
shrinkage,2015-2019,odd_even,QB,fpoe,15,169,0.448083,,,2.063776,38.130136,0.782372
shrinkage,2015-2019,odd_even,QB,fpoe,16,169,0.464092,,,2.063776,38.130136,0.782372
shrinkage,2015-2019,odd_even,QB,fpoe,17,169,0.479199,,,2.063776,38.130136,0.782372
shrinkage,2015-2019,odd_even,QB,fpoe_ng,1,169,0.029877,,,1.127804,36.620173,0.633208
shrinkage,2015-2019,odd_even,QB,fpoe_ng,2,169,0.058021,,,1.127804,36.620173,0.633208
shrinkage,2015-2019,odd_even,QB,fpoe_ng,3,169,0.084578,,,1.127804,36.620173,0.633208
shrinkage,2015-2019,odd_even,QB,fpoe_ng,4,169,0.109678,,,1.127804,36.620173,0.633208
shrinkage,2015-2019,odd_even,QB,fpoe_ng,5,169,0.133439,,,1.127804,36.620173,0.633208
shrinkage,2015-2019,odd_even,QB,fpoe_ng,6,169,0.155964,,,1.127804,36.620173,0.633208
shrinkage,2015-2019,odd_even,QB,fpoe_ng,7,169,0.177348,,,1.127804,36.620173,0.633208
shrinkage,2015-2019,odd_even,QB,fpoe_ng,8,169,0.197676,,,1.127804,36.620173,0.633208
shrinkage,2015-2019,odd_even,QB,fpoe_ng,9,169,0.217023,,,1.127804,36.620173,0.633208
shrinkage,2015-2019,odd_even,QB,fpoe_ng,10,169,0.235459,,,1.127804,36.620173,0.633208
shrinkage,2015-2019,odd_even,QB,fpoe_ng,11,169,0.253046,,,1.127804,36.620173,0.633208
shrinkage,2015-2019,odd_even,QB,fpoe_ng,12,169,0.269843,,,1.127804,36.620173,0.633208
shrinkage,2015-2019,odd_even,QB,fpoe_ng,13,169,0.285901,,,1.127804,36.620173,0.633208
shrinkage,2015-2019,odd_even,QB,fpoe_ng,14,169,0.301268,,,1.127804,36.620173,0.633208
shrinkage,2015-2019,odd_even,QB,fpoe_ng,15,169,0.315987,,,1.127804,36.620173,0.633208
shrinkage,2015-2019,odd_even,QB,fpoe_ng,16,169,0.330099,,,1.127804,36.620173,0.633208
shrinkage,2015-2019,odd_even,QB,fpoe_ng,17,169,0.34364,,,1.127804,36.620173,0.633208
shrinkage,2015-2019,odd_even,RB,fpoe,1,445,0.050398,,,0.97155,18.305983,0.287285
shrinkage,2015-2019,odd_even,RB,fpoe,2,445,0.09596,,,0.97155,18.305983,0.287285
shrinkage,2015-2019,odd_even,RB,fpoe,3,445,0.13735,,,0.97155,18.305983,0.287285
shrinkage,2015-2019,odd_even,RB,fpoe,4,445,0.175116,,,0.97155,18.305983,0.287285
shrinkage,2015-2019,odd_even,RB,fpoe,5,445,0.209714,,,0.97155,18.305983,0.287285
shrinkage,2015-2019,odd_even,RB,fpoe,6,445,0.241526,,,0.97155,18.305983,0.287285
shrinkage,2015-2019,odd_even,RB,fpoe,7,445,0.270876,,,0.97155,18.305983,0.287285
shrinkage,2015-2019,odd_even,RB,fpoe,8,445,0.29804,,,0.97155,18.305983,0.287285
shrinkage,2015-2019,odd_even,RB,fpoe,9,445,0.323252,,,0.97155,18.305983,0.287285
shrinkage,2015-2019,odd_even,RB,fpoe,10,445,0.346716,,,0.97155,18.305983,0.287285
shrinkage,2015-2019,odd_even,RB,fpoe,11,445,0.368607,,,0.97155,18.305983,0.287285
shrinkage,2015-2019,odd_even,RB,fpoe,12,445,0.389079,,,0.97155,18.305983,0.287285
shrinkage,2015-2019,odd_even,RB,fpoe,13,445,0.408265,,,0.97155,18.305983,0.287285
shrinkage,2015-2019,odd_even,RB,fpoe,14,445,0.426283,,,0.97155,18.305983,0.287285
shrinkage,2015-2019,odd_even,RB,fpoe,15,445,0.443236,,,0.97155,18.305983,0.287285
shrinkage,2015-2019,odd_even,RB,fpoe,16,445,0.459215,,,0.97155,18.305983,0.287285
shrinkage,2015-2019,odd_even,RB,fpoe,17,445,0.474303,,,0.97155,18.305983,0.287285
shrinkage,2015-2019,odd_even,RB,fpoe_ng,1,445,0.037756,,,0.616651,15.715691,0.23391
shrinkage,2015-2019,odd_even,RB,fpoe_ng,2,445,0.072765,,,0.616651,15.715691,0.23391
shrinkage,2015-2019,odd_even,RB,fpoe_ng,3,445,0.105317,,,0.616651,15.715691,0.23391
shrinkage,2015-2019,odd_even,RB,fpoe_ng,4,445,0.13566,,,0.616651,15.715691,0.23391
shrinkage,2015-2019,odd_even,RB,fpoe_ng,5,445,0.164012,,,0.616651,15.715691,0.23391
shrinkage,2015-2019,odd_even,RB,fpoe_ng,6,445,0.190564,,,0.616651,15.715691,0.23391
shrinkage,2015-2019,odd_even,RB,fpoe_ng,7,445,0.21548,,,0.616651,15.715691,0.23391
shrinkage,2015-2019,odd_even,RB,fpoe_ng,8,445,0.238909,,,0.616651,15.715691,0.23391
shrinkage,2015-2019,odd_even,RB,fpoe_ng,9,445,0.260979,,,0.616651,15.715691,0.23391
shrinkage,2015-2019,odd_even,RB,fpoe_ng,10,445,0.281805,,,0.616651,15.715691,0.23391
shrinkage,2015-2019,odd_even,RB,fpoe_ng,11,445,0.301489,,,0.616651,15.715691,0.23391
shrinkage,2015-2019,odd_even,RB,fpoe_ng,12,445,0.320123,,,0.616651,15.715691,0.23391
shrinkage,2015-2019,odd_even,RB,fpoe_ng,13,445,0.337789,,,0.616651,15.715691,0.23391
shrinkage,2015-2019,odd_even,RB,fpoe_ng,14,445,0.35456,,,0.616651,15.715691,0.23391
shrinkage,2015-2019,odd_even,RB,fpoe_ng,15,445,0.370502,,,0.616651,15.715691,0.23391
shrinkage,2015-2019,odd_even,RB,fpoe_ng,16,445,0.385676,,,0.616651,15.715691,0.23391
shrinkage,2015-2019,odd_even,RB,fpoe_ng,17,445,0.400136,,,0.616651,15.715691,0.23391
shrinkage,2015-2019,odd_even,WR,fpoe,1,659,0.023235,,,0.601708,25.294539,0.309585
shrinkage,2015-2019,odd_even,WR,fpoe,2,659,0.045415,,,0.601708,25.294539,0.309585
shrinkage,2015-2019,odd_even,WR,fpoe,3,659,0.066611,,,0.601708,25.294539,0.309585
shrinkage,2015-2019,odd_even,WR,fpoe,4,659,0.086885,,,0.601708,25.294539,0.309585
shrinkage,2015-2019,odd_even,WR,fpoe,5,659,0.106297,,,0.601708,25.294539,0.309585
shrinkage,2015-2019,odd_even,WR,fpoe,6,659,0.124901,,,0.601708,25.294539,0.309585
shrinkage,2015-2019,odd_even,WR,fpoe,7,659,0.142747,,,0.601708,25.294539,0.309585
shrinkage,2015-2019,odd_even,WR,fpoe,8,659,0.159879,,,0.601708,25.294539,0.309585
shrinkage,2015-2019,odd_even,WR,fpoe,9,659,0.17634,,,0.601708,25.294539,0.309585
shrinkage,2015-2019,odd_even,WR,fpoe,10,659,0.192168,,,0.601708,25.294539,0.309585
shrinkage,2015-2019,odd_even,WR,fpoe,11,659,0.207399,,,0.601708,25.294539,0.309585
shrinkage,2015-2019,odd_even,WR,fpoe,12,659,0.222066,,,0.601708,25.294539,0.309585
shrinkage,2015-2019,odd_even,WR,fpoe,13,659,0.236201,,,0.601708,25.294539,0.309585
shrinkage,2015-2019,odd_even,WR,fpoe,14,659,0.249831,,,0.601708,25.294539,0.309585
shrinkage,2015-2019,odd_even,WR,fpoe,15,659,0.262983,,,0.601708,25.294539,0.309585
shrinkage,2015-2019,odd_even,WR,fpoe,16,659,0.275682,,,0.601708,25.294539,0.309585
shrinkage,2015-2019,odd_even,WR,fpoe,17,659,0.287951,,,0.601708,25.294539,0.309585
shrinkage,2015-2019,odd_even,WR,fpoe_ng,1,659,0.016324,,,0.364438,21.960942,0.245852
shrinkage,2015-2019,odd_even,WR,fpoe_ng,2,659,0.032123,,,0.364438,21.960942,0.245852
shrinkage,2015-2019,odd_even,WR,fpoe_ng,3,659,0.047423,,,0.364438,21.960942,0.245852
shrinkage,2015-2019,odd_even,WR,fpoe_ng,4,659,0.062247,,,0.364438,21.960942,0.245852
shrinkage,2015-2019,odd_even,WR,fpoe_ng,5,659,0.076617,,,0.364438,21.960942,0.245852
shrinkage,2015-2019,odd_even,WR,fpoe_ng,6,659,0.090553,,,0.364438,21.960942,0.245852
shrinkage,2015-2019,odd_even,WR,fpoe_ng,7,659,0.104074,,,0.364438,21.960942,0.245852
shrinkage,2015-2019,odd_even,WR,fpoe_ng,8,659,0.117199,,,0.364438,21.960942,0.245852
shrinkage,2015-2019,odd_even,WR,fpoe_ng,9,659,0.129945,,,0.364438,21.960942,0.245852
shrinkage,2015-2019,odd_even,WR,fpoe_ng,10,659,0.142329,,,0.364438,21.960942,0.245852
shrinkage,2015-2019,odd_even,WR,fpoe_ng,11,659,0.154365,,,0.364438,21.960942,0.245852
shrinkage,2015-2019,odd_even,WR,fpoe_ng,12,659,0.166067,,,0.364438,21.960942,0.245852
shrinkage,2015-2019,odd_even,WR,fpoe_ng,13,659,0.177451,,,0.364438,21.960942,0.245852
shrinkage,2015-2019,odd_even,WR,fpoe_ng,14,659,0.188527,,,0.364438,21.960942,0.245852
shrinkage,2015-2019,odd_even,WR,fpoe_ng,15,659,0.19931,,,0.364438,21.960942,0.245852
shrinkage,2015-2019,odd_even,WR,fpoe_ng,16,659,0.209809,,,0.364438,21.960942,0.245852
shrinkage,2015-2019,odd_even,WR,fpoe_ng,17,659,0.220037,,,0.364438,21.960942,0.245852
shrinkage,2015-2019,odd_even,TE,fpoe,1,327,0.02342,,,0.286579,11.949746,0.420693
shrinkage,2015-2019,odd_even,TE,fpoe,2,327,0.045769,,,0.286579,11.949746,0.420693
shrinkage,2015-2019,odd_even,TE,fpoe,3,327,0.067117,,,0.286579,11.949746,0.420693
shrinkage,2015-2019,odd_even,TE,fpoe,4,327,0.087531,,,0.286579,11.949746,0.420693
shrinkage,2015-2019,odd_even,TE,fpoe,5,327,0.107071,,,0.286579,11.949746,0.420693
shrinkage,2015-2019,odd_even,TE,fpoe,6,327,0.125792,,,0.286579,11.949746,0.420693
shrinkage,2015-2019,odd_even,TE,fpoe,7,327,0.143743,,,0.286579,11.949746,0.420693
shrinkage,2015-2019,odd_even,TE,fpoe,8,327,0.160972,,,0.286579,11.949746,0.420693
shrinkage,2015-2019,odd_even,TE,fpoe,9,327,0.177522,,,0.286579,11.949746,0.420693
shrinkage,2015-2019,odd_even,TE,fpoe,10,327,0.193431,,,0.286579,11.949746,0.420693
shrinkage,2015-2019,odd_even,TE,fpoe,11,327,0.208737,,,0.286579,11.949746,0.420693
shrinkage,2015-2019,odd_even,TE,fpoe,12,327,0.223472,,,0.286579,11.949746,0.420693
shrinkage,2015-2019,odd_even,TE,fpoe,13,327,0.237669,,,0.286579,11.949746,0.420693
shrinkage,2015-2019,odd_even,TE,fpoe,14,327,0.251356,,,0.286579,11.949746,0.420693
shrinkage,2015-2019,odd_even,TE,fpoe,15,327,0.26456,,,0.286579,11.949746,0.420693
shrinkage,2015-2019,odd_even,TE,fpoe,16,327,0.277306,,,0.286579,11.949746,0.420693
shrinkage,2015-2019,odd_even,TE,fpoe,17,327,0.289618,,,0.286579,11.949746,0.420693
shrinkage,2015-2019,odd_even,TE,fpoe_ng,1,327,0.020575,,,0.219918,10.468941,0.394043
shrinkage,2015-2019,odd_even,TE,fpoe_ng,2,327,0.04032,,,0.219918,10.468941,0.394043
shrinkage,2015-2019,odd_even,TE,fpoe_ng,3,327,0.059284,,,0.219918,10.468941,0.394043
shrinkage,2015-2019,odd_even,TE,fpoe_ng,4,327,0.077514,,,0.219918,10.468941,0.394043
shrinkage,2015-2019,odd_even,TE,fpoe_ng,5,327,0.09505,,,0.219918,10.468941,0.394043
shrinkage,2015-2019,odd_even,TE,fpoe_ng,6,327,0.111932,,,0.219918,10.468941,0.394043
shrinkage,2015-2019,odd_even,TE,fpoe_ng,7,327,0.128196,,,0.219918,10.468941,0.394043
shrinkage,2015-2019,odd_even,TE,fpoe_ng,8,327,0.143875,,,0.219918,10.468941,0.394043
shrinkage,2015-2019,odd_even,TE,fpoe_ng,9,327,0.159,,,0.219918,10.468941,0.394043
shrinkage,2015-2019,odd_even,TE,fpoe_ng,10,327,0.1736,,,0.219918,10.468941,0.394043
shrinkage,2015-2019,odd_even,TE,fpoe_ng,11,327,0.187701,,,0.219918,10.468941,0.394043
shrinkage,2015-2019,odd_even,TE,fpoe_ng,12,327,0.20133,,,0.219918,10.468941,0.394043
shrinkage,2015-2019,odd_even,TE,fpoe_ng,13,327,0.214508,,,0.219918,10.468941,0.394043
shrinkage,2015-2019,odd_even,TE,fpoe_ng,14,327,0.227259,,,0.219918,10.468941,0.394043
shrinkage,2015-2019,odd_even,TE,fpoe_ng,15,327,0.239602,,,0.219918,10.468941,0.394043
shrinkage,2015-2019,odd_even,TE,fpoe_ng,16,327,0.251557,,,0.219918,10.468941,0.394043
shrinkage,2015-2019,odd_even,TE,fpoe_ng,17,327,0.263143,,,0.219918,10.468941,0.394043
shrinkage,2020-2025,odd_even,QB,fpoe,1,221,0.037623,,,1.329932,34.019107,0.504889
shrinkage,2020-2025,odd_even,QB,fpoe,2,221,0.072517,,,1.329932,34.019107,0.504889
shrinkage,2020-2025,odd_even,QB,fpoe,3,221,0.10497,,,1.329932,34.019107,0.504889
shrinkage,2020-2025,odd_even,QB,fpoe,4,221,0.135228,,,1.329932,34.019107,0.504889
shrinkage,2020-2025,odd_even,QB,fpoe,5,221,0.163508,,,1.329932,34.019107,0.504889
shrinkage,2020-2025,odd_even,QB,fpoe,6,221,0.189996,,,1.329932,34.019107,0.504889
shrinkage,2020-2025,odd_even,QB,fpoe,7,221,0.214859,,,1.329932,34.019107,0.504889
shrinkage,2020-2025,odd_even,QB,fpoe,8,221,0.23824,,,1.329932,34.019107,0.504889
shrinkage,2020-2025,odd_even,QB,fpoe,9,221,0.260269,,,1.329932,34.019107,0.504889
shrinkage,2020-2025,odd_even,QB,fpoe,10,221,0.28106,,,1.329932,34.019107,0.504889
shrinkage,2020-2025,odd_even,QB,fpoe,11,221,0.300714,,,1.329932,34.019107,0.504889
shrinkage,2020-2025,odd_even,QB,fpoe,12,221,0.319322,,,1.329932,34.019107,0.504889
shrinkage,2020-2025,odd_even,QB,fpoe,13,221,0.336966,,,1.329932,34.019107,0.504889
shrinkage,2020-2025,odd_even,QB,fpoe,14,221,0.353718,,,1.329932,34.019107,0.504889
shrinkage,2020-2025,odd_even,QB,fpoe,15,221,0.369644,,,1.329932,34.019107,0.504889
shrinkage,2020-2025,odd_even,QB,fpoe,16,221,0.384804,,,1.329932,34.019107,0.504889
shrinkage,2020-2025,odd_even,QB,fpoe,17,221,0.399252,,,1.329932,34.019107,0.504889
shrinkage,2020-2025,odd_even,QB,fpoe_ng,1,221,0.040683,,,1.154138,27.214748,0.470823
shrinkage,2020-2025,odd_even,QB,fpoe_ng,2,221,0.078186,,,1.154138,27.214748,0.470823
shrinkage,2020-2025,odd_even,QB,fpoe_ng,3,221,0.112866,,,1.154138,27.214748,0.470823
shrinkage,2020-2025,odd_even,QB,fpoe_ng,4,221,0.145032,,,1.154138,27.214748,0.470823
shrinkage,2020-2025,odd_even,QB,fpoe_ng,5,221,0.174947,,,1.154138,27.214748,0.470823
shrinkage,2020-2025,odd_even,QB,fpoe_ng,6,221,0.202839,,,1.154138,27.214748,0.470823
shrinkage,2020-2025,odd_even,QB,fpoe_ng,7,221,0.228907,,,1.154138,27.214748,0.470823
shrinkage,2020-2025,odd_even,QB,fpoe_ng,8,221,0.253324,,,1.154138,27.214748,0.470823
shrinkage,2020-2025,odd_even,QB,fpoe_ng,9,221,0.276242,,,1.154138,27.214748,0.470823
shrinkage,2020-2025,odd_even,QB,fpoe_ng,10,221,0.297795,,,1.154138,27.214748,0.470823
shrinkage,2020-2025,odd_even,QB,fpoe_ng,11,221,0.318102,,,1.154138,27.214748,0.470823
shrinkage,2020-2025,odd_even,QB,fpoe_ng,12,221,0.337267,,,1.154138,27.214748,0.470823
shrinkage,2020-2025,odd_even,QB,fpoe_ng,13,221,0.355384,,,1.154138,27.214748,0.470823
shrinkage,2020-2025,odd_even,QB,fpoe_ng,14,221,0.372537,,,1.154138,27.214748,0.470823
shrinkage,2020-2025,odd_even,QB,fpoe_ng,15,221,0.388801,,,1.154138,27.214748,0.470823
shrinkage,2020-2025,odd_even,QB,fpoe_ng,16,221,0.404243,,,1.154138,27.214748,0.470823
shrinkage,2020-2025,odd_even,QB,fpoe_ng,17,221,0.418924,,,1.154138,27.214748,0.470823
shrinkage,2020-2025,odd_even,RB,fpoe,1,543,0.023201,,,0.449932,18.943246,0.321209
shrinkage,2020-2025,odd_even,RB,fpoe,2,543,0.045349,,,0.449932,18.943246,0.321209
shrinkage,2020-2025,odd_even,RB,fpoe,3,543,0.066515,,,0.449932,18.943246,0.321209
shrinkage,2020-2025,odd_even,RB,fpoe,4,543,0.086763,,,0.449932,18.943246,0.321209
shrinkage,2020-2025,odd_even,RB,fpoe,5,543,0.106152,,,0.449932,18.943246,0.321209
shrinkage,2020-2025,odd_even,RB,fpoe,6,543,0.124734,,,0.449932,18.943246,0.321209
shrinkage,2020-2025,odd_even,RB,fpoe,7,543,0.142559,,,0.449932,18.943246,0.321209
shrinkage,2020-2025,odd_even,RB,fpoe,8,543,0.159673,,,0.449932,18.943246,0.321209
shrinkage,2020-2025,odd_even,RB,fpoe,9,543,0.176117,,,0.449932,18.943246,0.321209
shrinkage,2020-2025,odd_even,RB,fpoe,10,543,0.191929,,,0.449932,18.943246,0.321209
shrinkage,2020-2025,odd_even,RB,fpoe,11,543,0.207147,,,0.449932,18.943246,0.321209
shrinkage,2020-2025,odd_even,RB,fpoe,12,543,0.221801,,,0.449932,18.943246,0.321209
shrinkage,2020-2025,odd_even,RB,fpoe,13,543,0.235924,,,0.449932,18.943246,0.321209
shrinkage,2020-2025,odd_even,RB,fpoe,14,543,0.249543,,,0.449932,18.943246,0.321209
shrinkage,2020-2025,odd_even,RB,fpoe,15,543,0.262686,,,0.449932,18.943246,0.321209
shrinkage,2020-2025,odd_even,RB,fpoe,16,543,0.275376,,,0.449932,18.943246,0.321209
shrinkage,2020-2025,odd_even,RB,fpoe,17,543,0.287636,,,0.449932,18.943246,0.321209
shrinkage,2020-2025,odd_even,RB,fpoe_ng,1,543,0.020648,,,0.330709,15.685824,0.262843
shrinkage,2020-2025,odd_even,RB,fpoe_ng,2,543,0.040461,,,0.330709,15.685824,0.262843
shrinkage,2020-2025,odd_even,RB,fpoe_ng,3,543,0.059487,,,0.330709,15.685824,0.262843
shrinkage,2020-2025,odd_even,RB,fpoe_ng,4,543,0.077774,,,0.330709,15.685824,0.262843
shrinkage,2020-2025,odd_even,RB,fpoe_ng,5,543,0.095364,,,0.330709,15.685824,0.262843
shrinkage,2020-2025,odd_even,RB,fpoe_ng,6,543,0.112295,,,0.330709,15.685824,0.262843
shrinkage,2020-2025,odd_even,RB,fpoe_ng,7,543,0.128604,,,0.330709,15.685824,0.262843
shrinkage,2020-2025,odd_even,RB,fpoe_ng,8,543,0.144324,,,0.330709,15.685824,0.262843
shrinkage,2020-2025,odd_even,RB,fpoe_ng,9,543,0.159487,,,0.330709,15.685824,0.262843
shrinkage,2020-2025,odd_even,RB,fpoe_ng,10,543,0.174123,,,0.330709,15.685824,0.262843
shrinkage,2020-2025,odd_even,RB,fpoe_ng,11,543,0.188257,,,0.330709,15.685824,0.262843
shrinkage,2020-2025,odd_even,RB,fpoe_ng,12,543,0.201915,,,0.330709,15.685824,0.262843
shrinkage,2020-2025,odd_even,RB,fpoe_ng,13,543,0.215122,,,0.330709,15.685824,0.262843
shrinkage,2020-2025,odd_even,RB,fpoe_ng,14,543,0.227899,,,0.330709,15.685824,0.262843
shrinkage,2020-2025,odd_even,RB,fpoe_ng,15,543,0.240266,,,0.330709,15.685824,0.262843
shrinkage,2020-2025,odd_even,RB,fpoe_ng,16,543,0.252243,,,0.330709,15.685824,0.262843
shrinkage,2020-2025,odd_even,RB,fpoe_ng,17,543,0.263849,,,0.330709,15.685824,0.262843
shrinkage,2020-2025,odd_even,WR,fpoe,1,834,0.045317,,,0.890705,18.764393,0.419579
shrinkage,2020-2025,odd_even,WR,fpoe,2,834,0.086704,,,0.890705,18.764393,0.419579
shrinkage,2020-2025,odd_even,WR,fpoe,3,834,0.124653,,,0.890705,18.764393,0.419579
shrinkage,2020-2025,odd_even,WR,fpoe,4,834,0.159573,,,0.890705,18.764393,0.419579
shrinkage,2020-2025,odd_even,WR,fpoe,5,834,0.191814,,,0.890705,18.764393,0.419579
shrinkage,2020-2025,odd_even,WR,fpoe,6,834,0.221673,,,0.890705,18.764393,0.419579
shrinkage,2020-2025,odd_even,WR,fpoe,7,834,0.249404,,,0.890705,18.764393,0.419579
shrinkage,2020-2025,odd_even,WR,fpoe,8,834,0.275227,,,0.890705,18.764393,0.419579
shrinkage,2020-2025,odd_even,WR,fpoe,9,834,0.299332,,,0.890705,18.764393,0.419579
shrinkage,2020-2025,odd_even,WR,fpoe,10,834,0.321886,,,0.890705,18.764393,0.419579
shrinkage,2020-2025,odd_even,WR,fpoe,11,834,0.343033,,,0.890705,18.764393,0.419579
shrinkage,2020-2025,odd_even,WR,fpoe,12,834,0.362901,,,0.890705,18.764393,0.419579
shrinkage,2020-2025,odd_even,WR,fpoe,13,834,0.381602,,,0.890705,18.764393,0.419579
shrinkage,2020-2025,odd_even,WR,fpoe,14,834,0.399237,,,0.890705,18.764393,0.419579
shrinkage,2020-2025,odd_even,WR,fpoe,15,834,0.415894,,,0.890705,18.764393,0.419579
shrinkage,2020-2025,odd_even,WR,fpoe,16,834,0.431652,,,0.890705,18.764393,0.419579
shrinkage,2020-2025,odd_even,WR,fpoe,17,834,0.446582,,,0.890705,18.764393,0.419579
shrinkage,2020-2025,odd_even,WR,fpoe_ng,1,834,0.038486,,,0.653097,16.316488,0.389394
shrinkage,2020-2025,odd_even,WR,fpoe_ng,2,834,0.07412,,,0.653097,16.316488,0.389394
shrinkage,2020-2025,odd_even,WR,fpoe_ng,3,834,0.107207,,,0.653097,16.316488,0.389394
shrinkage,2020-2025,odd_even,WR,fpoe_ng,4,834,0.138011,,,0.653097,16.316488,0.389394
shrinkage,2020-2025,odd_even,WR,fpoe_ng,5,834,0.16676,,,0.653097,16.316488,0.389394
shrinkage,2020-2025,odd_even,WR,fpoe_ng,6,834,0.193653,,,0.653097,16.316488,0.389394
shrinkage,2020-2025,odd_even,WR,fpoe_ng,7,834,0.218865,,,0.653097,16.316488,0.389394
shrinkage,2020-2025,odd_even,WR,fpoe_ng,8,834,0.242547,,,0.653097,16.316488,0.389394
shrinkage,2020-2025,odd_even,WR,fpoe_ng,9,834,0.264836,,,0.653097,16.316488,0.389394
shrinkage,2020-2025,odd_even,WR,fpoe_ng,10,834,0.285851,,,0.653097,16.316488,0.389394
shrinkage,2020-2025,odd_even,WR,fpoe_ng,11,834,0.305698,,,0.653097,16.316488,0.389394
shrinkage,2020-2025,odd_even,WR,fpoe_ng,12,834,0.324471,,,0.653097,16.316488,0.389394
shrinkage,2020-2025,odd_even,WR,fpoe_ng,13,834,0.342256,,,0.653097,16.316488,0.389394
shrinkage,2020-2025,odd_even,WR,fpoe_ng,14,834,0.359129,,,0.653097,16.316488,0.389394
shrinkage,2020-2025,odd_even,WR,fpoe_ng,15,834,0.375157,,,0.653097,16.316488,0.389394
shrinkage,2020-2025,odd_even,WR,fpoe_ng,16,834,0.390403,,,0.653097,16.316488,0.389394
shrinkage,2020-2025,odd_even,WR,fpoe_ng,17,834,0.404923,,,0.653097,16.316488,0.389394
shrinkage,2020-2025,odd_even,TE,fpoe,1,419,0.03571,,,0.451844,12.201414,0.571881
shrinkage,2020-2025,odd_even,TE,fpoe,2,419,0.068957,,,0.451844,12.201414,0.571881
shrinkage,2020-2025,odd_even,TE,fpoe,3,419,0.099988,,,0.451844,12.201414,0.571881
shrinkage,2020-2025,odd_even,TE,fpoe,4,419,0.129017,,,0.451844,12.201414,0.571881
shrinkage,2020-2025,odd_even,TE,fpoe,5,419,0.156233,,,0.451844,12.201414,0.571881
shrinkage,2020-2025,odd_even,TE,fpoe,6,419,0.181799,,,0.451844,12.201414,0.571881
shrinkage,2020-2025,odd_even,TE,fpoe,7,419,0.205861,,,0.451844,12.201414,0.571881
shrinkage,2020-2025,odd_even,TE,fpoe,8,419,0.228548,,,0.451844,12.201414,0.571881
shrinkage,2020-2025,odd_even,TE,fpoe,9,419,0.249975,,,0.451844,12.201414,0.571881
shrinkage,2020-2025,odd_even,TE,fpoe,10,419,0.270244,,,0.451844,12.201414,0.571881
shrinkage,2020-2025,odd_even,TE,fpoe,11,419,0.289446,,,0.451844,12.201414,0.571881
shrinkage,2020-2025,odd_even,TE,fpoe,12,419,0.307664,,,0.451844,12.201414,0.571881
shrinkage,2020-2025,odd_even,TE,fpoe,13,419,0.324971,,,0.451844,12.201414,0.571881
shrinkage,2020-2025,odd_even,TE,fpoe,14,419,0.341434,,,0.451844,12.201414,0.571881
shrinkage,2020-2025,odd_even,TE,fpoe,15,419,0.357113,,,0.451844,12.201414,0.571881
shrinkage,2020-2025,odd_even,TE,fpoe,16,419,0.372062,,,0.451844,12.201414,0.571881
shrinkage,2020-2025,odd_even,TE,fpoe,17,419,0.386332,,,0.451844,12.201414,0.571881
shrinkage,2020-2025,odd_even,TE,fpoe_ng,1,419,0.039807,,,0.413139,9.965414,0.488755
shrinkage,2020-2025,odd_even,TE,fpoe_ng,2,419,0.076566,,,0.413139,9.965414,0.488755
shrinkage,2020-2025,odd_even,TE,fpoe_ng,3,419,0.110614,,,0.413139,9.965414,0.488755
shrinkage,2020-2025,odd_even,TE,fpoe_ng,4,419,0.142241,,,0.413139,9.965414,0.488755
shrinkage,2020-2025,odd_even,TE,fpoe_ng,5,419,0.171696,,,0.413139,9.965414,0.488755
shrinkage,2020-2025,odd_even,TE,fpoe_ng,6,419,0.199195,,,0.413139,9.965414,0.488755
shrinkage,2020-2025,odd_even,TE,fpoe_ng,7,419,0.224927,,,0.413139,9.965414,0.488755
shrinkage,2020-2025,odd_even,TE,fpoe_ng,8,419,0.249056,,,0.413139,9.965414,0.488755
shrinkage,2020-2025,odd_even,TE,fpoe_ng,9,419,0.271729,,,0.413139,9.965414,0.488755
shrinkage,2020-2025,odd_even,TE,fpoe_ng,10,419,0.293073,,,0.413139,9.965414,0.488755
shrinkage,2020-2025,odd_even,TE,fpoe_ng,11,419,0.313201,,,0.413139,9.965414,0.488755
shrinkage,2020-2025,odd_even,TE,fpoe_ng,12,419,0.332215,,,0.413139,9.965414,0.488755
shrinkage,2020-2025,odd_even,TE,fpoe_ng,13,419,0.350204,,,0.413139,9.965414,0.488755
shrinkage,2020-2025,odd_even,TE,fpoe_ng,14,419,0.367249,,,0.413139,9.965414,0.488755
shrinkage,2020-2025,odd_even,TE,fpoe_ng,15,419,0.383424,,,0.413139,9.965414,0.488755
shrinkage,2020-2025,odd_even,TE,fpoe_ng,16,419,0.398791,,,0.413139,9.965414,0.488755
shrinkage,2020-2025,odd_even,TE,fpoe_ng,17,419,0.413412,,,0.413139,9.965414,0.488755
shrinkage,2009-2015,odd_even,QB,fpoe,1,252,0.073067,,,2.695764,34.198682,0.419089
shrinkage,2009-2015,odd_even,QB,fpoe,2,252,0.136183,,,2.695764,34.198682,0.419089
shrinkage,2009-2015,odd_even,QB,fpoe,3,252,0.191252,,,2.695764,34.198682,0.419089
shrinkage,2009-2015,odd_even,QB,fpoe,4,252,0.239721,,,2.695764,34.198682,0.419089
shrinkage,2009-2015,odd_even,QB,fpoe,5,252,0.282708,,,2.695764,34.198682,0.419089
shrinkage,2009-2015,odd_even,QB,fpoe,6,252,0.321095,,,2.695764,34.198682,0.419089
shrinkage,2009-2015,odd_even,QB,fpoe,7,252,0.355581,,,2.695764,34.198682,0.419089
shrinkage,2009-2015,odd_even,QB,fpoe,8,252,0.386733,,,2.695764,34.198682,0.419089
shrinkage,2009-2015,odd_even,QB,fpoe,9,252,0.415013,,,2.695764,34.198682,0.419089
shrinkage,2009-2015,odd_even,QB,fpoe,10,252,0.440799,,,2.695764,34.198682,0.419089
shrinkage,2009-2015,odd_even,QB,fpoe,11,252,0.464408,,,2.695764,34.198682,0.419089
shrinkage,2009-2015,odd_even,QB,fpoe,12,252,0.486104,,,2.695764,34.198682,0.419089
shrinkage,2009-2015,odd_even,QB,fpoe,13,252,0.506111,,,2.695764,34.198682,0.419089
shrinkage,2009-2015,odd_even,QB,fpoe,14,252,0.524618,,,2.695764,34.198682,0.419089
shrinkage,2009-2015,odd_even,QB,fpoe,15,252,0.541788,,,2.695764,34.198682,0.419089
shrinkage,2009-2015,odd_even,QB,fpoe,16,252,0.557762,,,2.695764,34.198682,0.419089
shrinkage,2009-2015,odd_even,QB,fpoe,17,252,0.572659,,,2.695764,34.198682,0.419089
shrinkage,2009-2015,odd_even,QB,fpoe_ng,1,252,0.06681,,,1.994874,27.864172,0.3435
shrinkage,2009-2015,odd_even,QB,fpoe_ng,2,252,0.125251,,,1.994874,27.864172,0.3435
shrinkage,2009-2015,odd_even,QB,fpoe_ng,3,252,0.176805,,,1.994874,27.864172,0.3435
shrinkage,2009-2015,odd_even,QB,fpoe_ng,4,252,0.222619,,,1.994874,27.864172,0.3435
shrinkage,2009-2015,odd_even,QB,fpoe_ng,5,252,0.263603,,,1.994874,27.864172,0.3435
shrinkage,2009-2015,odd_even,QB,fpoe_ng,6,252,0.300483,,,1.994874,27.864172,0.3435
shrinkage,2009-2015,odd_even,QB,fpoe_ng,7,252,0.333844,,,1.994874,27.864172,0.3435
shrinkage,2009-2015,odd_even,QB,fpoe_ng,8,252,0.364168,,,1.994874,27.864172,0.3435
shrinkage,2009-2015,odd_even,QB,fpoe_ng,9,252,0.391852,,,1.994874,27.864172,0.3435
shrinkage,2009-2015,odd_even,QB,fpoe_ng,10,252,0.417225,,,1.994874,27.864172,0.3435
shrinkage,2009-2015,odd_even,QB,fpoe_ng,11,252,0.440566,,,1.994874,27.864172,0.3435
shrinkage,2009-2015,odd_even,QB,fpoe_ng,12,252,0.462109,,,1.994874,27.864172,0.3435
shrinkage,2009-2015,odd_even,QB,fpoe_ng,13,252,0.482055,,,1.994874,27.864172,0.3435
shrinkage,2009-2015,odd_even,QB,fpoe_ng,14,252,0.500574,,,1.994874,27.864172,0.3435
shrinkage,2009-2015,odd_even,QB,fpoe_ng,15,252,0.517815,,,1.994874,27.864172,0.3435
shrinkage,2009-2015,odd_even,QB,fpoe_ng,16,252,0.533905,,,1.994874,27.864172,0.3435
shrinkage,2009-2015,odd_even,QB,fpoe_ng,17,252,0.548956,,,1.994874,27.864172,0.3435
shrinkage,2009-2015,odd_even,RB,fpoe,1,570,0.061239,,,1.014493,15.551653,0.015521
shrinkage,2009-2015,odd_even,RB,fpoe,2,570,0.11541,,,1.014493,15.551653,0.015521
shrinkage,2009-2015,odd_even,RB,fpoe,3,570,0.163671,,,1.014493,15.551653,0.015521
shrinkage,2009-2015,odd_even,RB,fpoe,4,570,0.206938,,,1.014493,15.551653,0.015521
shrinkage,2009-2015,odd_even,RB,fpoe,5,570,0.245948,,,1.014493,15.551653,0.015521
shrinkage,2009-2015,odd_even,RB,fpoe,6,570,0.281301,,,1.014493,15.551653,0.015521
shrinkage,2009-2015,odd_even,RB,fpoe,7,570,0.313487,,,1.014493,15.551653,0.015521
shrinkage,2009-2015,odd_even,RB,fpoe,8,570,0.342914,,,1.014493,15.551653,0.015521
shrinkage,2009-2015,odd_even,RB,fpoe,9,570,0.369922,,,1.014493,15.551653,0.015521
shrinkage,2009-2015,odd_even,RB,fpoe,10,570,0.394797,,,1.014493,15.551653,0.015521
shrinkage,2009-2015,odd_even,RB,fpoe,11,570,0.417783,,,1.014493,15.551653,0.015521
shrinkage,2009-2015,odd_even,RB,fpoe,12,570,0.439086,,,1.014493,15.551653,0.015521
shrinkage,2009-2015,odd_even,RB,fpoe,13,570,0.458886,,,1.014493,15.551653,0.015521
shrinkage,2009-2015,odd_even,RB,fpoe,14,570,0.477335,,,1.014493,15.551653,0.015521
shrinkage,2009-2015,odd_even,RB,fpoe,15,570,0.494568,,,1.014493,15.551653,0.015521
shrinkage,2009-2015,odd_even,RB,fpoe,16,570,0.510701,,,1.014493,15.551653,0.015521
shrinkage,2009-2015,odd_even,RB,fpoe,17,570,0.525836,,,1.014493,15.551653,0.015521
shrinkage,2009-2015,odd_even,RB,fpoe_ng,1,570,0.049098,,,0.694786,13.456198,-0.000314
shrinkage,2009-2015,odd_even,RB,fpoe_ng,2,570,0.0936,,,0.694786,13.456198,-0.000314
shrinkage,2009-2015,odd_even,RB,fpoe_ng,3,570,0.134124,,,0.694786,13.456198,-0.000314
shrinkage,2009-2015,odd_even,RB,fpoe_ng,4,570,0.171179,,,0.694786,13.456198,-0.000314
shrinkage,2009-2015,odd_even,RB,fpoe_ng,5,570,0.205192,,,0.694786,13.456198,-0.000314
shrinkage,2009-2015,odd_even,RB,fpoe_ng,6,570,0.236524,,,0.694786,13.456198,-0.000314
shrinkage,2009-2015,odd_even,RB,fpoe_ng,7,570,0.265479,,,0.694786,13.456198,-0.000314
shrinkage,2009-2015,odd_even,RB,fpoe_ng,8,570,0.292318,,,0.694786,13.456198,-0.000314
shrinkage,2009-2015,odd_even,RB,fpoe_ng,9,570,0.317265,,,0.694786,13.456198,-0.000314
shrinkage,2009-2015,odd_even,RB,fpoe_ng,10,570,0.340513,,,0.694786,13.456198,-0.000314
shrinkage,2009-2015,odd_even,RB,fpoe_ng,11,570,0.36223,,,0.694786,13.456198,-0.000314
shrinkage,2009-2015,odd_even,RB,fpoe_ng,12,570,0.382563,,,0.694786,13.456198,-0.000314
shrinkage,2009-2015,odd_even,RB,fpoe_ng,13,570,0.401639,,,0.694786,13.456198,-0.000314
shrinkage,2009-2015,odd_even,RB,fpoe_ng,14,570,0.419571,,,0.694786,13.456198,-0.000314
shrinkage,2009-2015,odd_even,RB,fpoe_ng,15,570,0.43646,,,0.694786,13.456198,-0.000314
shrinkage,2009-2015,odd_even,RB,fpoe_ng,16,570,0.452394,,,0.694786,13.456198,-0.000314
shrinkage,2009-2015,odd_even,RB,fpoe_ng,17,570,0.467451,,,0.694786,13.456198,-0.000314
shrinkage,2009-2015,odd_even,WR,fpoe,1,881,0.043829,,,1.093255,23.850595,0.110123
shrinkage,2009-2015,odd_even,WR,fpoe,2,881,0.083977,,,1.093255,23.850595,0.110123
shrinkage,2009-2015,odd_even,WR,fpoe,3,881,0.120889,,,1.093255,23.850595,0.110123
shrinkage,2009-2015,odd_even,WR,fpoe,4,881,0.154942,,,1.093255,23.850595,0.110123
shrinkage,2009-2015,odd_even,WR,fpoe,5,881,0.186455,,,1.093255,23.850595,0.110123
shrinkage,2009-2015,odd_even,WR,fpoe,6,881,0.215702,,,1.093255,23.850595,0.110123
shrinkage,2009-2015,odd_even,WR,fpoe,7,881,0.24292,,,1.093255,23.850595,0.110123
shrinkage,2009-2015,odd_even,WR,fpoe,8,881,0.268311,,,1.093255,23.850595,0.110123
shrinkage,2009-2015,odd_even,WR,fpoe,9,881,0.292055,,,1.093255,23.850595,0.110123
shrinkage,2009-2015,odd_even,WR,fpoe,10,881,0.314306,,,1.093255,23.850595,0.110123
shrinkage,2009-2015,odd_even,WR,fpoe,11,881,0.335201,,,1.093255,23.850595,0.110123
shrinkage,2009-2015,odd_even,WR,fpoe,12,881,0.35486,,,1.093255,23.850595,0.110123
shrinkage,2009-2015,odd_even,WR,fpoe,13,881,0.37339,,,1.093255,23.850595,0.110123
shrinkage,2009-2015,odd_even,WR,fpoe,14,881,0.390885,,,1.093255,23.850595,0.110123
shrinkage,2009-2015,odd_even,WR,fpoe,15,881,0.40743,,,1.093255,23.850595,0.110123
shrinkage,2009-2015,odd_even,WR,fpoe,16,881,0.4231,,,1.093255,23.850595,0.110123
shrinkage,2009-2015,odd_even,WR,fpoe,17,881,0.437962,,,1.093255,23.850595,0.110123
shrinkage,2009-2015,odd_even,WR,fpoe_ng,1,881,0.035342,,,0.733623,20.02448,0.081294
shrinkage,2009-2015,odd_even,WR,fpoe_ng,2,881,0.06827,,,0.733623,20.02448,0.081294
shrinkage,2009-2015,odd_even,WR,fpoe_ng,3,881,0.099025,,,0.733623,20.02448,0.081294
shrinkage,2009-2015,odd_even,WR,fpoe_ng,4,881,0.127815,,,0.733623,20.02448,0.081294
shrinkage,2009-2015,odd_even,WR,fpoe_ng,5,881,0.154821,,,0.733623,20.02448,0.081294
shrinkage,2009-2015,odd_even,WR,fpoe_ng,6,881,0.180205,,,0.733623,20.02448,0.081294
shrinkage,2009-2015,odd_even,WR,fpoe_ng,7,881,0.204109,,,0.733623,20.02448,0.081294
shrinkage,2009-2015,odd_even,WR,fpoe_ng,8,881,0.226659,,,0.733623,20.02448,0.081294
shrinkage,2009-2015,odd_even,WR,fpoe_ng,9,881,0.247966,,,0.733623,20.02448,0.081294
shrinkage,2009-2015,odd_even,WR,fpoe_ng,10,881,0.26813,,,0.733623,20.02448,0.081294
shrinkage,2009-2015,odd_even,WR,fpoe_ng,11,881,0.287241,,,0.733623,20.02448,0.081294
shrinkage,2009-2015,odd_even,WR,fpoe_ng,12,881,0.30538,,,0.733623,20.02448,0.081294
shrinkage,2009-2015,odd_even,WR,fpoe_ng,13,881,0.322618,,,0.733623,20.02448,0.081294
shrinkage,2009-2015,odd_even,WR,fpoe_ng,14,881,0.339021,,,0.733623,20.02448,0.081294
shrinkage,2009-2015,odd_even,WR,fpoe_ng,15,881,0.354649,,,0.733623,20.02448,0.081294
shrinkage,2009-2015,odd_even,WR,fpoe_ng,16,881,0.369555,,,0.733623,20.02448,0.081294
shrinkage,2009-2015,odd_even,WR,fpoe_ng,17,881,0.383788,,,0.733623,20.02448,0.081294
shrinkage,2009-2015,odd_even,TE,fpoe,1,418,0.037694,,,0.56624,14.455972,0.399211
shrinkage,2009-2015,odd_even,TE,fpoe,2,418,0.072649,,,0.56624,14.455972,0.399211
shrinkage,2009-2015,odd_even,TE,fpoe,3,418,0.105153,,,0.56624,14.455972,0.399211
shrinkage,2009-2015,odd_even,TE,fpoe,4,418,0.135457,,,0.56624,14.455972,0.399211
shrinkage,2009-2015,odd_even,TE,fpoe,5,418,0.163775,,,0.56624,14.455972,0.399211
shrinkage,2009-2015,odd_even,TE,fpoe,6,418,0.190296,,,0.56624,14.455972,0.399211
shrinkage,2009-2015,odd_even,TE,fpoe,7,418,0.215188,,,0.56624,14.455972,0.399211
shrinkage,2009-2015,odd_even,TE,fpoe,8,418,0.238594,,,0.56624,14.455972,0.399211
shrinkage,2009-2015,odd_even,TE,fpoe,9,418,0.260645,,,0.56624,14.455972,0.399211
shrinkage,2009-2015,odd_even,TE,fpoe,10,418,0.281454,,,0.56624,14.455972,0.399211
shrinkage,2009-2015,odd_even,TE,fpoe,11,418,0.301124,,,0.56624,14.455972,0.399211
shrinkage,2009-2015,odd_even,TE,fpoe,12,418,0.319746,,,0.56624,14.455972,0.399211
shrinkage,2009-2015,odd_even,TE,fpoe,13,418,0.337402,,,0.56624,14.455972,0.399211
shrinkage,2009-2015,odd_even,TE,fpoe,14,418,0.354164,,,0.56624,14.455972,0.399211
shrinkage,2009-2015,odd_even,TE,fpoe,15,418,0.370098,,,0.56624,14.455972,0.399211
shrinkage,2009-2015,odd_even,TE,fpoe,16,418,0.385266,,,0.56624,14.455972,0.399211
shrinkage,2009-2015,odd_even,TE,fpoe,17,418,0.39972,,,0.56624,14.455972,0.399211
shrinkage,2009-2015,odd_even,TE,fpoe_ng,1,418,0.035926,,,0.450625,12.092513,0.354975
shrinkage,2009-2015,odd_even,TE,fpoe_ng,2,418,0.06936,,,0.450625,12.092513,0.354975
shrinkage,2009-2015,odd_even,TE,fpoe_ng,3,418,0.100553,,,0.450625,12.092513,0.354975
shrinkage,2009-2015,odd_even,TE,fpoe_ng,4,418,0.129723,,,0.450625,12.092513,0.354975
shrinkage,2009-2015,odd_even,TE,fpoe_ng,5,418,0.15706,,,0.450625,12.092513,0.354975
shrinkage,2009-2015,odd_even,TE,fpoe_ng,6,418,0.182732,,,0.450625,12.092513,0.354975
shrinkage,2009-2015,odd_even,TE,fpoe_ng,7,418,0.206887,,,0.450625,12.092513,0.354975
shrinkage,2009-2015,odd_even,TE,fpoe_ng,8,418,0.229654,,,0.450625,12.092513,0.354975
shrinkage,2009-2015,odd_even,TE,fpoe_ng,9,418,0.251151,,,0.450625,12.092513,0.354975
shrinkage,2009-2015,odd_even,TE,fpoe_ng,10,418,0.271481,,,0.450625,12.092513,0.354975
shrinkage,2009-2015,odd_even,TE,fpoe_ng,11,418,0.290736,,,0.450625,12.092513,0.354975
shrinkage,2009-2015,odd_even,TE,fpoe_ng,12,418,0.309,,,0.450625,12.092513,0.354975
shrinkage,2009-2015,odd_even,TE,fpoe_ng,13,418,0.326347,,,0.450625,12.092513,0.354975
shrinkage,2009-2015,odd_even,TE,fpoe_ng,14,418,0.342844,,,0.450625,12.092513,0.354975
shrinkage,2009-2015,odd_even,TE,fpoe_ng,15,418,0.358552,,,0.450625,12.092513,0.354975
shrinkage,2009-2015,odd_even,TE,fpoe_ng,16,418,0.373527,,,0.450625,12.092513,0.354975
shrinkage,2009-2015,odd_even,TE,fpoe_ng,17,418,0.387818,,,0.450625,12.092513,0.354975
shrinkage,2009-2020,odd_even,QB,fpoe,1,423,0.067674,,,2.576333,35.493502,0.57049
shrinkage,2009-2020,odd_even,QB,fpoe,2,423,0.126769,,,2.576333,35.493502,0.57049
shrinkage,2009-2020,odd_even,QB,fpoe,3,423,0.178819,,,2.576333,35.493502,0.57049
shrinkage,2009-2020,odd_even,QB,fpoe,4,423,0.225013,,,2.576333,35.493502,0.57049
shrinkage,2009-2020,odd_even,QB,fpoe,5,423,0.266287,,,2.576333,35.493502,0.57049
shrinkage,2009-2020,odd_even,QB,fpoe,6,423,0.303386,,,2.576333,35.493502,0.57049
shrinkage,2009-2020,odd_even,QB,fpoe,7,423,0.336915,,,2.576333,35.493502,0.57049
shrinkage,2009-2020,odd_even,QB,fpoe,8,423,0.367364,,,2.576333,35.493502,0.57049
shrinkage,2009-2020,odd_even,QB,fpoe,9,423,0.39514,,,2.576333,35.493502,0.57049
shrinkage,2009-2020,odd_even,QB,fpoe,10,423,0.420579,,,2.576333,35.493502,0.57049
shrinkage,2009-2020,odd_even,QB,fpoe,11,423,0.443965,,,2.576333,35.493502,0.57049
shrinkage,2009-2020,odd_even,QB,fpoe,12,423,0.465536,,,2.576333,35.493502,0.57049
shrinkage,2009-2020,odd_even,QB,fpoe,13,423,0.485496,,,2.576333,35.493502,0.57049
shrinkage,2009-2020,odd_even,QB,fpoe,14,423,0.504019,,,2.576333,35.493502,0.57049
shrinkage,2009-2020,odd_even,QB,fpoe,15,423,0.521254,,,2.576333,35.493502,0.57049
shrinkage,2009-2020,odd_even,QB,fpoe,16,423,0.537332,,,2.576333,35.493502,0.57049
shrinkage,2009-2020,odd_even,QB,fpoe,17,423,0.552365,,,2.576333,35.493502,0.57049
shrinkage,2009-2020,odd_even,QB,fpoe_ng,1,423,0.060298,,,1.928247,30.050334,0.478337
shrinkage,2009-2020,odd_even,QB,fpoe_ng,2,423,0.113738,,,1.928247,30.050334,0.478337
shrinkage,2009-2020,odd_even,QB,fpoe_ng,3,423,0.161427,,,1.928247,30.050334,0.478337
shrinkage,2009-2020,odd_even,QB,fpoe_ng,4,423,0.204246,,,1.928247,30.050334,0.478337
shrinkage,2009-2020,odd_even,QB,fpoe_ng,5,423,0.242904,,,1.928247,30.050334,0.478337
shrinkage,2009-2020,odd_even,QB,fpoe_ng,6,423,0.27798,,,1.928247,30.050334,0.478337
shrinkage,2009-2020,odd_even,QB,fpoe_ng,7,423,0.30995,,,1.928247,30.050334,0.478337
shrinkage,2009-2020,odd_even,QB,fpoe_ng,8,423,0.339209,,,1.928247,30.050334,0.478337
shrinkage,2009-2020,odd_even,QB,fpoe_ng,9,423,0.366088,,,1.928247,30.050334,0.478337
shrinkage,2009-2020,odd_even,QB,fpoe_ng,10,423,0.390865,,,1.928247,30.050334,0.478337
shrinkage,2009-2020,odd_even,QB,fpoe_ng,11,423,0.413778,,,1.928247,30.050334,0.478337
shrinkage,2009-2020,odd_even,QB,fpoe_ng,12,423,0.43503,,,1.928247,30.050334,0.478337
shrinkage,2009-2020,odd_even,QB,fpoe_ng,13,423,0.454796,,,1.928247,30.050334,0.478337
shrinkage,2009-2020,odd_even,QB,fpoe_ng,14,423,0.473224,,,1.928247,30.050334,0.478337
shrinkage,2009-2020,odd_even,QB,fpoe_ng,15,423,0.490448,,,1.928247,30.050334,0.478337
shrinkage,2009-2020,odd_even,QB,fpoe_ng,16,423,0.506581,,,1.928247,30.050334,0.478337
shrinkage,2009-2020,odd_even,QB,fpoe_ng,17,423,0.521724,,,1.928247,30.050334,0.478337
shrinkage,2009-2020,odd_even,RB,fpoe,1,1028,0.053708,,,0.980584,17.277212,0.167556
shrinkage,2009-2020,odd_even,RB,fpoe,2,1028,0.10194,,,0.980584,17.277212,0.167556
shrinkage,2009-2020,odd_even,RB,fpoe,3,1028,0.145495,,,0.980584,17.277212,0.167556
shrinkage,2009-2020,odd_even,RB,fpoe,4,1028,0.18502,,,0.980584,17.277212,0.167556
shrinkage,2009-2020,odd_even,RB,fpoe,5,1028,0.22105,,,0.980584,17.277212,0.167556
shrinkage,2009-2020,odd_even,RB,fpoe,6,1028,0.254029,,,0.980584,17.277212,0.167556
shrinkage,2009-2020,odd_even,RB,fpoe,7,1028,0.28433,,,0.980584,17.277212,0.167556
shrinkage,2009-2020,odd_even,RB,fpoe,8,1028,0.312264,,,0.980584,17.277212,0.167556
shrinkage,2009-2020,odd_even,RB,fpoe,9,1028,0.3381,,,0.980584,17.277212,0.167556
shrinkage,2009-2020,odd_even,RB,fpoe,10,1028,0.362065,,,0.980584,17.277212,0.167556
shrinkage,2009-2020,odd_even,RB,fpoe,11,1028,0.384356,,,0.980584,17.277212,0.167556
shrinkage,2009-2020,odd_even,RB,fpoe,12,1028,0.405141,,,0.980584,17.277212,0.167556
shrinkage,2009-2020,odd_even,RB,fpoe,13,1028,0.424569,,,0.980584,17.277212,0.167556
shrinkage,2009-2020,odd_even,RB,fpoe,14,1028,0.442767,,,0.980584,17.277212,0.167556
shrinkage,2009-2020,odd_even,RB,fpoe,15,1028,0.45985,,,0.980584,17.277212,0.167556
shrinkage,2009-2020,odd_even,RB,fpoe,16,1028,0.475917,,,0.980584,17.277212,0.167556
shrinkage,2009-2020,odd_even,RB,fpoe,17,1028,0.491055,,,0.980584,17.277212,0.167556
shrinkage,2009-2020,odd_even,RB,fpoe_ng,1,1028,0.043097,,,0.672097,14.922949,0.139054
shrinkage,2009-2020,odd_even,RB,fpoe_ng,2,1028,0.082632,,,0.672097,14.922949,0.139054
shrinkage,2009-2020,odd_even,RB,fpoe_ng,3,1028,0.119031,,,0.672097,14.922949,0.139054
shrinkage,2009-2020,odd_even,RB,fpoe_ng,4,1028,0.152651,,,0.672097,14.922949,0.139054
shrinkage,2009-2020,odd_even,RB,fpoe_ng,5,1028,0.183799,,,0.672097,14.922949,0.139054
shrinkage,2009-2020,odd_even,RB,fpoe_ng,6,1028,0.212739,,,0.672097,14.922949,0.139054
shrinkage,2009-2020,odd_even,RB,fpoe_ng,7,1028,0.239697,,,0.672097,14.922949,0.139054
shrinkage,2009-2020,odd_even,RB,fpoe_ng,8,1028,0.264869,,,0.672097,14.922949,0.139054
shrinkage,2009-2020,odd_even,RB,fpoe_ng,9,1028,0.288429,,,0.672097,14.922949,0.139054
shrinkage,2009-2020,odd_even,RB,fpoe_ng,10,1028,0.310525,,,0.672097,14.922949,0.139054
shrinkage,2009-2020,odd_even,RB,fpoe_ng,11,1028,0.33129,,,0.672097,14.922949,0.139054
shrinkage,2009-2020,odd_even,RB,fpoe_ng,12,1028,0.350841,,,0.672097,14.922949,0.139054
shrinkage,2009-2020,odd_even,RB,fpoe_ng,13,1028,0.369281,,,0.672097,14.922949,0.139054
shrinkage,2009-2020,odd_even,RB,fpoe_ng,14,1028,0.386702,,,0.672097,14.922949,0.139054
shrinkage,2009-2020,odd_even,RB,fpoe_ng,15,1028,0.403187,,,0.672097,14.922949,0.139054
shrinkage,2009-2020,odd_even,RB,fpoe_ng,16,1028,0.418809,,,0.672097,14.922949,0.139054
shrinkage,2009-2020,odd_even,RB,fpoe_ng,17,1028,0.433634,,,0.672097,14.922949,0.139054
shrinkage,2009-2020,odd_even,WR,fpoe,1,1542,0.036767,,,0.92124,24.134974,0.241834
shrinkage,2009-2020,odd_even,WR,fpoe,2,1542,0.070926,,,0.92124,24.134974,0.241834
shrinkage,2009-2020,odd_even,WR,fpoe,3,1542,0.102746,,,0.92124,24.134974,0.241834
shrinkage,2009-2020,odd_even,WR,fpoe,4,1542,0.132458,,,0.92124,24.134974,0.241834
shrinkage,2009-2020,odd_even,WR,fpoe,5,1542,0.160265,,,0.92124,24.134974,0.241834
shrinkage,2009-2020,odd_even,WR,fpoe,6,1542,0.186345,,,0.92124,24.134974,0.241834
shrinkage,2009-2020,odd_even,WR,fpoe,7,1542,0.210854,,,0.92124,24.134974,0.241834
shrinkage,2009-2020,odd_even,WR,fpoe,8,1542,0.233929,,,0.92124,24.134974,0.241834
shrinkage,2009-2020,odd_even,WR,fpoe,9,1542,0.255694,,,0.92124,24.134974,0.241834
shrinkage,2009-2020,odd_even,WR,fpoe,10,1542,0.276256,,,0.92124,24.134974,0.241834
shrinkage,2009-2020,odd_even,WR,fpoe,11,1542,0.295712,,,0.92124,24.134974,0.241834
shrinkage,2009-2020,odd_even,WR,fpoe,12,1542,0.31415,,,0.92124,24.134974,0.241834
shrinkage,2009-2020,odd_even,WR,fpoe,13,1542,0.331647,,,0.92124,24.134974,0.241834
shrinkage,2009-2020,odd_even,WR,fpoe,14,1542,0.348273,,,0.92124,24.134974,0.241834
shrinkage,2009-2020,odd_even,WR,fpoe,15,1542,0.364092,,,0.92124,24.134974,0.241834
shrinkage,2009-2020,odd_even,WR,fpoe,16,1542,0.379162,,,0.92124,24.134974,0.241834
shrinkage,2009-2020,odd_even,WR,fpoe,17,1542,0.393534,,,0.92124,24.134974,0.241834
shrinkage,2009-2020,odd_even,WR,fpoe_ng,1,1542,0.027878,,,0.591225,20.616137,0.202051
shrinkage,2009-2020,odd_even,WR,fpoe_ng,2,1542,0.054244,,,0.591225,20.616137,0.202051
shrinkage,2009-2020,odd_even,WR,fpoe_ng,3,1542,0.079218,,,0.591225,20.616137,0.202051
shrinkage,2009-2020,odd_even,WR,fpoe_ng,4,1542,0.102907,,,0.591225,20.616137,0.202051
shrinkage,2009-2020,odd_even,WR,fpoe_ng,5,1542,0.125407,,,0.591225,20.616137,0.202051
shrinkage,2009-2020,odd_even,WR,fpoe_ng,6,1542,0.146806,,,0.591225,20.616137,0.202051
shrinkage,2009-2020,odd_even,WR,fpoe_ng,7,1542,0.167183,,,0.591225,20.616137,0.202051
shrinkage,2009-2020,odd_even,WR,fpoe_ng,8,1542,0.18661,,,0.591225,20.616137,0.202051
shrinkage,2009-2020,odd_even,WR,fpoe_ng,9,1542,0.205151,,,0.591225,20.616137,0.202051
shrinkage,2009-2020,odd_even,WR,fpoe_ng,10,1542,0.222865,,,0.591225,20.616137,0.202051
shrinkage,2009-2020,odd_even,WR,fpoe_ng,11,1542,0.239807,,,0.591225,20.616137,0.202051
shrinkage,2009-2020,odd_even,WR,fpoe_ng,12,1542,0.256026,,,0.591225,20.616137,0.202051
shrinkage,2009-2020,odd_even,WR,fpoe_ng,13,1542,0.271568,,,0.591225,20.616137,0.202051
shrinkage,2009-2020,odd_even,WR,fpoe_ng,14,1542,0.286473,,,0.591225,20.616137,0.202051
shrinkage,2009-2020,odd_even,WR,fpoe_ng,15,1542,0.300781,,,0.591225,20.616137,0.202051
shrinkage,2009-2020,odd_even,WR,fpoe_ng,16,1542,0.314526,,,0.591225,20.616137,0.202051
shrinkage,2009-2020,odd_even,WR,fpoe_ng,17,1542,0.327741,,,0.591225,20.616137,0.202051
shrinkage,2009-2020,odd_even,TE,fpoe,1,745,0.032261,,,0.447002,13.408619,0.415589
shrinkage,2009-2020,odd_even,TE,fpoe,2,745,0.062506,,,0.447002,13.408619,0.415589
shrinkage,2009-2020,odd_even,TE,fpoe,3,745,0.090918,,,0.447002,13.408619,0.415589
shrinkage,2009-2020,odd_even,TE,fpoe,4,745,0.117658,,,0.447002,13.408619,0.415589
shrinkage,2009-2020,odd_even,TE,fpoe,5,745,0.14287,,,0.447002,13.408619,0.415589
shrinkage,2009-2020,odd_even,TE,fpoe,6,745,0.166681,,,0.447002,13.408619,0.415589
shrinkage,2009-2020,odd_even,TE,fpoe,7,745,0.189206,,,0.447002,13.408619,0.415589
shrinkage,2009-2020,odd_even,TE,fpoe,8,745,0.210544,,,0.447002,13.408619,0.415589
shrinkage,2009-2020,odd_even,TE,fpoe,9,745,0.230788,,,0.447002,13.408619,0.415589
shrinkage,2009-2020,odd_even,TE,fpoe,10,745,0.25002,,,0.447002,13.408619,0.415589
shrinkage,2009-2020,odd_even,TE,fpoe,11,745,0.268314,,,0.447002,13.408619,0.415589
shrinkage,2009-2020,odd_even,TE,fpoe,12,745,0.285736,,,0.447002,13.408619,0.415589
shrinkage,2009-2020,odd_even,TE,fpoe,13,745,0.302348,,,0.447002,13.408619,0.415589
shrinkage,2009-2020,odd_even,TE,fpoe,14,745,0.318205,,,0.447002,13.408619,0.415589
shrinkage,2009-2020,odd_even,TE,fpoe,15,745,0.333357,,,0.447002,13.408619,0.415589
shrinkage,2009-2020,odd_even,TE,fpoe,16,745,0.34785,,,0.447002,13.408619,0.415589
shrinkage,2009-2020,odd_even,TE,fpoe,17,745,0.361727,,,0.447002,13.408619,0.415589
shrinkage,2009-2020,odd_even,TE,fpoe_ng,1,745,0.029414,,,0.346506,11.433825,0.370898
shrinkage,2009-2020,odd_even,TE,fpoe_ng,2,745,0.057147,,,0.346506,11.433825,0.370898
shrinkage,2009-2020,odd_even,TE,fpoe_ng,3,745,0.083339,,,0.346506,11.433825,0.370898
shrinkage,2009-2020,odd_even,TE,fpoe_ng,4,745,0.108115,,,0.346506,11.433825,0.370898
shrinkage,2009-2020,odd_even,TE,fpoe_ng,5,745,0.131588,,,0.346506,11.433825,0.370898
shrinkage,2009-2020,odd_even,TE,fpoe_ng,6,745,0.153856,,,0.346506,11.433825,0.370898
shrinkage,2009-2020,odd_even,TE,fpoe_ng,7,745,0.175011,,,0.346506,11.433825,0.370898
shrinkage,2009-2020,odd_even,TE,fpoe_ng,8,745,0.195134,,,0.346506,11.433825,0.370898
shrinkage,2009-2020,odd_even,TE,fpoe_ng,9,745,0.214298,,,0.346506,11.433825,0.370898
shrinkage,2009-2020,odd_even,TE,fpoe_ng,10,745,0.232572,,,0.346506,11.433825,0.370898
shrinkage,2009-2020,odd_even,TE,fpoe_ng,11,745,0.250014,,,0.346506,11.433825,0.370898
shrinkage,2009-2020,odd_even,TE,fpoe_ng,12,745,0.266681,,,0.346506,11.433825,0.370898
shrinkage,2009-2020,odd_even,TE,fpoe_ng,13,745,0.282624,,,0.346506,11.433825,0.370898
shrinkage,2009-2020,odd_even,TE,fpoe_ng,14,745,0.297888,,,0.346506,11.433825,0.370898
shrinkage,2009-2020,odd_even,TE,fpoe_ng,15,745,0.312516,,,0.346506,11.433825,0.370898
shrinkage,2009-2020,odd_even,TE,fpoe_ng,16,745,0.326547,,,0.346506,11.433825,0.370898
shrinkage,2009-2020,odd_even,TE,fpoe_ng,17,745,0.340017,,,0.346506,11.433825,0.370898
shrinkage,2009-2024,odd_even,QB,fpoe,1,569,0.065587,,,2.367968,33.736398,0.505711
shrinkage,2009-2024,odd_even,QB,fpoe,2,569,0.1231,,,2.367968,33.736398,0.505711
shrinkage,2009-2024,odd_even,QB,fpoe,3,569,0.173943,,,2.367968,33.736398,0.505711
shrinkage,2009-2024,odd_even,QB,fpoe,4,569,0.219214,,,2.367968,33.736398,0.505711
shrinkage,2009-2024,odd_even,QB,fpoe,5,569,0.259781,,,2.367968,33.736398,0.505711
shrinkage,2009-2024,odd_even,QB,fpoe,6,569,0.29634,,,2.367968,33.736398,0.505711
shrinkage,2009-2024,odd_even,QB,fpoe,7,569,0.329459,,,2.367968,33.736398,0.505711
shrinkage,2009-2024,odd_even,QB,fpoe,8,569,0.359599,,,2.367968,33.736398,0.505711
shrinkage,2009-2024,odd_even,QB,fpoe,9,569,0.387147,,,2.367968,33.736398,0.505711
shrinkage,2009-2024,odd_even,QB,fpoe,10,569,0.412422,,,2.367968,33.736398,0.505711
shrinkage,2009-2024,odd_even,QB,fpoe,11,569,0.435696,,,2.367968,33.736398,0.505711
shrinkage,2009-2024,odd_even,QB,fpoe,12,569,0.457195,,,2.367968,33.736398,0.505711
shrinkage,2009-2024,odd_even,QB,fpoe,13,569,0.477117,,,2.367968,33.736398,0.505711
shrinkage,2009-2024,odd_even,QB,fpoe,14,569,0.495628,,,2.367968,33.736398,0.505711
shrinkage,2009-2024,odd_even,QB,fpoe,15,569,0.512873,,,2.367968,33.736398,0.505711
shrinkage,2009-2024,odd_even,QB,fpoe,16,569,0.528978,,,2.367968,33.736398,0.505711
shrinkage,2009-2024,odd_even,QB,fpoe,17,569,0.544053,,,2.367968,33.736398,0.505711
shrinkage,2009-2024,odd_even,QB,fpoe_ng,1,569,0.056964,,,1.733582,28.699268,0.43715
shrinkage,2009-2024,odd_even,QB,fpoe_ng,2,569,0.107788,,,1.733582,28.699268,0.43715
shrinkage,2009-2024,odd_even,QB,fpoe_ng,3,569,0.153414,,,1.733582,28.699268,0.43715
shrinkage,2009-2024,odd_even,QB,fpoe_ng,4,569,0.194601,,,1.733582,28.699268,0.43715
shrinkage,2009-2024,odd_even,QB,fpoe_ng,5,569,0.231966,,,1.733582,28.699268,0.43715
shrinkage,2009-2024,odd_even,QB,fpoe_ng,6,569,0.266018,,,1.733582,28.699268,0.43715
shrinkage,2009-2024,odd_even,QB,fpoe_ng,7,569,0.297178,,,1.733582,28.699268,0.43715
shrinkage,2009-2024,odd_even,QB,fpoe_ng,8,569,0.325801,,,1.733582,28.699268,0.43715
shrinkage,2009-2024,odd_even,QB,fpoe_ng,9,569,0.352183,,,1.733582,28.699268,0.43715
shrinkage,2009-2024,odd_even,QB,fpoe_ng,10,569,0.376578,,,1.733582,28.699268,0.43715
shrinkage,2009-2024,odd_even,QB,fpoe_ng,11,569,0.399203,,,1.733582,28.699268,0.43715
shrinkage,2009-2024,odd_even,QB,fpoe_ng,12,569,0.420243,,,1.733582,28.699268,0.43715
shrinkage,2009-2024,odd_even,QB,fpoe_ng,13,569,0.439859,,,1.733582,28.699268,0.43715
shrinkage,2009-2024,odd_even,QB,fpoe_ng,14,569,0.458192,,,1.733582,28.699268,0.43715
shrinkage,2009-2024,odd_even,QB,fpoe_ng,15,569,0.475362,,,1.733582,28.699268,0.43715
shrinkage,2009-2024,odd_even,QB,fpoe_ng,16,569,0.491478,,,1.733582,28.699268,0.43715
shrinkage,2009-2024,odd_even,QB,fpoe_ng,17,569,0.506632,,,1.733582,28.699268,0.43715
shrinkage,2009-2024,odd_even,RB,fpoe,1,1389,0.048524,,,0.892427,17.499168,0.196686
shrinkage,2009-2024,odd_even,RB,fpoe,2,1389,0.092556,,,0.892427,17.499168,0.196686
shrinkage,2009-2024,odd_even,RB,fpoe,3,1389,0.132693,,,0.892427,17.499168,0.196686
shrinkage,2009-2024,odd_even,RB,fpoe,4,1389,0.16943,,,0.892427,17.499168,0.196686
shrinkage,2009-2024,odd_even,RB,fpoe,5,1389,0.203182,,,0.892427,17.499168,0.196686
shrinkage,2009-2024,odd_even,RB,fpoe,6,1389,0.234297,,,0.892427,17.499168,0.196686
shrinkage,2009-2024,odd_even,RB,fpoe,7,1389,0.263074,,,0.892427,17.499168,0.196686
shrinkage,2009-2024,odd_even,RB,fpoe,8,1389,0.289766,,,0.892427,17.499168,0.196686
shrinkage,2009-2024,odd_even,RB,fpoe,9,1389,0.314592,,,0.892427,17.499168,0.196686
shrinkage,2009-2024,odd_even,RB,fpoe,10,1389,0.337741,,,0.892427,17.499168,0.196686
shrinkage,2009-2024,odd_even,RB,fpoe,11,1389,0.359377,,,0.892427,17.499168,0.196686
shrinkage,2009-2024,odd_even,RB,fpoe,12,1389,0.379645,,,0.892427,17.499168,0.196686
shrinkage,2009-2024,odd_even,RB,fpoe,13,1389,0.398669,,,0.892427,17.499168,0.196686
shrinkage,2009-2024,odd_even,RB,fpoe,14,1389,0.416561,,,0.892427,17.499168,0.196686
shrinkage,2009-2024,odd_even,RB,fpoe,15,1389,0.433419,,,0.892427,17.499168,0.196686
shrinkage,2009-2024,odd_even,RB,fpoe,16,1389,0.449331,,,0.892427,17.499168,0.196686
shrinkage,2009-2024,odd_even,RB,fpoe,17,1389,0.464373,,,0.892427,17.499168,0.196686
shrinkage,2009-2024,odd_even,RB,fpoe_ng,1,1389,0.039703,,,0.618657,14.963592,0.16688
shrinkage,2009-2024,odd_even,RB,fpoe_ng,2,1389,0.076373,,,0.618657,14.963592,0.16688
shrinkage,2009-2024,odd_even,RB,fpoe_ng,3,1389,0.110346,,,0.618657,14.963592,0.16688
shrinkage,2009-2024,odd_even,RB,fpoe_ng,4,1389,0.141908,,,0.618657,14.963592,0.16688
shrinkage,2009-2024,odd_even,RB,fpoe_ng,5,1389,0.171308,,,0.618657,14.963592,0.16688
shrinkage,2009-2024,odd_even,RB,fpoe_ng,6,1389,0.19876,,,0.618657,14.963592,0.16688
shrinkage,2009-2024,odd_even,RB,fpoe_ng,7,1389,0.224451,,,0.618657,14.963592,0.16688
shrinkage,2009-2024,odd_even,RB,fpoe_ng,8,1389,0.248546,,,0.618657,14.963592,0.16688
shrinkage,2009-2024,odd_even,RB,fpoe_ng,9,1389,0.271189,,,0.618657,14.963592,0.16688
shrinkage,2009-2024,odd_even,RB,fpoe_ng,10,1389,0.292507,,,0.618657,14.963592,0.16688
shrinkage,2009-2024,odd_even,RB,fpoe_ng,11,1389,0.312613,,,0.618657,14.963592,0.16688
shrinkage,2009-2024,odd_even,RB,fpoe_ng,12,1389,0.331609,,,0.618657,14.963592,0.16688
shrinkage,2009-2024,odd_even,RB,fpoe_ng,13,1389,0.349582,,,0.618657,14.963592,0.16688
shrinkage,2009-2024,odd_even,RB,fpoe_ng,14,1389,0.366615,,,0.618657,14.963592,0.16688
shrinkage,2009-2024,odd_even,RB,fpoe_ng,15,1389,0.382778,,,0.618657,14.963592,0.16688
shrinkage,2009-2024,odd_even,RB,fpoe_ng,16,1389,0.398136,,,0.618657,14.963592,0.16688
shrinkage,2009-2024,odd_even,RB,fpoe_ng,17,1389,0.412749,,,0.618657,14.963592,0.16688
shrinkage,2009-2024,odd_even,WR,fpoe,1,2107,0.039244,,,0.927511,22.706939,0.275719
shrinkage,2009-2024,odd_even,WR,fpoe,2,2107,0.075524,,,0.927511,22.706939,0.275719
shrinkage,2009-2024,odd_even,WR,fpoe,3,2107,0.109164,,,0.927511,22.706939,0.275719
shrinkage,2009-2024,odd_even,WR,fpoe,4,2107,0.140442,,,0.927511,22.706939,0.275719
shrinkage,2009-2024,odd_even,WR,fpoe,5,2107,0.169597,,,0.927511,22.706939,0.275719
shrinkage,2009-2024,odd_even,WR,fpoe,6,2107,0.19684,,,0.927511,22.706939,0.275719
shrinkage,2009-2024,odd_even,WR,fpoe,7,2107,0.222352,,,0.927511,22.706939,0.275719
shrinkage,2009-2024,odd_even,WR,fpoe,8,2107,0.246293,,,0.927511,22.706939,0.275719
shrinkage,2009-2024,odd_even,WR,fpoe,9,2107,0.268805,,,0.927511,22.706939,0.275719
shrinkage,2009-2024,odd_even,WR,fpoe,10,2107,0.29001,,,0.927511,22.706939,0.275719
shrinkage,2009-2024,odd_even,WR,fpoe,11,2107,0.31002,,,0.927511,22.706939,0.275719
shrinkage,2009-2024,odd_even,WR,fpoe,12,2107,0.328933,,,0.927511,22.706939,0.275719
shrinkage,2009-2024,odd_even,WR,fpoe,13,2107,0.346837,,,0.927511,22.706939,0.275719
shrinkage,2009-2024,odd_even,WR,fpoe,14,2107,0.36381,,,0.927511,22.706939,0.275719
shrinkage,2009-2024,odd_even,WR,fpoe,15,2107,0.379924,,,0.927511,22.706939,0.275719
shrinkage,2009-2024,odd_even,WR,fpoe,16,2107,0.395241,,,0.927511,22.706939,0.275719
shrinkage,2009-2024,odd_even,WR,fpoe,17,2107,0.40982,,,0.927511,22.706939,0.275719
shrinkage,2009-2024,odd_even,WR,fpoe_ng,1,2107,0.03114,,,0.626474,19.491551,0.241146
shrinkage,2009-2024,odd_even,WR,fpoe_ng,2,2107,0.060399,,,0.626474,19.491551,0.241146
shrinkage,2009-2024,odd_even,WR,fpoe_ng,3,2107,0.087943,,,0.626474,19.491551,0.241146
shrinkage,2009-2024,odd_even,WR,fpoe_ng,4,2107,0.113918,,,0.626474,19.491551,0.241146
shrinkage,2009-2024,odd_even,WR,fpoe_ng,5,2107,0.138454,,,0.626474,19.491551,0.241146
shrinkage,2009-2024,odd_even,WR,fpoe_ng,6,2107,0.161668,,,0.626474,19.491551,0.241146
shrinkage,2009-2024,odd_even,WR,fpoe_ng,7,2107,0.183664,,,0.626474,19.491551,0.241146
shrinkage,2009-2024,odd_even,WR,fpoe_ng,8,2107,0.204535,,,0.626474,19.491551,0.241146
shrinkage,2009-2024,odd_even,WR,fpoe_ng,9,2107,0.224366,,,0.626474,19.491551,0.241146
shrinkage,2009-2024,odd_even,WR,fpoe_ng,10,2107,0.243231,,,0.626474,19.491551,0.241146
shrinkage,2009-2024,odd_even,WR,fpoe_ng,11,2107,0.261201,,,0.626474,19.491551,0.241146
shrinkage,2009-2024,odd_even,WR,fpoe_ng,12,2107,0.278338,,,0.626474,19.491551,0.241146
shrinkage,2009-2024,odd_even,WR,fpoe_ng,13,2107,0.294697,,,0.626474,19.491551,0.241146
shrinkage,2009-2024,odd_even,WR,fpoe_ng,14,2107,0.310331,,,0.626474,19.491551,0.241146
shrinkage,2009-2024,odd_even,WR,fpoe_ng,15,2107,0.325287,,,0.626474,19.491551,0.241146
shrinkage,2009-2024,odd_even,WR,fpoe_ng,16,2107,0.339608,,,0.626474,19.491551,0.241146
shrinkage,2009-2024,odd_even,WR,fpoe_ng,17,2107,0.353334,,,0.626474,19.491551,0.241146
shrinkage,2009-2024,odd_even,TE,fpoe,1,1024,0.030997,,,0.417563,13.053572,0.442476
shrinkage,2009-2024,odd_even,TE,fpoe,2,1024,0.06013,,,0.417563,13.053572,0.442476
shrinkage,2009-2024,odd_even,TE,fpoe,3,1024,0.087562,,,0.417563,13.053572,0.442476
shrinkage,2009-2024,odd_even,TE,fpoe,4,1024,0.113439,,,0.417563,13.053572,0.442476
shrinkage,2009-2024,odd_even,TE,fpoe,5,1024,0.137888,,,0.417563,13.053572,0.442476
shrinkage,2009-2024,odd_even,TE,fpoe,6,1024,0.161025,,,0.417563,13.053572,0.442476
shrinkage,2009-2024,odd_even,TE,fpoe,7,1024,0.182952,,,0.417563,13.053572,0.442476
shrinkage,2009-2024,odd_even,TE,fpoe,8,1024,0.203763,,,0.417563,13.053572,0.442476
shrinkage,2009-2024,odd_even,TE,fpoe,9,1024,0.22354,,,0.417563,13.053572,0.442476
shrinkage,2009-2024,odd_even,TE,fpoe,10,1024,0.242358,,,0.417563,13.053572,0.442476
shrinkage,2009-2024,odd_even,TE,fpoe,11,1024,0.260285,,,0.417563,13.053572,0.442476
shrinkage,2009-2024,odd_even,TE,fpoe,12,1024,0.277384,,,0.417563,13.053572,0.442476
shrinkage,2009-2024,odd_even,TE,fpoe,13,1024,0.29371,,,0.417563,13.053572,0.442476
shrinkage,2009-2024,odd_even,TE,fpoe,14,1024,0.309315,,,0.417563,13.053572,0.442476
shrinkage,2009-2024,odd_even,TE,fpoe,15,1024,0.324245,,,0.417563,13.053572,0.442476
shrinkage,2009-2024,odd_even,TE,fpoe,16,1024,0.338543,,,0.417563,13.053572,0.442476
shrinkage,2009-2024,odd_even,TE,fpoe,17,1024,0.352249,,,0.417563,13.053572,0.442476
shrinkage,2009-2024,odd_even,TE,fpoe_ng,1,1024,0.028426,,,0.324658,11.096579,0.39217
shrinkage,2009-2024,odd_even,TE,fpoe_ng,2,1024,0.05528,,,0.324658,11.096579,0.39217
shrinkage,2009-2024,odd_even,TE,fpoe_ng,3,1024,0.08069,,,0.324658,11.096579,0.39217
shrinkage,2009-2024,odd_even,TE,fpoe_ng,4,1024,0.104769,,,0.324658,11.096579,0.39217
shrinkage,2009-2024,odd_even,TE,fpoe_ng,5,1024,0.127618,,,0.324658,11.096579,0.39217
shrinkage,2009-2024,odd_even,TE,fpoe_ng,6,1024,0.149331,,,0.324658,11.096579,0.39217
shrinkage,2009-2024,odd_even,TE,fpoe_ng,7,1024,0.169988,,,0.324658,11.096579,0.39217
shrinkage,2009-2024,odd_even,TE,fpoe_ng,8,1024,0.189666,,,0.324658,11.096579,0.39217
shrinkage,2009-2024,odd_even,TE,fpoe_ng,9,1024,0.208433,,,0.324658,11.096579,0.39217
shrinkage,2009-2024,odd_even,TE,fpoe_ng,10,1024,0.22635,,,0.324658,11.096579,0.39217
shrinkage,2009-2024,odd_even,TE,fpoe_ng,11,1024,0.243474,,,0.324658,11.096579,0.39217
shrinkage,2009-2024,odd_even,TE,fpoe_ng,12,1024,0.259857,,,0.324658,11.096579,0.39217
shrinkage,2009-2024,odd_even,TE,fpoe_ng,13,1024,0.275545,,,0.324658,11.096579,0.39217
shrinkage,2009-2024,odd_even,TE,fpoe_ng,14,1024,0.290581,,,0.324658,11.096579,0.39217
shrinkage,2009-2024,odd_even,TE,fpoe_ng,15,1024,0.305006,,,0.324658,11.096579,0.39217
shrinkage,2009-2024,odd_even,TE,fpoe_ng,16,1024,0.318857,,,0.324658,11.096579,0.39217
shrinkage,2009-2024,odd_even,TE,fpoe_ng,17,1024,0.332166,,,0.324658,11.096579,0.39217
