season,position,player_games,with_xfp,points_within_bound,xfp_within_bound,fantasy_points,points_garbage,points_garbage_share,xfp,xfp_garbage,xfp_garbage_share,opportunities,opportunities_garbage,opportunities_garbage_share,fpoe_per_game,fpoe_ng_per_game,incompletions_with_target
2006,QB,601,598,600,598,6553.18,966.52,0.1475,7391.6994,1094.112,0.148,17827,2874,0.1612,-1.4022,-1.1888,0.0108
2006,RB,1266,1104,1266,1104,11038.64,1767.4,0.1601,9893.4126,1578.5075,0.1596,14237,2169,0.1523,1.0392,0.8681,0.0108
2006,TE,859,742,859,742,4655.1,738.0,0.1585,3022.36,449.5676,0.1487,1849,278,0.1504,2.2005,1.8117,0.0108
2006,WR,1943,1611,1940,1611,15277.76,2267.6,0.1484,8668.7972,1293.5812,0.1492,5647,858,0.1519,4.1023,3.4964,0.0108
2007,QB,639,638,639,638,6828.04,1230.28,0.1802,7753.7756,1320.8268,0.1703,18375,3281,0.1786,-1.451,-1.3091,0.0763
2007,RB,1263,1134,1263,1134,10902.98,1875.1,0.172,9997.0078,1760.6725,0.1761,14224,2416,0.1699,0.7883,0.6857,0.0763
2007,TE,897,766,897,766,5230.3,889.3,0.17,3564.19,586.9196,0.1647,2125,354,0.1666,2.1751,1.7803,0.0763
2007,WR,1998,1667,1998,1667,16273.62,2889.3,0.1775,9943.9916,1713.9461,0.1724,6338,1094,0.1726,3.7913,3.0886,0.0763
2008,QB,596,593,596,593,6749.46,946.52,0.1402,7616.954,1124.1339,0.1476,17818,2884,0.1619,-1.4629,-1.1634,0.0903
2008,RB,1272,1137,1272,1137,11352.12,1846.66,0.1627,9875.7762,1538.2605,0.1558,13878,2076,0.1496,1.2897,1.0184,0.0903
2008,TE,930,795,930,795,5120.08,696.08,0.136,3652.4954,473.6024,0.1297,2214,290,0.131,1.846,1.5662,0.0903
2008,WR,1985,1681,1983,1681,15498.84,2252.32,0.1453,9648.516,1397.6045,0.1449,6191,917,0.1481,3.4783,2.9663,0.0903
2009,QB,646,645,646,645,7017.68,1050.5,0.1497,7766.7284,1315.0836,0.1693,18309,3282,0.1793,-1.1613,-0.7511,0.9652
2009,RB,1354,1229,1354,1229,11376.28,1917.84,0.1686,11202.3326,1965.7939,0.1755,14870,2508,0.1687,0.1334,0.1708,0.9652
2009,TE,1016,902,1015,902,5783.8,939.4,0.1624,5926.793,956.1728,0.1613,3522,583,0.1655,-0.1585,-0.1399,0.9652
2009,WR,2110,1836,2108,1836,15919.48,2541.6,0.1597,16363.0902,2813.1892,0.1719,10174,1768,0.1738,-0.2425,-0.0957,0.9652
2010,QB,605,603,605,603,7462.38,1165.76,0.1562,8040.59,1249.07,0.1553,18644,3011,0.1615,-0.9589,-0.8207,0.9637
2010,RB,1295,1159,1295,1159,10594.02,1774.2,0.1675,10685.6652,1804.5074,0.1689,14285,2345,0.1642,-0.0791,-0.0529,0.9637
2010,TE,1054,930,1054,930,5795.9,893.6,0.1542,5846.058,853.7045,0.146,3535,528,0.1494,-0.0539,-0.0968,0.9637
2010,WR,2123,1862,2122,1862,16647.92,2582.9,0.1551,16962.7296,2600.3543,0.1533,10513,1625,0.1546,-0.1873,-0.178,0.9637
2011,QB,602,601,601,601,7705.3,1139.32,0.1479,8449.331,1388.3073,0.1643,18948,3218,0.1698,-1.238,-0.8237,0.968
2011,RB,1343,1246,1340,1246,10917.24,1788.7,0.1638,10955.5268,1863.4122,0.1701,14523,2373,0.1634,-0.0323,0.0276,0.968
2011,TE,1051,928,1051,928,6132.2,925.8,0.151,6359.52,991.8597,0.156,3683,577,0.1567,-0.2579,-0.1802,0.968
2011,WR,2186,1914,2185,1914,16592.82,2645.5,0.1594,16858.4596,2773.1011,0.1645,10374,1718,0.1656,-0.1576,-0.0878,0.968
2012,QB,598,596,598,596,7923.42,1364.32,0.1722,8543.0582,1401.231,0.164,19208,3373,0.1756,-1.0363,-0.9777,0.9669
2012,RB,1401,1276,1400,1276,10508.6,1944.3,0.185,10628.4598,1901.724,0.1789,14335,2515,0.1754,-0.1033,-0.1367,0.9669
2012,TE,1049,931,1049,931,6187.0,1108.5,0.1792,6440.525,1085.2086,0.1685,3761,648,0.1723,-0.2723,-0.2973,0.9669
2012,WR,2157,1948,2153,1948,17242.14,2924.22,0.1696,17725.1906,2901.0752,0.1637,10785,1782,0.1652,-0.2537,-0.2666,0.9669
2013,QB,586,586,584,584,8248.2,1265.86,0.1535,8917.9752,1374.8773,0.1542,19876,3314,0.1667,-1.143,-0.9569,0.9591
2013,RB,1386,1234,1385,1234,10980.14,1684.74,0.1534,11153.0754,1766.4958,0.1584,14571,2214,0.1519,-0.1385,-0.0723,0.9591
2013,TE,1074,956,1074,956,6530.2,1015.1,0.1554,6475.201,1028.4453,0.1588,3743,613,0.1638,0.0575,0.0715,0.9591
2013,WR,2169,1935,2166,1935,17504.26,2768.4,0.1582,18030.4594,2810.1731,0.1559,10959,1724,0.1573,-0.2916,-0.2638,0.9591
2014,QB,598,594,597,594,8250.72,1428.76,0.1732,8642.3262,1478.0727,0.171,19540,3547,0.1815,-0.6593,-0.5763,0.9618
2014,RB,1434,1326,1434,1326,11359.1,2111.4,0.1859,11533.0956,2100.3152,0.1821,14789,2636,0.1782,-0.1357,-0.1441,0.9618
2014,TE,1110,982,1110,982,6186.2,1117.2,0.1806,6184.038,1174.8792,0.19,3591,690,0.1921,-0.0039,0.0548,0.9618
2014,WR,2221,1972,2220,1972,17722.72,2985.3,0.1684,17881.6834,2975.868,0.1664,10887,1827,0.1678,-0.0908,-0.0925,0.9618
2015,QB,604,594,604,594,8699.54,1526.26,0.1754,8721.0346,1454.0105,0.1667,19984,3360,0.1681,-0.0362,-0.1578,0.9675
2015,RB,1441,1319,1441,1319,11279.04,2021.04,0.1792,11489.825,1996.1155,0.1737,14727,2368,0.1608,-0.1583,-0.1802,0.9675
2015,TE,1093,990,1092,990,6544.7,998.5,0.1526,6508.509,1041.102,0.16,3883,622,0.1602,0.0366,0.0796,0.9675
2015,WR,2228,1970,2222,1970,17923.68,2962.9,0.1653,17730.5906,2795.5893,0.1577,10899,1696,0.1556,0.1011,0.0182,0.9675
2016,QB,598,591,598,591,8393.4,1190.04,0.1418,8859.843,1267.4141,0.1431,19882,3017,0.1517,-0.7892,-0.6583,0.9566
2016,RB,1577,1410,1576,1410,11875.6,1717.0,0.1446,11821.8312,1745.8815,0.1477,14786,2139,0.1447,0.0381,0.0586,0.9566
2016,TE,1063,961,1063,961,6353.5,884.8,0.1393,6379.59,941.2378,0.1475,3770,560,0.1485,-0.0271,0.0316,0.9566
2016,WR,2320,2063,2318,2063,18200.34,2673.2,0.1469,18410.0886,2656.8411,0.1443,11317,1650,0.1458,-0.0997,-0.1086,0.9566
2017,QB,595,583,595,583,7945.16,1139.68,0.1434,8267.2164,1219.9965,0.1476,19177,3140,0.1637,-0.5524,-0.4146,0.953
2017,RB,1629,1454,1626,1454,12112.34,2064.9,0.1705,12181.0088,2066.2032,0.1696,15491,2522,0.1628,-0.0459,-0.045,0.953
2017,TE,1133,1022,1133,1022,5996.6,890.0,0.1484,6054.5168,853.5436,0.141,3602,529,0.1469,-0.0625,-0.0982,0.953
2017,WR,2257,1998,2256,1998,16072.98,2433.2,0.1514,16340.7068,2532.8553,0.155,10241,1634,0.1596,-0.137,-0.0851,0.953
2018,QB,617,611,616,611,8822.86,1399.62,0.1586,9377.3924,1482.6866,0.1581,19627,3295,0.1679,-0.9076,-0.7716,0.9198
2018,RB,1551,1389,1550,1389,12462.5,2027.6,0.1627,12391.835,2062.4548,0.1664,14624,2448,0.1674,0.0505,0.0756,0.9198
2018,TE,1116,1012,1116,1012,6134.7,930.0,0.1516,6092.2168,945.6789,0.1552,3460,556,0.1607,0.0361,0.0515,0.9198
2018,WR,2229,2000,2226,2000,18075.86,2899.68,0.1604,18027.0818,2822.5567,0.1566,10569,1667,0.1577,0.0174,-0.0182,0.9198
2019,QB,605,604,605,604,8664.54,1320.88,0.1524,9206.17,1384.6978,0.1504,19754,3257,0.1649,-0.8967,-0.7911,0.8911
2019,RB,1560,1380,1559,1380,12235.08,1987.42,0.1624,12296.2452,1992.3701,0.162,14770,2370,0.1605,-0.0443,-0.0422,0.8911
2019,TE,1105,1007,1105,1007,6256.3,986.8,0.1577,6284.39,953.4156,0.1517,3600,567,0.1575,-0.0303,-0.0634,0.8911
2019,WR,2259,1992,2259,1992,17424.34,2576.84,0.1479,17447.7396,2711.0953,0.1554,10395,1659,0.1596,-0.0138,0.0506,0.8911
2020,QB,640,635,640,635,9478.92,1399.34,0.1476,10137.7998,1517.7678,0.1497,20255,3150,0.1555,-1.0376,-0.8511,0.8868
2020,RB,1587,1436,1587,1436,12146.1,1942.7,0.1599,12414.3682,1968.0635,0.1585,14503,2291,0.158,-0.1868,-0.1692,0.8868
2020,TE,1113,1008,1113,1008,6448.48,893.6,0.1386,6627.4604,893.2424,0.1348,3656,497,0.1359,-0.1795,-0.1799,0.8868
2020,WR,2332,2067,2329,2067,18894.2,2793.7,0.1479,18727.3942,2851.6362,0.1523,10876,1624,0.1493,0.0788,0.1097,0.8868
2021,QB,671,669,670,669,9209.54,1475.54,0.1602,10145.4902,1653.9277,0.163,20968,3628,0.173,-1.399,-1.1324,0.9008
2021,RB,1634,1473,1634,1473,12695.16,2166.66,0.1707,12824.5,2242.8083,0.1749,15398,2630,0.1708,-0.0864,-0.0348,0.9008
2021,TE,1179,1051,1179,1051,6617.5,957.0,0.1446,6765.3778,1008.2618,0.149,3845,586,0.1524,-0.1407,-0.0919,0.9008
2021,WR,2490,2204,2488,2204,18763.2,3059.28,0.163,19220.9556,3149.6379,0.1639,11264,1869,0.1659,-0.2131,-0.1667,0.9008
2022,QB,638,637,637,637,8755.36,1125.2,0.1285,9457.7842,1212.9715,0.1283,20461,2865,0.14,-1.1027,-0.9649,0.882
2022,RB,1667,1472,1667,1472,12228.58,1596.8,0.1306,12302.6656,1631.0477,0.1326,15199,1981,0.1303,-0.0585,-0.0366,0.882
2022,TE,1217,1101,1217,1101,6451.32,854.0,0.1324,6403.2498,809.6187,0.1264,3802,495,0.1302,0.0437,0.0034,0.882
2022,WR,2396,2140,2394,2140,17781.96,2387.8,0.1343,17916.0068,2438.3164,0.1361,10848,1472,0.1357,-0.0524,-0.0297,0.882
2023,QB,680,678,680,678,8837.0,1209.48,0.1369,9414.6588,1335.0857,0.1418,20787,3137,0.1509,-0.852,-0.6667,0.8721
2023,RB,1545,1412,1544,1412,11704.14,1799.78,0.1538,12108.9864,1932.3233,0.1596,15034,2313,0.1539,-0.2896,-0.1957,0.8721
2023,TE,1192,1059,1192,1059,6379.5,878.8,0.1378,6210.318,858.1088,0.1382,3772,527,0.1397,0.1598,0.1402,0.8721
2023,WR,2475,2215,2475,2215,18202.92,2654.38,0.1458,17929.606,2619.2109,0.1461,10970,1602,0.146,0.1171,0.1003,0.8721
2024,QB,664,664,664,664,9145.42,1334.66,0.1459,9446.4928,1377.9986,0.1459,20241,3080,0.1522,-0.4534,-0.3882,0.8709
2024,RB,1603,1410,1603,1410,12025.72,1880.92,0.1564,11980.3424,1821.503,0.152,14832,2256,0.1521,0.0194,-0.0185,0.8709
2024,TE,1235,1090,1234,1090,6671.64,989.6,0.1483,6470.6528,936.7147,0.1448,3898,579,0.1485,0.1844,0.1359,0.8709
2024,WR,2455,2129,2451,2129,18171.04,2511.52,0.1382,17937.3454,2635.1203,0.1469,10728,1586,0.1478,0.106,0.1603,0.8709
2025,QB,677,675,675,675,8906.26,1262.06,0.1417,9417.7044,1357.8225,0.1442,19816,3012,0.152,-0.7577,-0.6158,0.8669
2025,RB,1644,1411,1644,1411,12086.16,1903.8,0.1575,12020.3148,1862.8486,0.155,14890,2268,0.1523,0.0367,0.0077,0.8669
2025,TE,1283,1125,1283,1125,7195.8,1137.7,0.1581,6856.9202,1050.9033,0.1533,4060,633,0.1559,0.3012,0.2241,0.8669
2025,WR,2502,2132,2500,2132,16740.82,2410.1,0.144,16992.151,2449.9795,0.1442,10059,1443,0.1435,-0.1123,-0.0954,0.8669
2026,QB,112,112,112,112,1655.9,185.92,0.1123,1703.1022,175.9686,0.1033,3510,421,0.1199,-0.4214,-0.5103,0.855
2026,RB,286,248,286,248,2000.5,254.6,0.1273,2143.827,241.5798,0.1127,2664,321,0.1205,-0.5699,-0.6224,0.855
2026,TE,237,204,237,204,1317.4,135.6,0.1029,1214.819,123.2994,0.1015,700,74,0.1057,0.5028,0.4426,0.855
2026,WR,459,385,459,385,3071.3,375.9,0.1224,3087.2346,357.0874,0.1157,1794,211,0.1176,-0.0466,-0.0954,0.855
,QB,12572,12507,12562,12505,165252.28,25126.52,0.152,177277.1268,27186.0624,0.1534,393007,64146,0.1632,-0.9613,-0.7968,
,RB,29738,26659,29726,26659,233880.04,38073.56,0.1628,231900.1016,37842.8883,0.1632,296630,47159,0.159,0.0709,0.0621,
,TE,22006,19562,22003,19562,123988.22,18859.38,0.1521,119339.201,18015.4867,0.151,70071,10786,0.1539,0.2359,0.1931,
,WR,45294,39721,45252,39721,348002.2,53595.64,0.154,331849.8186,51298.8192,0.1546,201828,31426,0.1557,0.4023,0.3451,
