candidate,position,horizon,season,n,mae,chosen
none,DST,12,2013,96,5.572917,false
none,DST,12,2014,96,5.800189,false
none,DST,12,2015,96,5.399621,false
none,DST,12,2016,96,5.726641,false
none,DST,12,2017,96,5.064394,false
none,DST,12,2018,96,5.411932,false
none,DST,12,2019,96,5.920455,false
none,DST,12,2020,96,4.788352,false
none,DST,12,2021,96,5.240925,false
none,DST,12,2022,94,5.199307,false
none,DST,12,2023,96,5.158302,false
none,DST,12,2024,96,6.212753,false
none,DST,12,2025,96,5.280303,false
none,DST,12,all,1246,5.444708,false
none,DST,14,2013,96,5.577724,false
none,DST,14,2014,96,5.891827,false
none,DST,14,2015,96,5.399840,false
none,DST,14,2016,96,5.677885,false
none,DST,14,2017,96,5.159455,false
none,DST,14,2018,96,5.422276,false
none,DST,14,2019,96,5.723558,false
none,DST,14,2020,96,4.750000,false
none,DST,14,2021,96,5.221154,false
none,DST,14,2022,94,5.116203,false
none,DST,14,2023,96,5.102564,false
none,DST,14,2024,96,6.175481,false
none,DST,14,2025,96,5.120192,false
none,DST,14,all,1246,5.411100,false
none,DST,4,2013,96,6.476562,false
none,DST,4,2014,96,5.845486,false
none,DST,4,2015,96,5.736111,false
none,DST,4,2016,96,5.665799,false
none,DST,4,2017,96,5.567708,false
none,DST,4,2018,96,5.643229,false
none,DST,4,2019,96,6.421875,false
none,DST,4,2020,96,4.926215,false
none,DST,4,2021,96,5.705729,false
none,DST,4,2022,94,5.085106,false
none,DST,4,2023,96,5.955729,false
none,DST,4,2024,96,6.817708,false
none,DST,4,2025,96,5.315104,false
none,DST,4,all,1246,5.782838,false
none,DST,8,2013,96,5.746466,false
none,DST,8,2014,96,5.956101,false
none,DST,8,2015,96,5.701079,false
none,DST,8,2016,96,5.793341,false
none,DST,8,2017,96,5.227307,false
none,DST,8,2018,96,5.254464,false
none,DST,8,2019,96,6.195126,false
none,DST,8,2020,96,4.802269,false
none,DST,8,2021,96,5.291853,false
none,DST,8,2022,94,5.180281,false
none,DST,8,2023,96,5.431920,false
none,DST,8,2024,96,6.315290,false
none,DST,8,2025,96,5.292597,false
none,DST,8,all,1246,5.553528,false
none,DST,all,2013,384,5.843417,false
none,DST,all,2014,384,5.873401,false
none,DST,all,2015,384,5.559163,false
none,DST,all,2016,384,5.715916,false
none,DST,all,2017,384,5.254716,false
none,DST,all,2018,384,5.432975,false
none,DST,all,2019,384,6.065253,false
none,DST,all,2020,384,4.816709,false
none,DST,all,2021,384,5.364915,false
none,DST,all,2022,376,5.145224,false
none,DST,all,2023,384,5.412129,false
none,DST,all,2024,384,6.380308,false
none,DST,all,2025,384,5.252049,false
none,DST,all,all,4984,5.548044,false
raw,DST,12,2013,96,5.180136,false
raw,DST,12,2014,96,5.961368,false
raw,DST,12,2015,96,5.536720,false
raw,DST,12,2016,96,5.247679,false
raw,DST,12,2017,96,5.190261,false
raw,DST,12,2018,96,5.810813,false
raw,DST,12,2019,96,6.171336,false
raw,DST,12,2020,96,4.814013,false
raw,DST,12,2021,96,4.858919,false
raw,DST,12,2022,94,5.399551,false
raw,DST,12,2023,96,5.176692,false
raw,DST,12,2024,96,5.423713,false
raw,DST,12,2025,96,5.267797,false
raw,DST,12,all,1246,5.387596,false
raw,DST,14,2013,96,5.079999,false
raw,DST,14,2014,96,5.972489,false
raw,DST,14,2015,96,5.580336,false
raw,DST,14,2016,96,5.069259,false
raw,DST,14,2017,96,5.176278,false
raw,DST,14,2018,96,5.770961,false
raw,DST,14,2019,96,5.740953,false
raw,DST,14,2020,96,4.773282,false
raw,DST,14,2021,96,4.822161,false
raw,DST,14,2022,94,5.153191,false
raw,DST,14,2023,96,5.036552,false
raw,DST,14,2024,96,5.394524,false
raw,DST,14,2025,96,5.039263,false
raw,DST,14,all,1246,5.277834,false
raw,DST,4,2013,96,7.131527,false
raw,DST,4,2014,96,6.650464,false
raw,DST,4,2015,96,6.671867,false
raw,DST,4,2016,96,6.111415,false
raw,DST,4,2017,96,6.326003,false
raw,DST,4,2018,96,6.340851,false
raw,DST,4,2019,96,7.443798,false
raw,DST,4,2020,96,5.420129,false
raw,DST,4,2021,96,5.910061,false
raw,DST,4,2022,94,5.647305,false
raw,DST,4,2023,96,6.070353,false
raw,DST,4,2024,96,6.446244,false
raw,DST,4,2025,96,5.941348,false
raw,DST,4,all,1246,6.317332,false
raw,DST,8,2013,96,5.691926,false
raw,DST,8,2014,96,6.290804,false
raw,DST,8,2015,96,5.877079,false
raw,DST,8,2016,96,5.634408,false
raw,DST,8,2017,96,5.696906,false
raw,DST,8,2018,96,5.867031,false
raw,DST,8,2019,96,6.809586,false
raw,DST,8,2020,96,5.038398,false
raw,DST,8,2021,96,5.264643,false
raw,DST,8,2022,94,5.431881,false
raw,DST,8,2023,96,5.384952,false
raw,DST,8,2024,96,5.598636,false
raw,DST,8,2025,96,5.639174,false
raw,DST,8,all,1246,5.710094,false
raw,DST,all,2013,384,5.770897,false
raw,DST,all,2014,384,6.218781,false
raw,DST,all,2015,384,5.916500,false
raw,DST,all,2016,384,5.515690,false
raw,DST,all,2017,384,5.597362,false
raw,DST,all,2018,384,5.947414,false
raw,DST,all,2019,384,6.541418,false
raw,DST,all,2020,384,5.011455,false
raw,DST,all,2021,384,5.213946,false
raw,DST,all,2022,376,5.407982,false
raw,DST,all,2023,384,5.417137,false
raw,DST,all,2024,384,5.715779,false
raw,DST,all,2025,384,5.471895,false
raw,DST,all,all,4984,5.673214,false
shrunk,DST,12,2013,96,5.186489,false
shrunk,DST,12,2014,96,5.732159,false
shrunk,DST,12,2015,96,5.408966,false
shrunk,DST,12,2016,96,5.281725,false
shrunk,DST,12,2017,96,4.900121,false
shrunk,DST,12,2018,96,5.479948,false
shrunk,DST,12,2019,96,5.907426,false
shrunk,DST,12,2020,96,4.565934,false
shrunk,DST,12,2021,96,4.911552,false
shrunk,DST,12,2022,94,5.225624,false
shrunk,DST,12,2023,96,4.965510,false
shrunk,DST,12,2024,96,5.625015,false
shrunk,DST,12,2025,96,5.046136,false
shrunk,DST,12,all,1246,5.249007,false
shrunk,DST,14,2013,96,5.188483,false
shrunk,DST,14,2014,96,5.733243,false
shrunk,DST,14,2015,96,5.452043,false
shrunk,DST,14,2016,96,5.167541,false
shrunk,DST,14,2017,96,5.002012,false
shrunk,DST,14,2018,96,5.502686,false
shrunk,DST,14,2019,96,5.557964,false
shrunk,DST,14,2020,96,4.516269,false
shrunk,DST,14,2021,96,4.867100,false
shrunk,DST,14,2022,94,5.018691,false
shrunk,DST,14,2023,96,4.883253,false
shrunk,DST,14,2024,96,5.607674,false
shrunk,DST,14,2025,96,4.885053,false
shrunk,DST,14,all,1246,5.183496,false
shrunk,DST,4,2013,96,6.474321,false
shrunk,DST,4,2014,96,5.928100,false
shrunk,DST,4,2015,96,5.737423,false
shrunk,DST,4,2016,96,5.681939,false
shrunk,DST,4,2017,96,5.663064,false
shrunk,DST,4,2018,96,5.773591,false
shrunk,DST,4,2019,96,6.523874,false
shrunk,DST,4,2020,96,4.731502,false
shrunk,DST,4,2021,96,5.674172,false
shrunk,DST,4,2022,94,5.075727,false
shrunk,DST,4,2023,96,5.504915,false
shrunk,DST,4,2024,96,6.505433,false
shrunk,DST,4,2025,96,5.167266,false
shrunk,DST,4,all,1246,5.727300,false
shrunk,DST,8,2013,96,5.525961,false
shrunk,DST,8,2014,96,5.978420,false
shrunk,DST,8,2015,96,5.702566,false
shrunk,DST,8,2016,96,5.606146,false
shrunk,DST,8,2017,96,5.250111,false
shrunk,DST,8,2018,96,5.303444,false
shrunk,DST,8,2019,96,6.298714,false
shrunk,DST,8,2020,96,4.610235,false
shrunk,DST,8,2021,96,5.163112,false
shrunk,DST,8,2022,94,5.166241,false
shrunk,DST,8,2023,96,5.285309,false
shrunk,DST,8,2024,96,5.776076,false
shrunk,DST,8,2025,96,5.238768,false
shrunk,DST,8,all,1246,5.454701,false
shrunk,DST,all,2013,384,5.593813,false
shrunk,DST,all,2014,384,5.842980,false
shrunk,DST,all,2015,384,5.575250,false
shrunk,DST,all,2016,384,5.434338,false
shrunk,DST,all,2017,384,5.203827,false
shrunk,DST,all,2018,384,5.514917,false
shrunk,DST,all,2019,384,6.071994,false
shrunk,DST,all,2020,384,4.605985,false
shrunk,DST,all,2021,384,5.153984,false
shrunk,DST,all,2022,376,5.121571,false
shrunk,DST,all,2023,384,5.159747,false
shrunk,DST,all,2024,384,5.878549,false
shrunk,DST,all,2025,384,5.084306,false
shrunk,DST,all,all,4984,5.403626,false
adjusted,DST,12,2013,96,5.177262,true
adjusted,DST,12,2014,96,5.697561,true
adjusted,DST,12,2015,96,5.409371,true
adjusted,DST,12,2016,96,5.328035,true
adjusted,DST,12,2017,96,4.900113,true
adjusted,DST,12,2018,96,5.456077,true
adjusted,DST,12,2019,96,5.812397,true
adjusted,DST,12,2020,96,4.544984,true
adjusted,DST,12,2021,96,4.901401,true
adjusted,DST,12,2022,94,5.221706,true
adjusted,DST,12,2023,96,4.990551,true
adjusted,DST,12,2024,96,5.585263,true
adjusted,DST,12,2025,96,5.054874,true
adjusted,DST,12,all,1246,5.236916,true
adjusted,DST,14,2013,96,5.169253,true
adjusted,DST,14,2014,96,5.715324,true
adjusted,DST,14,2015,96,5.460388,true
adjusted,DST,14,2016,96,5.174130,true
adjusted,DST,14,2017,96,4.999666,true
adjusted,DST,14,2018,96,5.465957,true
adjusted,DST,14,2019,96,5.493104,true
adjusted,DST,14,2020,96,4.528784,true
adjusted,DST,14,2021,96,4.869556,true
adjusted,DST,14,2022,94,5.029681,true
adjusted,DST,14,2023,96,4.913003,true
adjusted,DST,14,2024,96,5.593650,true
adjusted,DST,14,2025,96,4.862358,true
adjusted,DST,14,all,1246,5.175222,true
adjusted,DST,4,2013,96,6.451663,true
adjusted,DST,4,2014,96,5.926062,true
adjusted,DST,4,2015,96,5.729822,true
adjusted,DST,4,2016,96,5.682405,true
adjusted,DST,4,2017,96,5.674027,true
adjusted,DST,4,2018,96,5.788067,true
adjusted,DST,4,2019,96,6.519324,true
adjusted,DST,4,2020,96,4.718426,true
adjusted,DST,4,2021,96,5.699093,true
adjusted,DST,4,2022,94,5.083423,true
adjusted,DST,4,2023,96,5.527352,true
adjusted,DST,4,2024,96,6.507013,true
adjusted,DST,4,2025,96,5.105645,true
adjusted,DST,4,all,1246,5.725053,true
adjusted,DST,8,2013,96,5.539038,true
adjusted,DST,8,2014,96,5.974459,true
adjusted,DST,8,2015,96,5.701492,true
adjusted,DST,8,2016,96,5.637551,true
adjusted,DST,8,2017,96,5.252630,true
adjusted,DST,8,2018,96,5.318964,true
adjusted,DST,8,2019,96,6.238247,true
adjusted,DST,8,2020,96,4.591298,true
adjusted,DST,8,2021,96,5.174146,true
adjusted,DST,8,2022,94,5.145387,true
adjusted,DST,8,2023,96,5.304078,true
adjusted,DST,8,2024,96,5.766169,true
adjusted,DST,8,2025,96,5.225920,true
adjusted,DST,8,all,1246,5.451982,true
adjusted,DST,all,2013,384,5.584304,true
adjusted,DST,all,2014,384,5.828351,true
adjusted,DST,all,2015,384,5.575268,true
adjusted,DST,all,2016,384,5.455530,true
adjusted,DST,all,2017,384,5.206609,true
adjusted,DST,all,2018,384,5.507266,true
adjusted,DST,all,2019,384,6.015768,true
adjusted,DST,all,2020,384,4.595873,true
adjusted,DST,all,2021,384,5.161049,true
adjusted,DST,all,2022,376,5.120049,true
adjusted,DST,all,2023,384,5.183746,true
adjusted,DST,all,2024,384,5.863024,true
adjusted,DST,all,2025,384,5.062199,true
adjusted,DST,all,all,4984,5.397293,true
none,K,12,2013,92,3.378924,true
none,K,12,2014,87,3.797423,true
none,K,12,2015,91,3.286150,true
none,K,12,2016,92,3.562286,true
none,K,12,2017,85,3.152940,true
none,K,12,2018,83,3.540370,true
none,K,12,2019,88,3.162902,true
none,K,12,2020,84,3.441522,true
none,K,12,2021,80,3.485643,true
none,K,12,2022,94,3.724534,true
none,K,12,2023,88,4.047512,true
none,K,12,2024,84,3.823948,true
none,K,12,2025,81,3.357788,true
none,K,12,all,1129,3.521357,true
none,K,14,2013,92,3.370610,true
none,K,14,2014,90,3.875997,true
none,K,14,2015,94,3.291430,true
none,K,14,2016,92,3.523581,true
none,K,14,2017,89,3.253046,true
none,K,14,2018,89,3.541861,true
none,K,14,2019,91,3.084383,true
none,K,14,2020,87,3.522178,true
none,K,14,2021,87,3.532500,true
none,K,14,2022,94,3.731395,true
none,K,14,2023,88,3.984156,true
none,K,14,2024,87,3.667733,true
none,K,14,2025,90,3.614403,true
none,K,14,all,1170,3.536263,true
none,K,4,2013,89,3.675094,true
none,K,4,2014,84,3.904762,true
none,K,4,2015,73,3.361872,true
none,K,4,2016,86,3.658915,true
none,K,4,2017,76,3.755482,true
none,K,4,2018,68,3.517157,true
none,K,4,2019,78,3.405983,true
none,K,4,2020,78,4.012821,true
none,K,4,2021,67,3.715174,true
none,K,4,2022,85,3.814706,true
none,K,4,2023,84,4.588294,true
none,K,4,2024,71,4.264085,true
none,K,4,2025,74,3.528153,true
none,K,4,all,1013,3.791543,true
none,K,8,2013,92,3.488548,true
none,K,8,2014,87,3.805966,true
none,K,8,2015,88,3.340896,true
none,K,8,2016,86,3.530592,true
none,K,8,2017,82,3.235627,true
none,K,8,2018,80,3.662485,true
none,K,8,2019,78,3.163141,true
none,K,8,2020,78,3.440476,true
none,K,8,2021,78,3.749618,true
none,K,8,2022,91,3.927957,true
none,K,8,2023,84,4.211735,true
none,K,8,2024,77,3.809879,true
none,K,8,2025,74,3.543308,true
none,K,8,all,1075,3.611501,true
none,K,all,2013,365,3.476677,true
none,K,all,2014,348,3.845789,true
none,K,all,2015,346,3.317484,true
none,K,all,2016,356,3.567970,true
none,K,all,2017,332,3.338130,true
none,K,all,2018,320,3.566381,true
none,K,all,2019,335,3.198226,true
none,K,all,2020,327,3.599005,true
none,K,all,2021,312,3.613993,true
none,K,all,2022,364,3.798218,true
none,K,all,2023,344,4.203457,true
none,K,all,2024,319,3.875909,true
none,K,all,2025,319,3.512743,true
none,K,all,all,4387,3.609810,true
raw,K,12,2013,92,3.427086,false
raw,K,12,2014,87,3.983103,false
raw,K,12,2015,91,3.309517,false
raw,K,12,2016,92,3.667306,false
raw,K,12,2017,85,3.240783,false
raw,K,12,2018,83,3.928210,false
raw,K,12,2019,88,3.326776,false
raw,K,12,2020,84,3.653541,false
raw,K,12,2021,80,3.509556,false
raw,K,12,2022,94,3.977412,false
raw,K,12,2023,88,4.028370,false
raw,K,12,2024,84,4.134190,false
raw,K,12,2025,81,3.335600,false
raw,K,12,all,1129,3.656453,false
raw,K,14,2013,92,3.459381,false
raw,K,14,2014,90,4.121630,false
raw,K,14,2015,94,3.272372,false
raw,K,14,2016,92,3.693819,false
raw,K,14,2017,89,3.267664,false
raw,K,14,2018,89,3.813216,false
raw,K,14,2019,91,3.356934,false
raw,K,14,2020,87,3.687562,false
raw,K,14,2021,87,3.597371,false
raw,K,14,2022,94,3.935890,false
raw,K,14,2023,88,3.973159,false
raw,K,14,2024,87,4.007579,false
raw,K,14,2025,90,3.559894,false
raw,K,14,all,1170,3.670747,false
raw,K,4,2013,89,3.903395,false
raw,K,4,2014,84,4.079813,false
raw,K,4,2015,73,4.082780,false
raw,K,4,2016,86,4.378599,false
raw,K,4,2017,76,3.983238,false
raw,K,4,2018,68,4.228420,false
raw,K,4,2019,78,4.431993,false
raw,K,4,2020,78,4.562384,false
raw,K,4,2021,67,4.031518,false
raw,K,4,2022,85,4.750272,false
raw,K,4,2023,84,4.770016,false
raw,K,4,2024,71,4.837949,false
raw,K,4,2025,74,3.721788,false
raw,K,4,all,1013,4.294178,false
raw,K,8,2013,92,3.667862,false
raw,K,8,2014,87,3.876384,false
raw,K,8,2015,88,3.787569,false
raw,K,8,2016,86,3.760605,false
raw,K,8,2017,82,3.230262,false
raw,K,8,2018,80,4.117525,false
raw,K,8,2019,78,3.668679,false
raw,K,8,2020,78,3.914234,false
raw,K,8,2021,78,3.565712,false
raw,K,8,2022,91,4.505078,false
raw,K,8,2023,84,4.314251,false
raw,K,8,2024,77,4.059603,false
raw,K,8,2025,74,3.486799,false
raw,K,8,all,1075,3.849539,false
raw,K,all,2013,365,3.612056,false
raw,K,all,2014,348,4.015593,false
raw,K,all,2015,346,3.584156,false
raw,K,all,2016,356,3.868525,false
raw,K,all,2017,332,3.415350,false
raw,K,all,2018,320,4.007351,false
raw,K,all,2019,335,3.671910,false
raw,K,all,2020,327,3.941564,false
raw,K,all,2021,312,3.660170,false
raw,K,all,2022,364,4.279081,false
raw,K,all,2023,344,4.265154,false
raw,K,all,2024,319,4.238292,false
raw,K,all,2025,319,3.523541,false
raw,K,all,all,4387,3.854836,false
shrunk,K,12,2013,92,3.345190,false
shrunk,K,12,2014,87,3.834219,false
shrunk,K,12,2015,91,3.245991,false
shrunk,K,12,2016,92,3.557360,false
shrunk,K,12,2017,85,3.120312,false
shrunk,K,12,2018,83,3.625070,false
shrunk,K,12,2019,88,3.165099,false
shrunk,K,12,2020,84,3.415808,false
shrunk,K,12,2021,80,3.463534,false
shrunk,K,12,2022,94,3.769259,false
shrunk,K,12,2023,88,3.958901,false
shrunk,K,12,2024,84,3.885478,false
shrunk,K,12,2025,81,3.331667,false
shrunk,K,12,all,1129,3.517788,false
shrunk,K,14,2013,92,3.355011,false
shrunk,K,14,2014,90,3.940051,false
shrunk,K,14,2015,94,3.259697,false
shrunk,K,14,2016,92,3.552874,false
shrunk,K,14,2017,89,3.242319,false
shrunk,K,14,2018,89,3.598060,false
shrunk,K,14,2019,91,3.141346,false
shrunk,K,14,2020,87,3.509990,false
shrunk,K,14,2021,87,3.513885,false
shrunk,K,14,2022,94,3.778203,false
shrunk,K,14,2023,88,3.909829,false
shrunk,K,14,2024,87,3.763313,false
shrunk,K,14,2025,90,3.564570,false
shrunk,K,14,all,1170,3.546761,false
shrunk,K,4,2013,89,3.618204,false
shrunk,K,4,2014,84,3.884794,false
shrunk,K,4,2015,73,3.355915,false
shrunk,K,4,2016,86,3.699667,false
shrunk,K,4,2017,76,3.741947,false
shrunk,K,4,2018,68,3.543461,false
shrunk,K,4,2019,78,3.461572,false
shrunk,K,4,2020,78,4.054385,false
shrunk,K,4,2021,67,3.704229,false
shrunk,K,4,2022,85,3.885138,false
shrunk,K,4,2023,84,4.590461,false
shrunk,K,4,2024,71,4.298962,false
shrunk,K,4,2025,74,3.488851,false
shrunk,K,4,all,1013,3.801090,false
shrunk,K,8,2013,92,3.480865,false
shrunk,K,8,2014,87,3.803001,false
shrunk,K,8,2015,88,3.383569,false
shrunk,K,8,2016,86,3.525913,false
shrunk,K,8,2017,82,3.159508,false
shrunk,K,8,2018,80,3.730114,false
shrunk,K,8,2019,78,3.198469,false
shrunk,K,8,2020,78,3.502503,false
shrunk,K,8,2021,78,3.638380,false
shrunk,K,8,2022,91,4.012744,false
shrunk,K,8,2023,84,4.180131,false
shrunk,K,8,2024,77,3.817467,false
shrunk,K,8,2025,74,3.501743,false
shrunk,K,8,all,1075,3.614331,false
shrunk,K,all,2013,365,3.448434,false
shrunk,K,all,2014,348,3.865993,false
shrunk,K,all,2015,346,3.307898,false
shrunk,K,all,2016,356,3.582982,false
shrunk,K,all,2017,332,3.305002,false
shrunk,K,all,2018,320,3.626477,false
shrunk,K,all,2019,335,3.235446,false
shrunk,K,all,2020,327,3.613866,false
shrunk,K,all,2021,312,3.572973,false
shrunk,K,all,2022,364,3.859500,false
shrunk,K,all,2023,344,4.154587,false
shrunk,K,all,2024,319,3.927773,false
shrunk,K,all,2025,319,3.473292,false
shrunk,K,all,all,4387,3.614589,false
adjusted,K,12,2013,92,3.345919,false
adjusted,K,12,2014,87,3.830257,false
adjusted,K,12,2015,91,3.247321,false
adjusted,K,12,2016,92,3.557997,false
adjusted,K,12,2017,85,3.116862,false
adjusted,K,12,2018,83,3.629998,false
adjusted,K,12,2019,88,3.159955,false
adjusted,K,12,2020,84,3.410399,false
adjusted,K,12,2021,80,3.463617,false
adjusted,K,12,2022,94,3.763430,false
adjusted,K,12,2023,88,3.962516,false
adjusted,K,12,2024,84,3.885524,false
adjusted,K,12,2025,81,3.334726,false
adjusted,K,12,all,1129,3.517025,false
adjusted,K,14,2013,92,3.352956,false
adjusted,K,14,2014,90,3.938635,false
adjusted,K,14,2015,94,3.259913,false
adjusted,K,14,2016,92,3.552696,false
adjusted,K,14,2017,89,3.240579,false
adjusted,K,14,2018,89,3.605429,false
adjusted,K,14,2019,91,3.143077,false
adjusted,K,14,2020,87,3.506115,false
adjusted,K,14,2021,87,3.512606,false
adjusted,K,14,2022,94,3.771464,false
adjusted,K,14,2023,88,3.915103,false
adjusted,K,14,2024,87,3.761662,false
adjusted,K,14,2025,90,3.565268,false
adjusted,K,14,all,1170,3.546460,false
adjusted,K,4,2013,89,3.618946,false
adjusted,K,4,2014,84,3.885985,false
adjusted,K,4,2015,73,3.356203,false
adjusted,K,4,2016,86,3.699961,false
adjusted,K,4,2017,76,3.743285,false
adjusted,K,4,2018,68,3.541411,false
adjusted,K,4,2019,78,3.460006,false
adjusted,K,4,2020,78,4.052570,false
adjusted,K,4,2021,67,3.706718,false
adjusted,K,4,2022,85,3.885332,false
adjusted,K,4,2023,84,4.590874,false
adjusted,K,4,2024,71,4.297064,false
adjusted,K,4,2025,74,3.486733,false
adjusted,K,4,all,1013,3.800929,false
adjusted,K,8,2013,92,3.481864,false
adjusted,K,8,2014,87,3.801011,false
adjusted,K,8,2015,88,3.378234,false
adjusted,K,8,2016,86,3.525809,false
adjusted,K,8,2017,82,3.160240,false
adjusted,K,8,2018,80,3.726023,false
adjusted,K,8,2019,78,3.189662,false
adjusted,K,8,2020,78,3.492341,false
adjusted,K,8,2021,78,3.644649,false
adjusted,K,8,2022,91,4.009648,false
adjusted,K,8,2023,84,4.181528,false
adjusted,K,8,2024,77,3.816176,false
adjusted,K,8,2025,74,3.501543,false
adjusted,K,8,all,1075,3.612381,false
adjusted,K,all,2013,365,3.448532,false
adjusted,K,all,2014,348,3.864426,false
adjusted,K,all,2015,346,3.307010,false
adjusted,K,all,2016,356,3.583146,false
adjusted,K,all,2017,332,3.304139,false
adjusted,K,all,2018,320,3.628346,false
adjusted,K,all,2019,335,3.232150,false
adjusted,K,all,2020,327,3.608589,false
adjusted,K,all,2021,312,3.574740,false
adjusted,K,all,2022,364,3.855525,false
adjusted,K,all,2023,344,4.157303,false
adjusted,K,all,2024,319,3.926601,false
adjusted,K,all,2025,319,3.473728,false
adjusted,K,all,all,4387,3.613798,false
none,QB,12,2013,95,6.517409,false
none,QB,12,2014,90,6.672586,false
none,QB,12,2015,82,6.622889,false
none,QB,12,2016,89,6.267376,false
none,QB,12,2017,83,5.910889,false
none,QB,12,2018,88,7.741365,false
none,QB,12,2019,93,6.142065,false
none,QB,12,2020,87,6.451961,false
none,QB,12,2021,87,6.167940,false
none,QB,12,2022,70,6.072054,false
none,QB,12,2023,81,6.284857,false
none,QB,12,2024,88,7.143261,false
none,QB,12,2025,90,7.523339,false
none,QB,12,all,1123,6.590714,false
none,QB,14,2013,95,6.615408,false
none,QB,14,2014,90,6.739492,false
none,QB,14,2015,83,6.353026,false
none,QB,14,2016,95,6.013633,false
none,QB,14,2017,86,5.863591,false
none,QB,14,2018,90,7.581164,false
none,QB,14,2019,102,5.958598,false
none,QB,14,2020,91,6.326043,false
none,QB,14,2021,92,6.458396,false
none,QB,14,2022,87,5.972315,false
none,QB,14,2023,89,5.988841,false
none,QB,14,2024,93,7.316511,false
none,QB,14,2025,92,7.316184,false
none,QB,14,all,1185,6.501207,false
none,QB,4,2013,68,7.070564,false
none,QB,4,2014,77,6.708701,false
none,QB,4,2015,71,7.032347,false
none,QB,4,2016,77,6.355606,false
none,QB,4,2017,71,6.397066,false
none,QB,4,2018,76,8.340833,false
none,QB,4,2019,77,6.112987,false
none,QB,4,2020,77,7.289372,false
none,QB,4,2021,79,7.019958,false
none,QB,4,2022,58,6.443966,false
none,QB,4,2023,60,5.963361,false
none,QB,4,2024,68,8.161716,false
none,QB,4,2025,71,7.877559,false
none,QB,4,all,930,6.996296,false
none,QB,8,2013,85,6.479045,false
none,QB,8,2014,84,6.915713,false
none,QB,8,2015,75,7.214483,false
none,QB,8,2016,83,6.389904,false
none,QB,8,2017,76,6.003269,false
none,QB,8,2018,79,7.916109,false
none,QB,8,2019,93,6.318795,false
none,QB,8,2020,80,6.862044,false
none,QB,8,2021,81,6.583116,false
none,QB,8,2022,67,6.228899,false
none,QB,8,2023,69,6.271310,false
none,QB,8,2024,85,7.348110,false
none,QB,8,2025,80,7.595509,false
none,QB,8,all,1037,6.785765,false
none,QB,all,2013,343,6.644708,false
none,QB,all,2014,341,6.758290,false
none,QB,all,2015,311,6.787013,false
none,QB,all,2016,344,6.246614,false
none,QB,all,2017,316,6.029470,false
none,QB,all,2018,333,7.876339,false
none,QB,all,2019,365,6.129690,false
none,QB,all,2020,335,6.708166,false
none,QB,all,2021,339,6.544520,false
none,QB,all,2022,282,6.155040,false
none,QB,all,2023,299,6.129105,false
none,QB,all,2024,334,7.450984,false
none,QB,all,2025,333,7.558970,false
none,QB,all,all,4275,6.701449,false
raw,QB,12,2013,95,6.771141,false
raw,QB,12,2014,90,6.980096,false
raw,QB,12,2015,82,6.737585,false
raw,QB,12,2016,89,6.486005,false
raw,QB,12,2017,83,6.015161,false
raw,QB,12,2018,88,7.608845,false
raw,QB,12,2019,93,6.780591,false
raw,QB,12,2020,87,6.604480,false
raw,QB,12,2021,87,6.400338,false
raw,QB,12,2022,70,6.735194,false
raw,QB,12,2023,81,6.197393,false
raw,QB,12,2024,88,7.320833,false
raw,QB,12,2025,90,7.676201,false
raw,QB,12,all,1123,6.803738,false
raw,QB,14,2013,95,6.813642,false
raw,QB,14,2014,90,6.898459,false
raw,QB,14,2015,83,6.507789,false
raw,QB,14,2016,95,6.003623,false
raw,QB,14,2017,86,5.956686,false
raw,QB,14,2018,90,7.467685,false
raw,QB,14,2019,102,6.460498,false
raw,QB,14,2020,91,6.389846,false
raw,QB,14,2021,92,6.624702,false
raw,QB,14,2022,87,6.221829,false
raw,QB,14,2023,89,5.973864,false
raw,QB,14,2024,93,7.456532,false
raw,QB,14,2025,92,7.338148,false
raw,QB,14,all,1185,6.628248,false
raw,QB,4,2013,68,7.883184,false
raw,QB,4,2014,77,7.294519,false
raw,QB,4,2015,71,7.256441,false
raw,QB,4,2016,77,7.063430,false
raw,QB,4,2017,71,6.652844,false
raw,QB,4,2018,76,9.356788,false
raw,QB,4,2019,77,6.755899,false
raw,QB,4,2020,77,8.410247,false
raw,QB,4,2021,79,7.439638,false
raw,QB,4,2022,58,7.498802,false
raw,QB,4,2023,60,5.406801,false
raw,QB,4,2024,68,8.478638,false
raw,QB,4,2025,71,7.554681,false
raw,QB,4,all,930,7.492566,false
raw,QB,8,2013,85,6.757588,false
raw,QB,8,2014,84,7.162988,false
raw,QB,8,2015,75,7.378852,false
raw,QB,8,2016,83,6.817984,false
raw,QB,8,2017,76,6.317778,false
raw,QB,8,2018,79,8.046023,false
raw,QB,8,2019,93,7.453610,false
raw,QB,8,2020,80,7.202464,false
raw,QB,8,2021,81,6.605439,false
raw,QB,8,2022,67,6.687979,false
raw,QB,8,2023,69,5.955853,false
raw,QB,8,2024,85,7.552891,false
raw,QB,8,2025,80,7.423288,false
raw,QB,8,all,1037,7.049672,false
raw,QB,all,2013,343,7.000017,false
raw,QB,all,2014,341,7.074601,false
raw,QB,all,2015,311,6.949356,false
raw,QB,all,2016,344,6.562137,false
raw,QB,all,2017,316,6.215305,false
raw,QB,all,2018,333,8.073338,false
raw,QB,all,2019,365,6.857413,false
raw,QB,all,2020,335,7.104035,false
raw,QB,all,2021,339,6.752431,false
raw,QB,all,2022,282,6.722652,false
raw,QB,all,2023,299,5.916470,false
raw,QB,all,2024,334,7.653395,false
raw,QB,all,2025,333,7.496135,false
raw,QB,all,all,4275,6.964601,false
shrunk,QB,12,2013,95,6.543543,false
shrunk,QB,12,2014,90,6.722008,false
shrunk,QB,12,2015,82,6.558886,false
shrunk,QB,12,2016,89,6.275051,false
shrunk,QB,12,2017,83,5.868711,false
shrunk,QB,12,2018,88,7.677913,false
shrunk,QB,12,2019,93,6.173804,false
shrunk,QB,12,2020,87,6.422372,false
shrunk,QB,12,2021,87,6.207559,false
shrunk,QB,12,2022,70,6.172158,false
shrunk,QB,12,2023,81,6.160645,false
shrunk,QB,12,2024,88,7.137065,false
shrunk,QB,12,2025,90,7.451030,false
shrunk,QB,12,all,1123,6.579137,false
shrunk,QB,14,2013,95,6.632356,false
shrunk,QB,14,2014,90,6.761311,false
shrunk,QB,14,2015,83,6.320304,false
shrunk,QB,14,2016,95,5.986841,false
shrunk,QB,14,2017,86,5.841536,false
shrunk,QB,14,2018,90,7.510688,false
shrunk,QB,14,2019,102,6.037097,false
shrunk,QB,14,2020,91,6.293479,false
shrunk,QB,14,2021,92,6.498813,false
shrunk,QB,14,2022,87,6.006454,false
shrunk,QB,14,2023,89,5.908230,false
shrunk,QB,14,2024,93,7.325741,false
shrunk,QB,14,2025,92,7.230399,false
shrunk,QB,14,all,1185,6.490740,false
shrunk,QB,4,2013,68,7.082010,false
shrunk,QB,4,2014,77,6.731283,false
shrunk,QB,4,2015,71,6.977026,false
shrunk,QB,4,2016,77,6.343787,false
shrunk,QB,4,2017,71,6.355273,false
shrunk,QB,4,2018,76,8.320143,false
shrunk,QB,4,2019,77,6.071740,false
shrunk,QB,4,2020,77,7.346495,false
shrunk,QB,4,2021,79,7.010815,false
shrunk,QB,4,2022,58,6.481536,false
shrunk,QB,4,2023,60,5.813228,false
shrunk,QB,4,2024,68,8.161832,false
shrunk,QB,4,2025,71,7.770897,false
shrunk,QB,4,all,930,6.973979,false
shrunk,QB,8,2013,85,6.474150,false
shrunk,QB,8,2014,84,6.940630,false
shrunk,QB,8,2015,75,7.184898,false
shrunk,QB,8,2016,83,6.387679,false
shrunk,QB,8,2017,76,5.984849,false
shrunk,QB,8,2018,79,7.873473,false
shrunk,QB,8,2019,93,6.379531,false
shrunk,QB,8,2020,80,6.877914,false
shrunk,QB,8,2021,81,6.536591,false
shrunk,QB,8,2022,67,6.228822,false
shrunk,QB,8,2023,69,6.148802,false
shrunk,QB,8,2024,85,7.331777,false
shrunk,QB,8,2025,80,7.500258,false
shrunk,QB,8,all,1037,6.766660,false
shrunk,QB,all,2013,343,6.657696,false
shrunk,QB,all,2014,341,6.788330,false
shrunk,QB,all,2015,311,6.741640,false
shrunk,QB,all,2016,344,6.238019,false
shrunk,QB,all,2017,316,5.998570,false
shrunk,QB,all,2018,333,7.825686,false
shrunk,QB,all,2019,365,6.166488,false
shrunk,QB,all,2020,335,6.708556,false
shrunk,QB,all,2021,339,6.552409,false
shrunk,QB,all,2022,282,6.198130,false
shrunk,QB,all,2023,299,6.013063,false
shrunk,QB,all,2024,334,7.447788,false
shrunk,QB,all,2025,333,7.470101,false
shrunk,QB,all,all,4275,6.686017,false
adjusted,QB,12,2013,95,6.539903,true
adjusted,QB,12,2014,90,6.721373,true
adjusted,QB,12,2015,82,6.555969,true
adjusted,QB,12,2016,89,6.270125,true
adjusted,QB,12,2017,83,5.864681,true
adjusted,QB,12,2018,88,7.678018,true
adjusted,QB,12,2019,93,6.169174,true
adjusted,QB,12,2020,87,6.416216,true
adjusted,QB,12,2021,87,6.207361,true
adjusted,QB,12,2022,70,6.158790,true
adjusted,QB,12,2023,81,6.161587,true
adjusted,QB,12,2024,88,7.139985,true
adjusted,QB,12,2025,90,7.455875,true
adjusted,QB,12,all,1123,6.576861,true
adjusted,QB,14,2013,95,6.627707,true
adjusted,QB,14,2014,90,6.759793,true
adjusted,QB,14,2015,83,6.314473,true
adjusted,QB,14,2016,95,5.984715,true
adjusted,QB,14,2017,86,5.836895,true
adjusted,QB,14,2018,90,7.508993,true
adjusted,QB,14,2019,102,6.029075,true
adjusted,QB,14,2020,91,6.297557,true
adjusted,QB,14,2021,92,6.496099,true
adjusted,QB,14,2022,87,5.991765,true
adjusted,QB,14,2023,89,5.907552,true
adjusted,QB,14,2024,93,7.325668,true
adjusted,QB,14,2025,92,7.231278,true
adjusted,QB,14,all,1185,6.487553,true
adjusted,QB,4,2013,68,7.082738,true
adjusted,QB,4,2014,77,6.731487,true
adjusted,QB,4,2015,71,6.979413,true
adjusted,QB,4,2016,77,6.342496,true
adjusted,QB,4,2017,71,6.356922,true
adjusted,QB,4,2018,76,8.316040,true
adjusted,QB,4,2019,77,6.074814,true
adjusted,QB,4,2020,77,7.346882,true
adjusted,QB,4,2021,79,7.012210,true
adjusted,QB,4,2022,58,6.485799,true
adjusted,QB,4,2023,60,5.809640,true
adjusted,QB,4,2024,68,8.163137,true
adjusted,QB,4,2025,71,7.769149,true
adjusted,QB,4,all,930,6.974317,true
adjusted,QB,8,2013,85,6.474346,true
adjusted,QB,8,2014,84,6.935266,true
adjusted,QB,8,2015,75,7.176833,true
adjusted,QB,8,2016,83,6.382811,true
adjusted,QB,8,2017,76,5.983020,true
adjusted,QB,8,2018,79,7.873389,true
adjusted,QB,8,2019,93,6.375354,true
adjusted,QB,8,2020,80,6.876408,true
adjusted,QB,8,2021,81,6.541454,true
adjusted,QB,8,2022,67,6.230687,true
adjusted,QB,8,2023,69,6.148182,true
adjusted,QB,8,2024,85,7.329839,true
adjusted,QB,8,2025,80,7.501892,true
adjusted,QB,8,all,1037,6.765064,true
adjusted,QB,all,2013,343,6.655593,true
adjusted,QB,all,2014,341,6.786486,true
adjusted,QB,all,2015,311,6.737915,true
adjusted,QB,all,2016,344,6.234693,true
adjusted,QB,all,2017,316,5.996179,true
adjusted,QB,all,2018,333,7.824299,true
adjusted,QB,all,2019,365,6.162650,true
adjusted,QB,all,2020,335,6.707794,true
adjusted,QB,all,2021,339,6.553109,true
adjusted,QB,all,2022,282,6.191600,true
adjusted,QB,all,2023,299,6.012253,true
adjusted,QB,all,2024,334,7.448310,true
adjusted,QB,all,2025,333,7.471674,true
adjusted,QB,all,all,4275,6.684222,true
none,RB,12,2013,152,5.568045,false
none,RB,12,2014,163,5.363339,false
none,RB,12,2015,143,5.745168,false
none,RB,12,2016,145,5.982204,false
none,RB,12,2017,165,5.770034,false
none,RB,12,2018,143,5.867315,false
none,RB,12,2019,155,6.860454,false
none,RB,12,2020,154,6.251762,false
none,RB,12,2021,153,5.770067,false
none,RB,12,2022,138,5.917678,false
none,RB,12,2023,150,5.895020,false
none,RB,12,2024,144,6.069301,false
none,RB,12,2025,143,6.708954,false
none,RB,12,all,1948,5.977332,false
none,RB,14,2013,156,5.548091,false
none,RB,14,2014,167,5.145688,false
none,RB,14,2015,149,5.739096,false
none,RB,14,2016,146,6.123109,false
none,RB,14,2017,173,5.646020,false
none,RB,14,2018,158,5.747088,false
none,RB,14,2019,167,6.791596,false
none,RB,14,2020,155,6.049330,false
none,RB,14,2021,162,5.789574,false
none,RB,14,2022,143,6.059986,false
none,RB,14,2023,149,5.837629,false
none,RB,14,2024,147,6.016104,false
none,RB,14,2025,150,6.563523,false
none,RB,14,all,2022,5.921744,false
none,RB,4,2013,136,5.825306,false
none,RB,4,2014,153,5.475708,false
none,RB,4,2015,130,5.694551,false
none,RB,4,2016,124,6.470565,false
none,RB,4,2017,114,6.029313,false
none,RB,4,2018,113,6.881490,false
none,RB,4,2019,133,7.106190,false
none,RB,4,2020,127,7.360564,false
none,RB,4,2021,120,6.212431,false
none,RB,4,2022,108,7.102083,false
none,RB,4,2023,132,6.920076,false
none,RB,4,2024,128,6.548112,false
none,RB,4,2025,128,7.273242,false
none,RB,4,all,1646,6.508282,false
none,RB,8,2013,142,5.748374,false
none,RB,8,2014,157,5.367574,false
none,RB,8,2015,140,5.578151,false
none,RB,8,2016,138,6.232898,false
none,RB,8,2017,143,6.376924,false
none,RB,8,2018,131,6.278066,false
none,RB,8,2019,143,6.939650,false
none,RB,8,2020,144,6.569302,false
none,RB,8,2021,145,5.635406,false
none,RB,8,2022,126,6.370262,false
none,RB,8,2023,140,6.352491,false
none,RB,8,2024,155,5.936309,false
none,RB,8,2025,135,7.117145,false
none,RB,8,all,1839,6.178800,false
none,RB,all,2013,586,5.666136,false
none,RB,all,2014,640,5.334448,false
none,RB,all,2015,562,5.690244,false
none,RB,all,2016,553,6.191471,false
none,RB,all,2017,595,5.929511,false
none,RB,all,2018,545,6.141469,false
none,RB,all,2019,598,6.914816,false
none,RB,all,2020,580,6.519291,false
none,RB,all,2021,580,5.833374,false
none,RB,all,2022,515,6.316302,false
none,RB,all,2023,571,6.229174,false
none,RB,all,2024,574,6.126538,false
none,RB,all,2025,556,6.898738,false
none,RB,all,all,7455,6.129182,false
raw,RB,12,2013,152,5.622976,false
raw,RB,12,2014,163,5.712930,false
raw,RB,12,2015,143,5.665196,false
raw,RB,12,2016,145,6.075715,false
raw,RB,12,2017,165,5.757242,false
raw,RB,12,2018,143,5.664368,false
raw,RB,12,2019,155,6.754099,false
raw,RB,12,2020,154,6.027640,false
raw,RB,12,2021,153,5.911476,false
raw,RB,12,2022,138,5.604111,false
raw,RB,12,2023,150,5.784952,false
raw,RB,12,2024,144,5.947917,false
raw,RB,12,2025,143,7.135331,false
raw,RB,12,all,1948,5.972542,false
raw,RB,14,2013,156,5.444159,false
raw,RB,14,2014,167,5.451488,false
raw,RB,14,2015,149,5.618093,false
raw,RB,14,2016,146,6.214344,false
raw,RB,14,2017,173,5.597561,false
raw,RB,14,2018,158,5.574804,false
raw,RB,14,2019,167,6.713965,false
raw,RB,14,2020,155,5.848260,false
raw,RB,14,2021,162,6.005461,false
raw,RB,14,2022,143,5.797766,false
raw,RB,14,2023,149,5.701517,false
raw,RB,14,2024,147,5.882446,false
raw,RB,14,2025,150,6.831248,false
raw,RB,14,all,2022,5.896086,false
raw,RB,4,2013,136,6.358828,false
raw,RB,4,2014,153,6.164885,false
raw,RB,4,2015,130,5.641285,false
raw,RB,4,2016,124,6.567731,false
raw,RB,4,2017,114,6.051747,false
raw,RB,4,2018,113,6.112885,false
raw,RB,4,2019,133,7.515548,false
raw,RB,4,2020,127,7.552496,false
raw,RB,4,2021,120,7.105881,false
raw,RB,4,2022,108,7.050242,false
raw,RB,4,2023,132,7.067399,false
raw,RB,4,2024,128,6.726405,false
raw,RB,4,2025,128,7.734407,false
raw,RB,4,all,1646,6.739487,false
raw,RB,8,2013,142,5.941175,false
raw,RB,8,2014,157,5.711108,false
raw,RB,8,2015,140,5.413806,false
raw,RB,8,2016,138,6.310617,false
raw,RB,8,2017,143,6.436956,false
raw,RB,8,2018,131,5.951288,false
raw,RB,8,2019,143,7.077838,false
raw,RB,8,2020,144,6.426559,false
raw,RB,8,2021,145,5.905138,false
raw,RB,8,2022,126,6.248320,false
raw,RB,8,2023,140,6.509057,false
raw,RB,8,2024,155,5.962862,false
raw,RB,8,2025,135,7.618360,false
raw,RB,8,all,1839,6.261159,false
raw,RB,all,2013,586,5.823257,false
raw,RB,all,2014,640,5.752309,false
raw,RB,all,2015,562,5.584553,false
raw,RB,all,2016,553,6.281260,false
raw,RB,all,2017,595,5.930600,false
raw,RB,all,2018,545,5.800364,false
raw,RB,all,2019,598,6.989659,false
raw,RB,all,2020,580,6.412635,false
raw,RB,all,2021,580,6.183261,false
raw,RB,all,2022,515,6.118762,false
raw,RB,all,2023,571,6.237186,false
raw,RB,all,2024,574,6.108786,false
raw,RB,all,2025,556,7.308493,false
raw,RB,all,all,7455,6.192336,false
shrunk,RB,12,2013,152,5.527276,true
shrunk,RB,12,2014,163,5.501422,true
shrunk,RB,12,2015,143,5.684104,true
shrunk,RB,12,2016,145,5.985021,true
shrunk,RB,12,2017,165,5.729112,true
shrunk,RB,12,2018,143,5.697172,true
shrunk,RB,12,2019,155,6.791184,true
shrunk,RB,12,2020,154,6.108206,true
shrunk,RB,12,2021,153,5.827645,true
shrunk,RB,12,2022,138,5.716284,true
shrunk,RB,12,2023,150,5.819573,true
shrunk,RB,12,2024,144,5.976669,true
shrunk,RB,12,2025,143,6.881966,true
shrunk,RB,12,all,1948,5.938913,true
shrunk,RB,14,2013,156,5.441827,true
shrunk,RB,14,2014,167,5.261383,true
shrunk,RB,14,2015,149,5.661877,true
shrunk,RB,14,2016,146,6.141351,true
shrunk,RB,14,2017,173,5.589679,true
shrunk,RB,14,2018,158,5.613850,true
shrunk,RB,14,2019,167,6.727033,true
shrunk,RB,14,2020,155,5.910080,true
shrunk,RB,14,2021,162,5.882659,true
shrunk,RB,14,2022,143,5.878861,true
shrunk,RB,14,2023,149,5.736198,true
shrunk,RB,14,2024,147,5.918218,true
shrunk,RB,14,2025,150,6.665714,true
shrunk,RB,14,all,2022,5.875128,true
shrunk,RB,4,2013,136,5.911600,true
shrunk,RB,4,2014,153,5.572967,true
shrunk,RB,4,2015,130,5.632804,true
shrunk,RB,4,2016,124,6.411181,true
shrunk,RB,4,2017,114,5.990744,true
shrunk,RB,4,2018,113,6.639466,true
shrunk,RB,4,2019,133,7.129821,true
shrunk,RB,4,2020,127,7.373200,true
shrunk,RB,4,2021,120,6.305618,true
shrunk,RB,4,2022,108,7.051937,true
shrunk,RB,4,2023,132,6.893947,true
shrunk,RB,4,2024,128,6.532601,true
shrunk,RB,4,2025,128,7.338834,true
shrunk,RB,4,all,1646,6.504002,true
shrunk,RB,8,2013,142,5.766842,true
shrunk,RB,8,2014,157,5.460446,true
shrunk,RB,8,2015,140,5.442603,true
shrunk,RB,8,2016,138,6.189572,true
shrunk,RB,8,2017,143,6.379726,true
shrunk,RB,8,2018,131,6.088009,true
shrunk,RB,8,2019,143,6.946909,true
shrunk,RB,8,2020,144,6.470324,true
shrunk,RB,8,2021,145,5.716422,true
shrunk,RB,8,2022,126,6.295644,true
shrunk,RB,8,2023,140,6.308992,true
shrunk,RB,8,2024,155,5.916065,true
shrunk,RB,8,2025,135,7.294510,true
shrunk,RB,8,all,1839,6.163356,true
shrunk,RB,all,2013,586,5.651775,true
shrunk,RB,all,2014,640,5.445839,true
shrunk,RB,all,2015,562,5.606184,true
shrunk,RB,all,2016,553,6.172898,true
shrunk,RB,all,2017,595,5.895065,true
shrunk,RB,all,2018,545,5.962335,true
shrunk,RB,all,2019,598,6.885823,true
shrunk,RB,all,2020,580,6.422154,true
shrunk,RB,all,2021,580,5.914096,true
shrunk,RB,all,2022,515,6.183271,true
shrunk,RB,all,2023,571,6.166181,true
shrunk,RB,all,2024,574,6.069306,true
shrunk,RB,all,2025,556,7.028971,true
shrunk,RB,all,all,7455,6.101745,true
adjusted,RB,12,2013,152,5.539761,false
adjusted,RB,12,2014,163,5.487461,false
adjusted,RB,12,2015,143,5.685085,false
adjusted,RB,12,2016,145,5.996833,false
adjusted,RB,12,2017,165,5.732655,false
adjusted,RB,12,2018,143,5.704148,false
adjusted,RB,12,2019,155,6.786260,false
adjusted,RB,12,2020,154,6.112869,false
adjusted,RB,12,2021,153,5.841490,false
adjusted,RB,12,2022,138,5.708583,false
adjusted,RB,12,2023,150,5.843810,false
adjusted,RB,12,2024,144,5.964397,false
adjusted,RB,12,2025,143,6.879076,false
adjusted,RB,12,all,1948,5.941749,false
adjusted,RB,14,2013,156,5.459126,false
adjusted,RB,14,2014,167,5.260215,false
adjusted,RB,14,2015,149,5.669827,false
adjusted,RB,14,2016,146,6.160255,false
adjusted,RB,14,2017,173,5.583910,false
adjusted,RB,14,2018,158,5.615194,false
adjusted,RB,14,2019,167,6.717360,false
adjusted,RB,14,2020,155,5.919807,false
adjusted,RB,14,2021,162,5.898456,false
adjusted,RB,14,2022,143,5.873237,false
adjusted,RB,14,2023,149,5.759302,false
adjusted,RB,14,2024,147,5.912361,false
adjusted,RB,14,2025,150,6.666216,false
adjusted,RB,14,all,2022,5.880057,false
adjusted,RB,4,2013,136,5.916015,false
adjusted,RB,4,2014,153,5.569398,false
adjusted,RB,4,2015,130,5.642027,false
adjusted,RB,4,2016,124,6.414163,false
adjusted,RB,4,2017,114,5.991246,false
adjusted,RB,4,2018,113,6.638161,false
adjusted,RB,4,2019,133,7.125580,false
adjusted,RB,4,2020,127,7.364365,false
adjusted,RB,4,2021,120,6.296051,false
adjusted,RB,4,2022,108,7.056940,false
adjusted,RB,4,2023,132,6.903611,false
adjusted,RB,4,2024,128,6.537041,false
adjusted,RB,4,2025,128,7.345897,false
adjusted,RB,4,all,1646,6.505210,false
adjusted,RB,8,2013,142,5.788174,false
adjusted,RB,8,2014,157,5.451648,false
adjusted,RB,8,2015,140,5.446485,false
adjusted,RB,8,2016,138,6.183895,false
adjusted,RB,8,2017,143,6.381750,false
adjusted,RB,8,2018,131,6.082337,false
adjusted,RB,8,2019,143,6.950160,false
adjusted,RB,8,2020,144,6.476996,false
adjusted,RB,8,2021,145,5.706632,false
adjusted,RB,8,2022,126,6.296912,false
adjusted,RB,8,2023,140,6.321272,false
adjusted,RB,8,2024,155,5.911996,false
adjusted,RB,8,2025,135,7.293392,false
adjusted,RB,8,all,1839,6.164475,false
adjusted,RB,all,2013,586,5.665812,false
adjusted,RB,all,2014,640,5.438967,false
adjusted,RB,all,2015,562,5.611642,false
adjusted,RB,all,2016,553,6.180238,false
adjusted,RB,all,2017,595,5.894953,false
adjusted,RB,all,2018,545,5.962921,false
adjusted,RB,all,2019,598,6.881680,false
adjusted,RB,all,2020,580,6.425713,false
adjusted,RB,all,2021,580,5.917733,false
adjusted,RB,all,2022,515,6.181006,false
adjusted,RB,all,2023,571,6.183822,false
adjusted,RB,all,2024,574,6.064618,false
adjusted,RB,all,2025,556,7.029718,false
adjusted,RB,all,all,7455,6.104366,false
none,TE,12,2013,90,4.865514,true
none,TE,12,2014,97,5.172519,true
none,TE,12,2015,95,5.594588,true
none,TE,12,2016,90,5.141912,true
none,TE,12,2017,79,4.900528,true
none,TE,12,2018,82,5.339419,true
none,TE,12,2019,90,5.431676,true
none,TE,12,2020,91,4.595835,true
none,TE,12,2021,83,4.730078,true
none,TE,12,2022,93,4.833897,true
none,TE,12,2023,74,4.914288,true
none,TE,12,2024,97,5.039348,true
none,TE,12,2025,93,5.817219,true
none,TE,12,all,1154,5.114003,true
none,TE,14,2013,89,5.068831,true
none,TE,14,2014,95,5.118955,true
none,TE,14,2015,91,5.365788,true
none,TE,14,2016,93,5.145242,true
none,TE,14,2017,82,4.808752,true
none,TE,14,2018,86,5.572847,true
none,TE,14,2019,95,5.134857,true
none,TE,14,2020,101,4.348850,true
none,TE,14,2021,81,4.947850,true
none,TE,14,2022,91,4.788697,true
none,TE,14,2023,71,4.476203,true
none,TE,14,2024,91,4.888493,true
none,TE,14,2025,104,5.427338,true
none,TE,14,all,1170,5.015814,true
none,TE,4,2013,80,5.757396,true
none,TE,4,2014,85,6.622647,true
none,TE,4,2015,73,6.398288,true
none,TE,4,2016,82,5.005996,true
none,TE,4,2017,82,4.831504,true
none,TE,4,2018,73,6.123288,true
none,TE,4,2019,62,5.319892,true
none,TE,4,2020,87,5.460249,true
none,TE,4,2021,73,5.287329,true
none,TE,4,2022,77,5.675108,true
none,TE,4,2023,73,4.391667,true
none,TE,4,2024,74,5.104167,true
none,TE,4,2025,70,6.051548,true
none,TE,4,all,991,5.543903,true
none,TE,8,2013,78,5.105237,true
none,TE,8,2014,96,5.648735,true
none,TE,8,2015,85,5.896275,true
none,TE,8,2016,80,5.580891,true
none,TE,8,2017,76,4.821524,true
none,TE,8,2018,69,5.889124,true
none,TE,8,2019,75,5.864365,true
none,TE,8,2020,88,4.689292,true
none,TE,8,2021,82,4.932504,true
none,TE,8,2022,87,4.909018,true
none,TE,8,2023,79,4.724676,true
none,TE,8,2024,82,5.214183,true
none,TE,8,2025,91,5.754453,true
none,TE,8,all,1068,5.308455,true
none,TE,all,2013,337,5.186416,true
none,TE,all,2014,373,5.611900,true
none,TE,all,2015,344,5.779160,true
none,TE,all,2016,345,5.212297,true
none,TE,all,2017,319,4.840372,true
none,TE,all,2018,310,5.711118,true
none,TE,all,2019,322,5.423363,true
none,TE,all,2020,367,4.755189,true
none,TE,all,2021,319,4.964930,true
none,TE,all,2022,348,5.026988,true
none,TE,all,2023,297,4.630669,true
none,TE,all,2024,344,5.055061,true
none,TE,all,2025,358,5.733822,true
none,TE,all,all,4383,5.232375,true
raw,TE,12,2013,90,5.051780,false
raw,TE,12,2014,97,5.433727,false
raw,TE,12,2015,95,6.104783,false
raw,TE,12,2016,90,5.168638,false
raw,TE,12,2017,79,4.897368,false
raw,TE,12,2018,82,5.613131,false
raw,TE,12,2019,90,5.552825,false
raw,TE,12,2020,91,4.703655,false
raw,TE,12,2021,83,4.641609,false
raw,TE,12,2022,93,4.884359,false
raw,TE,12,2023,74,5.416674,false
raw,TE,12,2024,97,5.266039,false
raw,TE,12,2025,93,6.341966,false
raw,TE,12,all,1154,5.323016,false
raw,TE,14,2013,89,5.309277,false
raw,TE,14,2014,95,5.308234,false
raw,TE,14,2015,91,5.870936,false
raw,TE,14,2016,93,5.140639,false
raw,TE,14,2017,82,4.681736,false
raw,TE,14,2018,86,5.799657,false
raw,TE,14,2019,95,5.182317,false
raw,TE,14,2020,101,4.401764,false
raw,TE,14,2021,81,4.748216,false
raw,TE,14,2022,91,4.871245,false
raw,TE,14,2023,71,4.993726,false
raw,TE,14,2024,91,5.121650,false
raw,TE,14,2025,104,5.905578,false
raw,TE,14,all,1170,5.189237,false
raw,TE,4,2013,80,6.115311,false
raw,TE,4,2014,85,7.241566,false
raw,TE,4,2015,73,7.005929,false
raw,TE,4,2016,82,5.799586,false
raw,TE,4,2017,82,4.945989,false
raw,TE,4,2018,73,6.297018,false
raw,TE,4,2019,62,5.779199,false
raw,TE,4,2020,87,5.700499,false
raw,TE,4,2021,73,5.690180,false
raw,TE,4,2022,77,5.711569,false
raw,TE,4,2023,73,5.025270,false
raw,TE,4,2024,74,5.714498,false
raw,TE,4,2025,70,6.607467,false
raw,TE,4,all,991,5.972430,false
raw,TE,8,2013,78,5.298405,false
raw,TE,8,2014,96,6.064478,false
raw,TE,8,2015,85,6.435569,false
raw,TE,8,2016,80,5.677396,false
raw,TE,8,2017,76,4.518086,false
raw,TE,8,2018,69,6.581734,false
raw,TE,8,2019,75,6.051134,false
raw,TE,8,2020,88,5.145892,false
raw,TE,8,2021,82,4.980427,false
raw,TE,8,2022,87,5.166269,false
raw,TE,8,2023,79,5.222376,false
raw,TE,8,2024,82,5.561816,false
raw,TE,8,2025,91,6.015945,false
raw,TE,8,all,1068,5.594397,false
raw,TE,all,2013,337,5.429336,false
raw,TE,all,2014,373,5.976077,false
raw,TE,all,2015,344,6.315889,false
raw,TE,all,2016,345,5.429028,false
raw,TE,all,2017,319,4.764075,false
raw,TE,all,2018,310,6.041514,false
raw,TE,all,2019,322,5.603167,false
raw,TE,all,2020,367,4.962923,false
raw,TE,all,2021,319,4.995728,false
raw,TE,all,2022,348,5.134439,false
raw,TE,all,2023,297,5.167679,false
raw,TE,all,2024,344,5.394819,false
raw,TE,all,2025,358,6.184236,false
raw,TE,all,all,4383,5.500265,false
shrunk,TE,12,2013,90,4.881919,false
shrunk,TE,12,2014,97,5.185348,false
shrunk,TE,12,2015,95,5.615424,false
shrunk,TE,12,2016,90,5.101672,false
shrunk,TE,12,2017,79,4.875294,false
shrunk,TE,12,2018,82,5.356547,false
shrunk,TE,12,2019,90,5.414121,false
shrunk,TE,12,2020,91,4.588260,false
shrunk,TE,12,2021,83,4.692642,false
shrunk,TE,12,2022,93,4.829742,false
shrunk,TE,12,2023,74,4.942602,false
shrunk,TE,12,2024,97,5.048123,false
shrunk,TE,12,2025,93,5.829653,false
shrunk,TE,12,all,1154,5.112988,false
shrunk,TE,14,2013,89,5.094141,false
shrunk,TE,14,2014,95,5.114297,false
shrunk,TE,14,2015,91,5.403735,false
shrunk,TE,14,2016,93,5.109849,false
shrunk,TE,14,2017,82,4.772987,false
shrunk,TE,14,2018,86,5.582290,false
shrunk,TE,14,2019,95,5.112741,false
shrunk,TE,14,2020,101,4.339501,false
shrunk,TE,14,2021,81,4.900688,false
shrunk,TE,14,2022,91,4.788319,false
shrunk,TE,14,2023,71,4.503017,false
shrunk,TE,14,2024,91,4.896153,false
shrunk,TE,14,2025,104,5.438317,false
shrunk,TE,14,all,1170,5.012988,false
shrunk,TE,4,2013,80,5.750549,false
shrunk,TE,4,2014,85,6.637024,false
shrunk,TE,4,2015,73,6.393436,false
shrunk,TE,4,2016,82,5.013103,false
shrunk,TE,4,2017,82,4.821805,false
shrunk,TE,4,2018,73,6.125094,false
shrunk,TE,4,2019,62,5.310810,false
shrunk,TE,4,2020,87,5.438669,false
shrunk,TE,4,2021,73,5.257037,false
shrunk,TE,4,2022,77,5.660142,false
shrunk,TE,4,2023,73,4.400982,false
shrunk,TE,4,2024,74,5.106956,false
shrunk,TE,4,2025,70,6.058363,false
shrunk,TE,4,all,991,5.539664,false
shrunk,TE,8,2013,78,5.094975,false
shrunk,TE,8,2014,96,5.664785,false
shrunk,TE,8,2015,85,5.911065,false
shrunk,TE,8,2016,80,5.565433,false
shrunk,TE,8,2017,76,4.775119,false
shrunk,TE,8,2018,69,5.927633,false
shrunk,TE,8,2019,75,5.867223,false
shrunk,TE,8,2020,88,4.695808,false
shrunk,TE,8,2021,82,4.902982,false
shrunk,TE,8,2022,87,4.908027,false
shrunk,TE,8,2023,79,4.754929,false
shrunk,TE,8,2024,82,5.218497,false
shrunk,TE,8,2025,91,5.740031,false
shrunk,TE,8,all,1068,5.308083,false
shrunk,TE,all,2013,337,5.193481,false
shrunk,TE,all,2014,373,5.621457,false
shrunk,TE,all,2015,344,5.797577,false
shrunk,TE,all,2016,345,5.190364,false
shrunk,TE,all,2017,319,4.811380,false
shrunk,TE,all,2018,310,5.727266,false
shrunk,TE,all,2019,322,5.410849,false
shrunk,TE,all,2020,367,4.747184,false
shrunk,TE,all,2021,319,4.928694,false
shrunk,TE,all,2022,348,5.022219,false
shrunk,TE,all,2023,297,4.654471,false
shrunk,TE,all,2024,344,5.061190,false
shrunk,TE,all,2025,358,5.737908,false
shrunk,TE,all,all,4383,5.230304,false
adjusted,TE,12,2013,90,4.882644,false
adjusted,TE,12,2014,97,5.185655,false
adjusted,TE,12,2015,95,5.614936,false
adjusted,TE,12,2016,90,5.102558,false
adjusted,TE,12,2017,79,4.874904,false
adjusted,TE,12,2018,82,5.356162,false
adjusted,TE,12,2019,90,5.414335,false
adjusted,TE,12,2020,91,4.589495,false
adjusted,TE,12,2021,83,4.692054,false
adjusted,TE,12,2022,93,4.829999,false
adjusted,TE,12,2023,74,4.942314,false
adjusted,TE,12,2024,97,5.048156,false
adjusted,TE,12,2025,93,5.829469,false
adjusted,TE,12,all,1154,5.113107,false
adjusted,TE,14,2013,89,5.094643,false
adjusted,TE,14,2014,95,5.114897,false
adjusted,TE,14,2015,91,5.401664,false
adjusted,TE,14,2016,93,5.110404,false
adjusted,TE,14,2017,82,4.772441,false
adjusted,TE,14,2018,86,5.582308,false
adjusted,TE,14,2019,95,5.112758,false
adjusted,TE,14,2020,101,4.341684,false
adjusted,TE,14,2021,81,4.901074,false
adjusted,TE,14,2022,91,4.787558,false
adjusted,TE,14,2023,71,4.502609,false
adjusted,TE,14,2024,91,4.896019,false
adjusted,TE,14,2025,104,5.438232,false
adjusted,TE,14,all,1170,5.013036,false
adjusted,TE,4,2013,80,5.750785,false
adjusted,TE,4,2014,85,6.636657,false
adjusted,TE,4,2015,73,6.393533,false
adjusted,TE,4,2016,82,5.013021,false
adjusted,TE,4,2017,82,4.821872,false
adjusted,TE,4,2018,73,6.125385,false
adjusted,TE,4,2019,62,5.310842,false
adjusted,TE,4,2020,87,5.439106,false
adjusted,TE,4,2021,73,5.257644,false
adjusted,TE,4,2022,77,5.660167,false
adjusted,TE,4,2023,73,4.401147,false
adjusted,TE,4,2024,74,5.106706,false
adjusted,TE,4,2025,70,6.058140,false
adjusted,TE,4,all,991,5.539744,false
adjusted,TE,8,2013,78,5.095328,false
adjusted,TE,8,2014,96,5.664644,false
adjusted,TE,8,2015,85,5.910618,false
adjusted,TE,8,2016,80,5.565986,false
adjusted,TE,8,2017,76,4.774827,false
adjusted,TE,8,2018,69,5.927495,false
adjusted,TE,8,2019,75,5.867543,false
adjusted,TE,8,2020,88,4.695687,false
adjusted,TE,8,2021,82,4.902951,false
adjusted,TE,8,2022,87,4.908263,false
adjusted,TE,8,2023,79,4.755266,false
adjusted,TE,8,2024,82,5.218829,false
adjusted,TE,8,2025,91,5.739775,false
adjusted,TE,8,all,1068,5.308131,false
adjusted,TE,all,2013,337,5.193945,false
adjusted,TE,all,2014,373,5.621569,false
adjusted,TE,all,2015,344,5.796805,false
adjusted,TE,all,2016,345,5.190853,false
adjusted,TE,all,2017,319,4.811090,false
adjusted,TE,all,2018,310,5.727207,false
adjusted,TE,all,2019,322,5.410994,false
adjusted,TE,all,2020,367,4.748166,false
adjusted,TE,all,2021,319,4.928769,false
adjusted,TE,all,2022,348,5.022154,false
adjusted,TE,all,2023,297,4.654432,false
adjusted,TE,all,2024,344,5.061189,false
adjusted,TE,all,2025,358,5.737726,false
adjusted,TE,all,all,4383,5.230378,false
none,WR,12,2013,252,5.711941,false
none,WR,12,2014,247,5.616428,false
none,WR,12,2015,245,5.903553,false
none,WR,12,2016,261,5.750447,false
none,WR,12,2017,239,5.587789,false
none,WR,12,2018,259,5.945401,false
none,WR,12,2019,227,5.868300,false
none,WR,12,2020,266,6.526538,false
none,WR,12,2021,222,5.851803,false
none,WR,12,2022,259,5.793257,false
none,WR,12,2023,228,6.226574,false
none,WR,12,2024,242,5.822523,false
none,WR,12,2025,234,5.723043,false
none,WR,12,all,3181,5.873896,false
none,WR,14,2013,256,5.684285,false
none,WR,14,2014,258,5.530922,false
none,WR,14,2015,248,5.790000,false
none,WR,14,2016,262,5.610791,false
none,WR,14,2017,245,5.641786,false
none,WR,14,2018,256,5.926799,false
none,WR,14,2019,233,6.085168,false
none,WR,14,2020,273,6.466910,false
none,WR,14,2021,236,5.532451,false
none,WR,14,2022,263,5.677034,false
none,WR,14,2023,236,6.101543,false
none,WR,14,2024,251,5.867275,false
none,WR,14,2025,235,5.600727,false
none,WR,14,all,3252,5.811332,false
none,WR,4,2013,206,6.121359,false
none,WR,4,2014,211,6.324171,false
none,WR,4,2015,214,6.114875,false
none,WR,4,2016,232,6.427299,false
none,WR,4,2017,211,5.972188,false
none,WR,4,2018,190,6.450737,false
none,WR,4,2019,186,6.574695,false
none,WR,4,2020,235,7.036525,false
none,WR,4,2021,205,6.469106,false
none,WR,4,2022,198,6.697719,false
none,WR,4,2023,204,6.957982,false
none,WR,4,2024,202,6.501848,false
none,WR,4,2025,186,6.350762,false
none,WR,4,all,2680,6.464076,false
none,WR,8,2013,233,5.828607,false
none,WR,8,2014,234,6.062560,false
none,WR,8,2015,237,6.154095,false
none,WR,8,2016,262,6.068541,false
none,WR,8,2017,223,5.632398,false
none,WR,8,2018,229,6.068750,false
none,WR,8,2019,219,6.414686,false
none,WR,8,2020,256,6.806418,false
none,WR,8,2021,219,6.015194,false
none,WR,8,2022,233,5.932199,false
none,WR,8,2023,225,6.505752,false
none,WR,8,2024,243,6.084383,false
none,WR,8,2025,220,6.111702,false
none,WR,8,all,3033,6.134063,false
none,WR,all,2013,947,5.822230,false
none,WR,all,2014,950,5.860289,false
none,WR,all,2015,944,5.984528,false
none,WR,all,2016,1017,5.950821,false
none,WR,all,2017,918,5.701389,false
none,WR,all,2018,934,6.073344,false
none,WR,all,2019,865,6.216946,false
none,WR,all,2020,1030,6.696652,false
none,WR,all,2021,882,5.950400,false
none,WR,all,2022,953,5.983068,false
none,WR,all,2023,893,6.430958,false
none,WR,all,2024,938,6.048630,false
none,WR,all,2025,875,5.921347,false
none,WR,all,all,12146,6.052334,false
raw,WR,12,2013,252,5.877311,false
raw,WR,12,2014,247,5.571979,false
raw,WR,12,2015,245,6.045423,false
raw,WR,12,2016,261,5.800382,false
raw,WR,12,2017,239,5.616071,false
raw,WR,12,2018,259,5.904574,false
raw,WR,12,2019,227,5.944677,false
raw,WR,12,2020,266,6.421914,false
raw,WR,12,2021,222,5.946141,false
raw,WR,12,2022,259,5.783444,false
raw,WR,12,2023,228,6.070135,false
raw,WR,12,2024,242,5.964679,false
raw,WR,12,2025,234,5.736118,false
raw,WR,12,all,3181,5.900420,false
raw,WR,14,2013,256,5.773009,false
raw,WR,14,2014,258,5.543732,false
raw,WR,14,2015,248,5.955939,false
raw,WR,14,2016,262,5.646772,false
raw,WR,14,2017,245,5.669242,false
raw,WR,14,2018,256,5.887970,false
raw,WR,14,2019,233,6.190750,false
raw,WR,14,2020,273,6.325171,false
raw,WR,14,2021,236,5.601479,false
raw,WR,14,2022,263,5.644083,false
raw,WR,14,2023,236,6.035871,false
raw,WR,14,2024,251,5.949792,false
raw,WR,14,2025,235,5.664257,false
raw,WR,14,all,3252,5.838102,false
raw,WR,4,2013,206,6.378470,false
raw,WR,4,2014,211,6.470038,false
raw,WR,4,2015,214,6.458195,false
raw,WR,4,2016,232,6.490646,false
raw,WR,4,2017,211,6.251662,false
raw,WR,4,2018,190,6.545771,false
raw,WR,4,2019,186,6.674840,false
raw,WR,4,2020,235,7.077983,false
raw,WR,4,2021,205,6.752842,false
raw,WR,4,2022,198,7.015427,false
raw,WR,4,2023,204,6.960317,false
raw,WR,4,2024,202,6.934857,false
raw,WR,4,2025,186,6.216786,false
raw,WR,4,all,2680,6.636241,false
raw,WR,8,2013,233,6.201043,false
raw,WR,8,2014,234,5.991857,false
raw,WR,8,2015,237,6.302927,false
raw,WR,8,2016,262,6.113049,false
raw,WR,8,2017,223,5.677251,false
raw,WR,8,2018,229,5.986897,false
raw,WR,8,2019,219,6.446433,false
raw,WR,8,2020,256,6.593462,false
raw,WR,8,2021,219,6.166243,false
raw,WR,8,2022,233,5.891451,false
raw,WR,8,2023,225,6.405930,false
raw,WR,8,2024,243,6.251944,false
raw,WR,8,2025,220,6.133724,false
raw,WR,8,all,3033,6.169523,false
raw,WR,all,2013,947,6.037783,false
raw,WR,all,2014,950,5.867194,false
raw,WR,all,2015,944,6.180137,false
raw,WR,all,2016,1017,5.998823,false
raw,WR,all,2017,918,5.791212,false
raw,WR,all,2018,934,6.050643,false
raw,WR,all,2019,865,6.295001,false
raw,WR,all,2020,1030,6.588595,false
raw,WR,all,2021,882,6.096068,false
raw,WR,all,2022,953,6.027354,false
raw,WR,all,2023,893,6.349043,false
raw,WR,all,2024,938,6.244044,false
raw,WR,all,2025,875,5.918964,false
raw,WR,all,all,12146,6.113291,false
shrunk,WR,12,2013,252,5.725529,false
shrunk,WR,12,2014,247,5.595714,false
shrunk,WR,12,2015,245,5.901487,false
shrunk,WR,12,2016,261,5.750133,false
shrunk,WR,12,2017,239,5.575312,false
shrunk,WR,12,2018,259,5.917899,false
shrunk,WR,12,2019,227,5.864243,false
shrunk,WR,12,2020,266,6.495861,false
shrunk,WR,12,2021,222,5.858597,false
shrunk,WR,12,2022,259,5.777668,false
shrunk,WR,12,2023,228,6.183917,false
shrunk,WR,12,2024,242,5.835615,false
shrunk,WR,12,2025,234,5.715488,false
shrunk,WR,12,all,3181,5.863735,false
shrunk,WR,14,2013,256,5.686072,false
shrunk,WR,14,2014,258,5.520755,false
shrunk,WR,14,2015,248,5.790204,false
shrunk,WR,14,2016,262,5.605178,false
shrunk,WR,14,2017,245,5.642994,false
shrunk,WR,14,2018,256,5.895976,false
shrunk,WR,14,2019,233,6.088833,false
shrunk,WR,14,2020,273,6.428084,false
shrunk,WR,14,2021,236,5.537085,false
shrunk,WR,14,2022,263,5.658802,false
shrunk,WR,14,2023,236,6.069040,false
shrunk,WR,14,2024,251,5.868252,false
shrunk,WR,14,2025,235,5.598296,false
shrunk,WR,14,all,3252,5.801300,false
shrunk,WR,4,2013,206,6.116214,false
shrunk,WR,4,2014,211,6.315731,false
shrunk,WR,4,2015,214,6.120175,false
shrunk,WR,4,2016,232,6.421950,false
shrunk,WR,4,2017,211,5.972954,false
shrunk,WR,4,2018,190,6.438050,false
shrunk,WR,4,2019,186,6.570334,false
shrunk,WR,4,2020,235,7.022433,false
shrunk,WR,4,2021,205,6.473663,false
shrunk,WR,4,2022,198,6.701805,false
shrunk,WR,4,2023,204,6.937719,false
shrunk,WR,4,2024,202,6.513388,false
shrunk,WR,4,2025,186,6.320253,false
shrunk,WR,4,all,2680,6.458459,false
shrunk,WR,8,2013,233,5.851367,false
shrunk,WR,8,2014,234,6.046369,false
shrunk,WR,8,2015,237,6.149267,false
shrunk,WR,8,2016,262,6.060840,false
shrunk,WR,8,2017,223,5.619521,false
shrunk,WR,8,2018,229,6.038727,false
shrunk,WR,8,2019,219,6.405882,false
shrunk,WR,8,2020,256,6.769242,false
shrunk,WR,8,2021,219,6.027800,false
shrunk,WR,8,2022,233,5.915884,false
shrunk,WR,8,2023,225,6.484165,false
shrunk,WR,8,2024,243,6.083821,false
shrunk,WR,8,2025,220,6.095376,false
shrunk,WR,8,all,3033,6.123359,false
shrunk,WR,all,2013,947,5.830809,false
shrunk,WR,all,2014,950,5.846280,false
shrunk,WR,all,2015,944,5.984035,false
shrunk,WR,all,2016,1017,5.946090,false
shrunk,WR,all,2017,918,5.695512,false
shrunk,WR,all,2018,934,6.047327,false
shrunk,WR,all,2019,865,6.213701,false
shrunk,WR,all,2020,1030,6.665984,false
shrunk,WR,all,2021,882,5.957539,false
shrunk,WR,all,2022,953,5.970661,false
shrunk,WR,all,2023,893,6.401409,false
shrunk,WR,all,2024,938,6.054608,false
shrunk,WR,all,2025,875,5.908084,false
shrunk,WR,all,all,12146,6.043075,false
adjusted,WR,12,2013,252,5.723953,true
adjusted,WR,12,2014,247,5.597620,true
adjusted,WR,12,2015,245,5.902826,true
adjusted,WR,12,2016,261,5.747434,true
adjusted,WR,12,2017,239,5.574796,true
adjusted,WR,12,2018,259,5.918957,true
adjusted,WR,12,2019,227,5.865277,true
adjusted,WR,12,2020,266,6.495217,true
adjusted,WR,12,2021,222,5.858718,true
adjusted,WR,12,2022,259,5.777721,true
adjusted,WR,12,2023,228,6.183404,true
adjusted,WR,12,2024,242,5.837568,true
adjusted,WR,12,2025,234,5.713777,true
adjusted,WR,12,all,3181,5.863706,true
adjusted,WR,14,2013,256,5.683952,true
adjusted,WR,14,2014,258,5.521699,true
adjusted,WR,14,2015,248,5.791777,true
adjusted,WR,14,2016,262,5.602798,true
adjusted,WR,14,2017,245,5.642024,true
adjusted,WR,14,2018,256,5.895968,true
adjusted,WR,14,2019,233,6.087768,true
adjusted,WR,14,2020,273,6.427954,true
adjusted,WR,14,2021,236,5.537255,true
adjusted,WR,14,2022,263,5.657657,true
adjusted,WR,14,2023,236,6.067831,true
adjusted,WR,14,2024,251,5.870045,true
adjusted,WR,14,2025,235,5.595446,true
adjusted,WR,14,all,3252,5.800739,true
adjusted,WR,4,2013,206,6.115855,true
adjusted,WR,4,2014,211,6.316204,true
adjusted,WR,4,2015,214,6.120590,true
adjusted,WR,4,2016,232,6.421507,true
adjusted,WR,4,2017,211,5.972477,true
adjusted,WR,4,2018,190,6.438508,true
adjusted,WR,4,2019,186,6.570431,true
adjusted,WR,4,2020,235,7.021749,true
adjusted,WR,4,2021,205,6.473801,true
adjusted,WR,4,2022,198,6.702072,true
adjusted,WR,4,2023,204,6.938392,true
adjusted,WR,4,2024,202,6.513832,true
adjusted,WR,4,2025,186,6.319265,true
adjusted,WR,4,all,2680,6.458452,true
adjusted,WR,8,2013,233,5.849912,true
adjusted,WR,8,2014,234,6.047137,true
adjusted,WR,8,2015,237,6.150103,true
adjusted,WR,8,2016,262,6.059650,true
adjusted,WR,8,2017,223,5.619491,true
adjusted,WR,8,2018,229,6.040617,true
adjusted,WR,8,2019,219,6.407247,true
adjusted,WR,8,2020,256,6.768261,true
adjusted,WR,8,2021,219,6.027617,true
adjusted,WR,8,2022,233,5.915931,true
adjusted,WR,8,2023,225,6.483517,true
adjusted,WR,8,2024,243,6.084667,true
adjusted,WR,8,2025,220,6.094666,true
adjusted,WR,8,all,3033,6.123384,true
adjusted,WR,all,2013,947,5.829381,true
adjusted,WR,all,2014,950,5.847326,true
adjusted,WR,all,2015,944,5.985099,true
adjusted,WR,all,2016,1017,5.944377,true
adjusted,WR,all,2017,918,5.695001,true
adjusted,WR,all,2018,934,6.048175,true
adjusted,WR,all,2019,865,6.214052,true
adjusted,WR,all,2020,1030,6.665383,true
adjusted,WR,all,2021,882,5.957602,true
adjusted,WR,all,2022,953,5.970426,true
adjusted,WR,all,2023,893,6.400949,true
adjusted,WR,all,2024,938,6.055907,true
adjusted,WR,all,2025,875,5.906473,true
adjusted,WR,all,all,12146,6.042922,true
none,all,12,2013,777,5.390815,false
none,all,12,2014,780,5.449927,false
none,all,12,2015,752,5.531776,false
none,all,12,2016,773,5.519201,false
none,all,12,2017,747,5.246940,false
none,all,12,2018,751,5.740817,false
none,all,12,2019,749,5.743974,false
none,all,12,2020,778,5.690414,false
none,all,12,2021,721,5.399595,false
none,all,12,2022,748,5.388409,false
none,all,12,2023,717,5.617881,false
none,all,12,2024,751,5.749786,false
none,all,12,2025,737,5.828445,false
none,all,12,all,9781,5.560919,false
none,all,14,2013,784,5.415595,false
none,all,14,2014,796,5.393993,false
none,all,14,2015,761,5.432867,false
none,all,14,2016,784,5.463074,false
none,all,14,2017,771,5.243079,false
none,all,14,2018,775,5.706624,false
none,all,14,2019,784,5.711441,false
none,all,14,2020,803,5.579634,false
none,all,14,2021,754,5.367475,false
none,all,14,2022,772,5.371341,false
none,all,14,2023,729,5.488395,false
none,all,14,2024,765,5.744158,false
none,all,14,2025,767,5.678052,false
none,all,14,all,10045,5.507646,false
none,all,4,2013,675,5.842170,false
none,all,4,2014,706,5.865220,false
none,all,4,2015,657,5.801111,false
none,all,4,2016,697,5.813400,false
none,all,4,2017,650,5.565792,false
none,all,4,2018,616,6.274462,false
none,all,4,2019,632,6.092906,false
none,all,4,2020,700,6.300879,false
none,all,4,2021,640,5.951370,false
none,all,4,2022,620,5.977672,false
none,all,4,2023,649,6.114697,false
none,all,4,2024,639,6.324705,false
none,all,4,2025,625,6.186344,false
none,all,4,all,8506,6.005545,false
none,all,8,2013,726,5.503951,false
none,all,8,2014,754,5.686275,false
none,all,8,2015,721,5.718493,false
none,all,8,2016,745,5.753990,false
none,all,8,2017,696,5.399069,false
none,all,8,2018,684,5.908363,false
none,all,8,2019,704,6.059828,false
none,all,8,2020,742,5.902182,false
none,all,8,2021,701,5.524461,false
none,all,8,2022,698,5.549665,false
none,all,8,2023,693,5.821591,false
none,all,8,2024,738,5.894870,false
none,all,8,2025,696,6.044510,false
none,all,8,all,9298,5.751318,false
none,all,all,2013,2962,5.527962,false
none,all,all,2014,3036,5.590533,false
none,all,all,2015,2891,5.613515,false
none,all,all,2016,2999,5.631229,false
none,all,all,2017,2864,5.355236,false
none,all,all,2018,2826,5.888314,false
none,all,all,2019,2869,5.889453,false
none,all,all,2020,3023,5.854324,false
none,all,all,2021,2816,5.547482,false
none,all,all,2022,2838,5.552159,false
none,all,all,2023,2788,5.750309,false
none,all,all,2024,2893,5.912295,false
none,all,all,2025,2825,5.920026,false
none,all,all,all,37630,5.694249,false
raw,all,12,2013,777,5.464966,false
raw,all,12,2014,780,5.617420,false
raw,all,12,2015,752,5.660079,false
raw,all,12,2016,773,5.534902,false
raw,all,12,2017,747,5.290586,false
raw,all,12,2018,751,5.796303,false
raw,all,12,2019,749,5.890362,false
raw,all,12,2020,778,5.666003,false
raw,all,12,2021,721,5.428298,false
raw,all,12,2022,748,5.452437,false
raw,all,12,2023,717,5.587190,false
raw,all,12,2024,751,5.756245,false
raw,all,12,2025,737,5.996142,false
raw,all,12,all,9781,5.626029,false
raw,all,14,2013,784,5.424673,false
raw,all,14,2014,796,5.540365,false
raw,all,14,2015,761,5.560953,false
raw,all,14,2016,784,5.435781,false
raw,all,14,2017,771,5.241588,false
raw,all,14,2018,775,5.745019,false
raw,all,14,2019,784,5.831097,false
raw,all,14,2020,803,5.527222,false
raw,all,14,2021,754,5.390995,false
raw,all,14,2022,772,5.378796,false
raw,all,14,2023,729,5.477870,false
raw,all,14,2024,765,5.730952,false
raw,all,14,2025,767,5.800831,false
raw,all,14,all,10045,5.545468,false
raw,all,4,2013,675,6.275668,false
raw,all,4,2014,706,6.326863,false
raw,all,4,2015,657,6.210964,false
raw,all,4,2016,697,6.173507,false
raw,all,4,2017,650,5.841454,false
raw,all,4,2018,616,6.495950,false
raw,all,4,2019,632,6.613770,false
raw,all,4,2020,700,6.631748,false
raw,all,4,2021,640,6.371298,false
raw,all,4,2022,620,6.386809,false
raw,all,4,2023,649,6.205685,false
raw,all,4,2024,639,6.609663,false
raw,all,4,2025,625,6.385621,false
raw,all,4,all,8506,6.346871,false
raw,all,8,2013,726,5.730067,false
raw,all,8,2014,754,5.867085,false
raw,all,8,2015,721,5.894132,false
raw,all,8,2016,745,5.848166,false
raw,all,8,2017,696,5.491123,false
raw,all,8,2018,684,6.042442,false
raw,all,8,2019,704,6.407383,false
raw,all,8,2020,742,5.972214,false
raw,all,8,2021,701,5.611439,false
raw,all,8,2022,698,5.699306,false
raw,all,8,2023,693,5.852058,false
raw,all,8,2024,738,5.950663,false
raw,all,8,2025,696,6.204879,false
raw,all,8,all,9298,5.889954,false
raw,all,all,2013,2962,5.704026,false
raw,all,all,2014,3036,5.824198,false
raw,all,all,2015,2891,5.817550,false
raw,all,all,2016,2999,5.735228,false
raw,all,all,2017,2864,5.451152,false
raw,all,all,2018,2826,5.994320,false
raw,all,all,2019,2869,6.160391,false
raw,all,all,2020,3023,5.927925,false
raw,all,all,2021,2816,5.678218,false
raw,all,all,2022,2838,5.697248,false
raw,all,all,2023,2788,5.768417,false
raw,all,all,2024,2893,5.987654,false
raw,all,all,2025,2825,6.080709,false
raw,all,all,all,37630,5.832678,false
shrunk,all,12,2013,777,5.340603,false
shrunk,all,12,2014,780,5.475253,false
shrunk,all,12,2015,752,5.511477,false
shrunk,all,12,2016,773,5.459981,false
shrunk,all,12,2017,747,5.201730,false
shrunk,all,12,2018,751,5.711425,false
shrunk,all,12,2019,749,5.728829,false
shrunk,all,12,2020,778,5.617093,false
shrunk,all,12,2021,721,5.368068,false
shrunk,all,12,2022,748,5.363635,false
shrunk,all,12,2023,717,5.540734,false
shrunk,all,12,2024,751,5.668402,false
shrunk,all,12,2025,737,5.818982,false
shrunk,all,12,all,9781,5.523172,false
shrunk,all,14,2013,784,5.350469,false
shrunk,all,14,2014,796,5.404997,false
shrunk,all,14,2015,761,5.421450,false
shrunk,all,14,2016,784,5.398097,false
shrunk,all,14,2017,771,5.203715,false
shrunk,all,14,2018,775,5.678558,false
shrunk,all,14,2019,784,5.692645,false
shrunk,all,14,2020,803,5.505425,false
shrunk,all,14,2021,754,5.341564,false
shrunk,all,14,2022,772,5.329208,false
shrunk,all,14,2023,729,5.412059,false
shrunk,all,14,2024,765,5.667318,false
shrunk,all,14,2025,767,5.653213,false
shrunk,all,14,all,10045,5.466441,false
shrunk,all,4,2013,675,5.850509,false
shrunk,all,4,2014,706,5.896826,false
shrunk,all,4,2015,657,5.783632,false
shrunk,all,4,2016,697,5.807837,false
shrunk,all,4,2017,650,5.565989,false
shrunk,all,4,2018,616,6.247032,false
shrunk,all,4,2019,632,6.113033,false
shrunk,all,4,2020,700,6.279970,false
shrunk,all,4,2021,640,5.959839,false
shrunk,all,4,2022,620,5.980132,false
shrunk,all,4,2023,649,6.023777,false
shrunk,all,4,2024,639,6.282542,false
shrunk,all,4,2025,625,6.151983,false
shrunk,all,4,all,8506,5.993015,false
shrunk,all,8,2013,726,5.483061,false
shrunk,all,8,2014,754,5.707907,false
shrunk,all,8,2015,721,5.694659,false
shrunk,all,8,2016,745,5.716687,false
shrunk,all,8,2017,696,5.382618,false
shrunk,all,8,2018,684,5.875655,false
shrunk,all,8,2019,704,6.084931,false
shrunk,all,8,2020,742,5.854306,false
shrunk,all,8,2021,701,5.506320,false
shrunk,all,8,2022,698,5.539782,false
shrunk,all,8,2023,693,5.772905,false
shrunk,all,8,2024,738,5.819681,false
shrunk,all,8,2025,696,6.049074,false
shrunk,all,8,all,9298,5.729682,false
shrunk,all,all,2013,2962,5.494332,false
shrunk,all,all,2014,3036,5.612647,false
shrunk,all,all,2015,2891,5.595313,false
shrunk,all,all,2016,2999,5.588419,false
shrunk,all,all,2017,2864,5.328894,false
shrunk,all,all,2018,2826,5.858911,false
shrunk,all,all,2019,2869,5.890957,false
shrunk,all,all,2020,3023,5.799149,false
shrunk,all,all,2021,2816,5.529880,false
shrunk,all,all,2022,2838,5.532275,false
shrunk,all,all,2023,2788,5.677242,false
shrunk,all,all,2024,2893,5.842356,false
shrunk,all,all,2025,2825,5.904336,false
shrunk,all,all,all,37630,5.665260,false
adjusted,all,12,2013,777,5.341120,false
adjusted,all,12,2014,780,5.468204,false
adjusted,all,12,2015,752,5.511933,false
adjusted,all,12,2016,773,5.466649,false
adjusted,all,12,2017,747,5.201465,false
adjusted,all,12,2018,751,5.710582,false
adjusted,all,12,2019,749,5.714790,false
adjusted,all,12,2020,778,5.614083,false
adjusted,all,12,2021,721,5.369609,false
adjusted,all,12,2022,748,5.359789,false
adjusted,all,12,2023,717,5.549514,false
adjusted,all,12,2024,751,5.661949,false
adjusted,all,12,2025,737,5.819921,false
adjusted,all,12,all,9781,5.521852,false
adjusted,all,14,2013,784,5.350116,false
adjusted,all,14,2014,796,5.402637,false
adjusted,all,14,2015,761,5.423715,false
adjusted,all,14,2016,784,5.401416,false
adjusted,all,14,2017,771,5.201044,false
adjusted,all,14,2018,775,5.674931,false
adjusted,all,14,2019,784,5.681485,false
adjusted,all,14,2020,803,5.509072,false
adjusted,all,14,2021,754,5.344886,false
adjusted,all,14,2022,772,5.326549,false
adjusted,all,14,2023,729,5.420821,false
adjusted,all,14,2024,765,5.664808,false
adjusted,all,14,2025,767,5.649774,false
adjusted,all,14,all,10045,5.465820,false
adjusted,all,4,2013,675,5.848265,false
adjusted,all,4,2014,706,5.896037,false
adjusted,all,4,2015,657,5.784782,false
adjusted,all,4,2016,697,5.808168,false
adjusted,all,4,2017,650,5.567886,false
adjusted,all,4,2018,616,6.248492,false
adjusted,all,4,2019,632,6.111663,false
adjusted,all,4,2020,700,6.276238,false
adjusted,all,4,2021,640,5.962329,false
adjusted,all,4,2022,620,5.982684,false
adjusted,all,4,2023,649,6.029014,false
adjusted,all,4,2024,639,6.283708,false
adjusted,all,4,2025,625,6.143196,false
adjusted,all,4,all,8506,5.992944,false
adjusted,all,8,2013,726,5.488684,false
adjusted,all,8,2014,754,5.704964,false
adjusted,all,8,2015,721,5.694002,false
adjusted,all,8,2016,745,5.718768,false
adjusted,all,8,2017,696,5.383226,false
adjusted,all,8,2018,684,5.876878,false
adjusted,all,8,2019,704,6.076277,false
adjusted,all,8,2020,742,5.851567,false
adjusted,all,8,2021,701,5.507004,false
adjusted,all,8,2022,698,5.537023,false
adjusted,all,8,2023,693,5.777922,false
adjusted,all,8,2024,738,5.817495,false
adjusted,all,8,2025,696,6.046994,false
adjusted,all,8,all,9298,5.729149,false
adjusted,all,all,2013,2962,5.495241,false
adjusted,all,all,2014,3036,5.609303,false
adjusted,all,all,2015,2891,5.596125,false
adjusted,all,all,2016,2999,5.591599,false
adjusted,all,all,2017,2864,5.328684,false
adjusted,all,all,2018,2826,5.858307,false
adjusted,all,all,2019,2869,5.881817,false
adjusted,all,all,2020,3023,5.797807,false
adjusted,all,all,2021,2816,5.531901,false
adjusted,all,all,2022,2838,5.530417,false
adjusted,all,all,2023,2788,5.684258,false
adjusted,all,all,2024,2893,5.839718,false
adjusted,all,all,2025,2825,5.901191,false
adjusted,all,all,all,37630,5.664603,false
