position,horizon,n_worst,n_best,rated_gap,shrunk_gap,realized_gap,survived
DST,12,272,234,8.046273,4.673124,4.505058,0.559894
DST,14,272,234,7.640632,4.729915,5.012439,0.656024
DST,4,272,234,10.660281,3.517305,3.536215,0.331719
DST,8,272,234,8.769206,4.267836,4.233158,0.482730
DST,all,1088,936,8.779098,4.297045,4.321718,0.492274
K,12,237,218,4.171699,1.212588,0.512105,0.122757
K,14,257,220,3.878304,1.260449,0.537223,0.138520
K,4,223,180,6.894406,0.872252,-0.304540,-0.044172
K,8,230,197,5.077195,1.104811,-0.116557,-0.022957
K,all,947,815,4.932138,1.121532,0.178171,0.036125
QB,12,246,211,6.932286,1.740283,1.590928,0.229495
QB,14,252,222,6.385335,1.804551,1.939096,0.303680
QB,4,208,160,10.808119,1.150058,1.933689,0.178911
QB,8,230,188,7.978160,1.486643,1.829403,0.229301
QB,all,936,781,7.857459,1.569884,1.821652,0.231837
RB,12,425,376,4.818121,2.312829,1.984871,0.411960
RB,14,429,377,4.601435,2.392746,1.904481,0.413888
RB,4,354,307,7.868929,1.948394,0.551801,0.070124
RB,8,396,345,5.713608,2.202725,1.667587,0.291862
RB,all,1604,1405,5.649876,2.227001,1.570833,0.278030
TE,12,241,233,5.581524,0.556449,0.586448,0.105070
TE,14,255,220,5.081146,0.584557,0.627650,0.123525
TE,4,222,171,9.369065,0.354446,0.499532,0.053317
TE,8,240,205,6.782840,0.474442,0.123622,0.018226
TE,all,958,829,6.567336,0.499055,0.483605,0.073638
WR,12,686,595,3.983708,0.700038,0.811017,0.203583
WR,14,697,604,3.695761,0.739152,0.483003,0.130691
WR,4,565,513,6.349764,0.447961,1.150646,0.181211
WR,8,653,578,4.791127,0.604874,1.405040,0.293259
WR,all,2601,2290,4.633114,0.630874,0.946007,0.204184
all,12,2107,1867,5.220469,1.691263,1.548445,0.296610
all,14,2162,1877,4.870789,1.737541,1.528167,0.313741
all,4,1844,1565,8.171358,1.310044,1.223422,0.149721
all,8,2021,1747,6.125979,1.549679,1.554759,0.253798
all,all,8134,7056,6.012831,1.582821,1.472678,0.244923
