era,position,week,based,played_share,vs_base
2013-2020 (17 weeks),DST,15,256,1.000000,-0.163462
2013-2020 (17 weeks),DST,16,256,1.000000,0.051382
2013-2020 (17 weeks),DST,17,256,1.000000,0.707632
2013-2020 (17 weeks),K,15,297,0.831650,0.217308
2013-2020 (17 weeks),K,16,297,0.808081,-0.305948
2013-2020 (17 weeks),K,17,297,0.797980,-0.380589
2013-2020 (17 weeks),QB,15,369,0.688347,-1.013580
2013-2020 (17 weeks),QB,16,369,0.680217,-0.854728
2013-2020 (17 weeks),QB,17,369,0.615176,-0.937885
2013-2020 (17 weeks),RB,15,588,0.748299,0.061932
2013-2020 (17 weeks),RB,16,588,0.729592,0.220263
2013-2020 (17 weeks),RB,17,588,0.683673,-0.268677
2013-2020 (17 weeks),TE,15,336,0.755952,-0.824697
2013-2020 (17 weeks),TE,16,336,0.747024,-0.375391
2013-2020 (17 weeks),TE,17,336,0.675595,-1.003231
2013-2020 (17 weeks),WR,15,872,0.807339,-0.642656
2013-2020 (17 weeks),WR,16,872,0.787844,-0.668506
2013-2020 (17 weeks),WR,17,872,0.733945,-0.278742
2021+ (18 weeks),DST,15,160,1.000000,0.575962
2021+ (18 weeks),DST,16,160,1.000000,-0.361538
2021+ (18 weeks),DST,17,160,0.987500,0.021908
2021+ (18 weeks),K,15,195,0.779487,-0.004362
2021+ (18 weeks),K,16,195,0.758974,0.288089
2021+ (18 weeks),K,17,195,0.748718,0.091667
2021+ (18 weeks),QB,15,241,0.659751,0.015328
2021+ (18 weeks),QB,16,241,0.630705,-0.360557
2021+ (18 weeks),QB,17,241,0.589212,0.607616
2021+ (18 weeks),RB,15,333,0.771772,-0.931026
2021+ (18 weeks),RB,16,333,0.750751,0.343231
2021+ (18 weeks),RB,17,333,0.732733,-0.123827
2021+ (18 weeks),TE,15,189,0.793651,0.657213
2021+ (18 weeks),TE,16,189,0.788360,-0.326600
2021+ (18 weeks),TE,17,189,0.735450,0.303890
2021+ (18 weeks),WR,15,524,0.799618,-0.580449
2021+ (18 weeks),WR,16,524,0.767176,0.234219
2021+ (18 weeks),WR,17,524,0.763359,-0.557375
