position,horizon,seasons,rho_mean,rho_min,rho_max
DST,4,13,0.264819,0.012495,0.424631
DST,8,13,0.338748,0.062173,0.648225
DST,12,13,0.397689,0.083946,0.738808
DST,14,13,0.414407,0.139892,0.729517
K,4,13,0.018862,-0.355697,0.404963
K,8,13,0.028004,-0.370421,0.251149
K,12,13,0.064709,-0.214961,0.345734
K,14,13,0.061762,-0.165090,0.346288
QB,4,13,0.139234,-0.150660,0.521125
QB,8,13,0.161040,-0.161855,0.480205
QB,12,13,0.136129,-0.248167,0.389296
QB,14,13,0.157476,-0.290323,0.417010
RB,4,13,0.109534,-0.280059,0.410082
RB,8,13,0.171655,-0.355938,0.445972
RB,12,13,0.209855,-0.222507,0.508798
RB,14,13,0.244582,-0.137097,0.548387
TE,4,13,0.065413,-0.118068,0.343753
TE,8,13,0.036216,-0.277594,0.299487
TE,12,13,0.067686,-0.260359,0.366202
TE,14,13,0.069301,-0.315336,0.338343
WR,4,13,0.099299,-0.286657,0.324260
WR,8,13,0.113866,-0.166056,0.466642
WR,12,13,0.105770,-0.139688,0.373167
WR,14,13,0.105742,-0.190834,0.387463
