variant,model,slice,group,n_rows,coach_seasons,n_pos,mean_prob
main,base_win_pct,all,censored,226,15,0,0.135152
main,base_win_pct,all,interim,302,43,0,0.241893
main,base_win_pct,all,negative,8089,498,0,0.134138
main,base_win_pct,all,positive,1744,126,1744,0.215686
main,base_win_pct,end_of_season,censored,13,13,0,0.118524
main,base_win_pct,end_of_season,interim,42,42,0,0.226167
main,base_win_pct,end_of_season,negative,498,498,0,0.122704
main,base_win_pct,end_of_season,positive,86,86,86,0.218284
main,base_wins_vs_expected,all,censored,226,15,0,0.154133
main,base_wins_vs_expected,all,interim,302,43,0,0.271741
main,base_wins_vs_expected,all,negative,8089,498,0,0.136147
main,base_wins_vs_expected,all,positive,1744,126,1744,0.207353
main,base_wins_vs_expected,end_of_season,censored,13,13,0,0.159470
main,base_wins_vs_expected,end_of_season,interim,42,42,0,0.315760
main,base_wins_vs_expected,end_of_season,negative,498,498,0,0.140438
main,base_wins_vs_expected,end_of_season,positive,86,86,86,0.283699
main,hazard,all,censored,226,15,0,0.131795
main,hazard,all,interim,302,43,0,0.160693
main,hazard,all,negative,8089,498,0,0.102537
main,hazard,all,positive,1744,126,1744,0.271605
main,hazard,end_of_season,censored,13,13,0,0.120880
main,hazard,end_of_season,interim,42,42,0,0.178693
main,hazard,end_of_season,negative,498,498,0,0.087951
main,hazard,end_of_season,positive,86,86,86,0.308655
main,lgbm,all,censored,226,15,0,0.097053
main,lgbm,all,interim,302,43,0,0.170600
main,lgbm,all,negative,8089,498,0,0.117854
main,lgbm,all,positive,1744,126,1744,0.251447
main,lgbm,end_of_season,censored,13,13,0,0.085774
main,lgbm,end_of_season,interim,42,42,0,0.168109
main,lgbm,end_of_season,negative,498,498,0,0.108438
main,lgbm,end_of_season,positive,86,86,86,0.296420
main,logit,all,censored,226,15,0,0.142936
main,logit,all,interim,302,43,0,0.150362
main,logit,all,negative,8089,498,0,0.117687
main,logit,all,positive,1744,126,1744,0.278814
main,logit,end_of_season,censored,13,13,0,0.118094
main,logit,end_of_season,interim,42,42,0,0.157507
main,logit,end_of_season,negative,498,498,0,0.101335
main,logit,end_of_season,positive,86,86,86,0.297593
censored_dropped,base_win_pct,all,interim,60,8,0,0.207424
censored_dropped,base_win_pct,all,negative,8089,498,0,0.140215
censored_dropped,base_win_pct,all,positive,1744,126,1744,0.225603
censored_dropped,base_win_pct,end_of_season,interim,8,8,0,0.195373
censored_dropped,base_win_pct,end_of_season,negative,498,498,0,0.128261
censored_dropped,base_win_pct,end_of_season,positive,86,86,86,0.228683
censored_dropped,base_wins_vs_expected,all,interim,60,8,0,0.225894
censored_dropped,base_wins_vs_expected,all,negative,8089,498,0,0.142949
censored_dropped,base_wins_vs_expected,all,positive,1744,126,1744,0.217510
censored_dropped,base_wins_vs_expected,end_of_season,interim,8,8,0,0.239825
censored_dropped,base_wins_vs_expected,end_of_season,negative,498,498,0,0.147155
censored_dropped,base_wins_vs_expected,end_of_season,positive,86,86,86,0.297225
censored_dropped,hazard,all,interim,60,8,0,0.094185
censored_dropped,hazard,all,negative,8089,498,0,0.106404
censored_dropped,hazard,all,positive,1744,126,1744,0.276733
censored_dropped,hazard,end_of_season,interim,8,8,0,0.101718
censored_dropped,hazard,end_of_season,negative,498,498,0,0.092363
censored_dropped,hazard,end_of_season,positive,86,86,86,0.317854
censored_dropped,logit,all,interim,60,8,0,0.110460
censored_dropped,logit,all,negative,8089,498,0,0.123965
censored_dropped,logit,all,positive,1744,126,1744,0.290192
censored_dropped,logit,end_of_season,interim,8,8,0,0.116647
censored_dropped,logit,end_of_season,negative,498,498,0,0.106651
censored_dropped,logit,end_of_season,positive,86,86,86,0.310128
rup_positive,base_win_pct,all,censored,226,15,0,0.139428
rup_positive,base_win_pct,all,interim,302,43,0,0.245185
rup_positive,base_win_pct,all,negative,8089,498,0,0.136629
rup_positive,base_win_pct,all,positive,1744,126,1744,0.218696
rup_positive,base_win_pct,end_of_season,censored,13,13,0,0.122629
rup_positive,base_win_pct,end_of_season,interim,42,42,0,0.229352
rup_positive,base_win_pct,end_of_season,negative,498,498,0,0.125252
rup_positive,base_win_pct,end_of_season,positive,86,86,86,0.221594
rup_positive,base_wins_vs_expected,all,censored,226,15,0,0.159104
rup_positive,base_wins_vs_expected,all,interim,302,43,0,0.275902
rup_positive,base_wins_vs_expected,all,negative,8089,498,0,0.138490
rup_positive,base_wins_vs_expected,all,positive,1744,126,1744,0.210987
rup_positive,base_wins_vs_expected,end_of_season,censored,13,13,0,0.164902
rup_positive,base_wins_vs_expected,end_of_season,interim,42,42,0,0.320429
rup_positive,base_wins_vs_expected,end_of_season,negative,498,498,0,0.142877
rup_positive,base_wins_vs_expected,end_of_season,positive,86,86,86,0.288931
rup_positive,hazard,all,censored,226,15,0,0.135724
rup_positive,hazard,all,interim,302,43,0,0.161217
rup_positive,hazard,all,negative,8089,498,0,0.101798
rup_positive,hazard,all,positive,1744,126,1744,0.269510
rup_positive,hazard,end_of_season,censored,13,13,0,0.122574
rup_positive,hazard,end_of_season,interim,42,42,0,0.179379
rup_positive,hazard,end_of_season,negative,498,498,0,0.086867
rup_positive,hazard,end_of_season,positive,86,86,86,0.307264
rup_positive,logit,all,censored,226,15,0,0.150274
rup_positive,logit,all,interim,302,43,0,0.150349
rup_positive,logit,all,negative,8089,498,0,0.118364
rup_positive,logit,all,positive,1744,126,1744,0.278858
rup_positive,logit,end_of_season,censored,13,13,0,0.119635
rup_positive,logit,end_of_season,interim,42,42,0,0.156201
rup_positive,logit,end_of_season,negative,498,498,0,0.101165
rup_positive,logit,end_of_season,positive,86,86,86,0.297420
