variant,model,term,last_fold,mean,min,max,folds,same_sign_share
main,logit,intercept,-2.293030,-2.243889,-2.453127,-2.086325,20,1.000000
main,logit,wins_vs_expected,-0.889388,-0.615561,-0.915073,-0.394796,20,1.000000
main,logit,point_diff_per_game,-0.458157,-0.375241,-0.490296,-0.219657,20,1.000000
main,logit,pythag_minus_wins,-0.127320,0.006339,-0.157076,0.152704,20,0.350000
main,logit,off_epa_neutral,-0.100236,-0.150199,-0.251106,-0.081086,20,1.000000
main,logit,def_epa_neutral,-0.183294,-0.170706,-0.242981,-0.038509,20,1.000000
main,logit,off_epa_neutral_trend,-0.036726,-0.007790,-0.043669,0.047054,20,0.650000
main,logit,def_epa_neutral_trend,-0.025547,-0.015639,-0.102874,0.021984,20,0.650000
main,logit,tenure_seasons,-0.253536,-0.034813,-0.301527,0.195887,20,0.550000
main,logit,is_first_year_coach,-0.788120,-0.554871,-0.839511,-0.310459,20,1.000000
main,logit,is_second_year_coach,-0.460595,-0.274115,-0.481211,0.006223,20,0.950000
main,logit,prev_season_wins,-0.022816,-0.101847,-0.218164,-0.010533,20,1.000000
main,logit,prev_playoff_round,-0.799579,-0.397510,-0.799579,0.074691,20,0.950000
main,logit,consecutive_losing_seasons,0.161508,0.241611,0.135301,0.426689,20,1.000000
main,logit,division_rank,-0.023811,0.066032,-0.073707,0.199079,20,0.250000
main,logit,games_remaining,0.203023,0.119224,0.008503,0.205131,20,1.000000
main,logit,starting_qb_changes,0.015004,0.053162,-0.102739,0.180700,20,0.850000
main,logit,rookie_r1_qb_on_roster,0.228511,0.117601,-0.003856,0.228511,20,0.950000
main,logit,fourth_down_wp_lost_per_game,-0.047954,-0.126429,-0.242945,-0.012938,19,1.000000
main,logit,missingindicator_off_epa_neutral_trend,-0.023707,0.002054,-0.025507,0.024196,20,0.350000
main,logit,missingindicator_def_epa_neutral_trend,-0.023707,0.002054,-0.025507,0.024196,20,0.350000
main,logit,missingindicator_prev_season_wins,-0.089207,-0.060520,-0.089207,-0.043358,20,1.000000
main,logit,missingindicator_prev_playoff_round,-0.089207,-0.060520,-0.089207,-0.043358,20,1.000000
main,logit,missingindicator_fourth_down_wp_lost_per_game,-0.227142,-0.130286,-0.236284,0.116489,20,0.800000
main,hazard,intercept,-6.749580,-6.593577,-6.905296,-6.358503,20,1.000000
main,hazard,wins_vs_expected,-1.033513,-0.731664,-1.094905,-0.507206,20,1.000000
main,hazard,point_diff_per_game,-0.431527,-0.395624,-0.479994,-0.268010,20,1.000000
main,hazard,pythag_minus_wins,-0.214095,-0.071890,-0.258282,0.044809,20,0.650000
main,hazard,off_epa_neutral,-0.254498,-0.108780,-0.254498,-0.002626,20,1.000000
main,hazard,def_epa_neutral,-0.238781,-0.206669,-0.459298,-0.069830,20,1.000000
main,hazard,off_epa_neutral_trend,-0.101525,-0.048619,-0.113011,0.034073,20,0.850000
main,hazard,def_epa_neutral_trend,0.102210,0.280918,0.102210,0.456268,20,1.000000
main,hazard,tenure_seasons,-0.193294,0.040933,-0.193294,0.228221,20,0.300000
main,hazard,is_first_year_coach,-0.803840,-0.545678,-0.997575,-0.277947,20,1.000000
main,hazard,is_second_year_coach,-0.494639,-0.293689,-0.521787,-0.040664,20,1.000000
main,hazard,prev_season_wins,-0.090652,-0.178006,-0.445985,-0.049331,20,1.000000
main,hazard,prev_playoff_round,-0.622420,-0.238682,-0.622420,0.031321,20,0.950000
main,hazard,consecutive_losing_seasons,0.184525,0.240048,0.089495,0.358975,20,1.000000
main,hazard,division_rank,0.216904,0.277304,0.181717,0.375440,20,1.000000
main,hazard,games_remaining,-0.199420,-0.241129,-0.373795,-0.096300,20,1.000000
main,hazard,starting_qb_changes,-0.144850,-0.002586,-0.144850,0.107118,20,0.400000
main,hazard,rookie_r1_qb_on_roster,0.280742,0.153059,0.053324,0.280742,20,1.000000
main,hazard,fourth_down_wp_lost_per_game,0.083866,-0.013892,-0.133513,0.102430,19,0.368421
main,hazard,final_interval,0.935726,0.880244,0.798709,0.962733,20,1.000000
main,hazard,missingindicator_off_epa_neutral_trend,0.045074,0.022295,-0.112915,0.146421,20,0.650000
main,hazard,missingindicator_def_epa_neutral_trend,0.045074,0.022295,-0.112915,0.146421,20,0.650000
main,hazard,missingindicator_prev_season_wins,-0.079587,-0.047194,-0.079587,-0.033158,20,1.000000
main,hazard,missingindicator_prev_playoff_round,-0.079587,-0.047194,-0.079587,-0.033158,20,1.000000
main,hazard,missingindicator_fourth_down_wp_lost_per_game,-0.287327,-0.142967,-0.288990,0.143499,20,0.850000
censored_dropped,logit,intercept,-2.267621,-2.204492,-2.403722,-2.054146,20,1.000000
censored_dropped,logit,wins_vs_expected,-0.933591,-0.635298,-1.015527,-0.402435,20,1.000000
censored_dropped,logit,point_diff_per_game,-0.443614,-0.358623,-0.460042,-0.207869,20,1.000000
censored_dropped,logit,pythag_minus_wins,-0.160684,-0.003215,-0.230791,0.147453,20,0.400000
censored_dropped,logit,off_epa_neutral,-0.120647,-0.181669,-0.297810,-0.120647,20,1.000000
censored_dropped,logit,def_epa_neutral,-0.212841,-0.192503,-0.257130,-0.040208,20,1.000000
censored_dropped,logit,off_epa_neutral_trend,-0.029933,0.003554,-0.039746,0.062464,20,0.500000
censored_dropped,logit,def_epa_neutral_trend,-0.015191,0.000352,-0.082255,0.036652,20,0.500000
censored_dropped,logit,tenure_seasons,-0.242988,-0.005630,-0.287671,0.214612,20,0.400000
censored_dropped,logit,is_first_year_coach,-0.806696,-0.562805,-0.858203,-0.341338,20,1.000000
censored_dropped,logit,is_second_year_coach,-0.455799,-0.261054,-0.477155,0.011352,20,0.950000
censored_dropped,logit,prev_season_wins,-0.018512,-0.094551,-0.217072,-0.000998,20,1.000000
censored_dropped,logit,prev_playoff_round,-0.811181,-0.394066,-0.811181,0.050248,20,0.950000
censored_dropped,logit,consecutive_losing_seasons,0.154382,0.231223,0.130359,0.403127,20,1.000000
censored_dropped,logit,division_rank,-0.015723,0.081429,-0.062168,0.216761,20,0.200000
censored_dropped,logit,games_remaining,0.216089,0.131587,0.022955,0.220267,20,1.000000
censored_dropped,logit,starting_qb_changes,0.027382,0.071973,-0.076818,0.203955,20,0.850000
censored_dropped,logit,rookie_r1_qb_on_roster,0.217807,0.100430,-0.017614,0.217807,20,0.950000
censored_dropped,logit,fourth_down_wp_lost_per_game,-0.050703,-0.130968,-0.247620,0.005538,19,0.947368
censored_dropped,logit,missingindicator_off_epa_neutral_trend,-0.024667,0.001814,-0.026797,0.023928,20,0.400000
censored_dropped,logit,missingindicator_def_epa_neutral_trend,-0.024667,0.001814,-0.026797,0.023928,20,0.400000
censored_dropped,logit,missingindicator_prev_season_wins,-0.090617,-0.061047,-0.109267,-0.043704,20,1.000000
censored_dropped,logit,missingindicator_prev_playoff_round,-0.090617,-0.061047,-0.109267,-0.043704,20,1.000000
censored_dropped,logit,missingindicator_fourth_down_wp_lost_per_game,-0.201113,-0.111976,-0.210627,0.111294,20,0.850000
censored_dropped,hazard,intercept,-6.720573,-6.553947,-6.865948,-6.319357,20,1.000000
censored_dropped,hazard,wins_vs_expected,-1.043090,-0.743150,-1.107671,-0.515029,20,1.000000
censored_dropped,hazard,point_diff_per_game,-0.421403,-0.380916,-0.459158,-0.248966,20,1.000000
censored_dropped,hazard,pythag_minus_wins,-0.219131,-0.071118,-0.266407,0.045056,20,0.650000
censored_dropped,hazard,off_epa_neutral,-0.257942,-0.115268,-0.257942,-0.010633,20,1.000000
censored_dropped,hazard,def_epa_neutral,-0.261371,-0.216554,-0.471004,-0.058677,20,1.000000
censored_dropped,hazard,off_epa_neutral_trend,-0.098292,-0.040970,-0.109027,0.044105,20,0.800000
censored_dropped,hazard,def_epa_neutral_trend,0.106133,0.286902,0.106133,0.463096,20,1.000000
censored_dropped,hazard,tenure_seasons,-0.178908,0.061608,-0.178908,0.232376,20,0.250000
censored_dropped,hazard,is_first_year_coach,-0.813911,-0.553791,-0.992990,-0.297627,20,1.000000
censored_dropped,hazard,is_second_year_coach,-0.478566,-0.271318,-0.503469,-0.019487,20,1.000000
censored_dropped,hazard,prev_season_wins,-0.083466,-0.170296,-0.439146,-0.042014,20,1.000000
censored_dropped,hazard,prev_playoff_round,-0.636836,-0.236881,-0.636836,0.020272,20,0.950000
censored_dropped,hazard,consecutive_losing_seasons,0.180491,0.231184,0.089240,0.340772,20,1.000000
censored_dropped,hazard,division_rank,0.218279,0.279159,0.185314,0.376671,20,1.000000
censored_dropped,hazard,games_remaining,-0.191045,-0.233160,-0.361260,-0.091559,20,1.000000
censored_dropped,hazard,starting_qb_changes,-0.131229,0.015107,-0.131229,0.123921,20,0.350000
censored_dropped,hazard,rookie_r1_qb_on_roster,0.272318,0.142183,0.043346,0.272318,20,1.000000
censored_dropped,hazard,fourth_down_wp_lost_per_game,0.087886,-0.015465,-0.150273,0.101391,19,0.368421
censored_dropped,hazard,final_interval,0.939274,0.882414,0.800085,0.966688,20,1.000000
censored_dropped,hazard,missingindicator_off_epa_neutral_trend,0.046124,0.023382,-0.114439,0.147293,20,0.650000
censored_dropped,hazard,missingindicator_def_epa_neutral_trend,0.046124,0.023382,-0.114439,0.147293,20,0.650000
censored_dropped,hazard,missingindicator_prev_season_wins,-0.078605,-0.046752,-0.078605,-0.032282,20,1.000000
censored_dropped,hazard,missingindicator_prev_playoff_round,-0.078605,-0.046752,-0.078605,-0.032282,20,1.000000
censored_dropped,hazard,missingindicator_fourth_down_wp_lost_per_game,-0.268172,-0.134460,-0.272144,0.135843,20,0.900000
rup_positive,logit,intercept,-2.281126,-2.212824,-2.409800,-2.072101,20,1.000000
rup_positive,logit,wins_vs_expected,-0.900243,-0.618046,-0.926397,-0.422477,20,1.000000
rup_positive,logit,point_diff_per_game,-0.457589,-0.375794,-0.478691,-0.226163,20,1.000000
rup_positive,logit,pythag_minus_wins,-0.138764,-0.002148,-0.169211,0.136779,20,0.450000
rup_positive,logit,off_epa_neutral,-0.105048,-0.159723,-0.266050,-0.105048,20,1.000000
rup_positive,logit,def_epa_neutral,-0.203862,-0.203214,-0.303174,-0.121204,20,1.000000
rup_positive,logit,off_epa_neutral_trend,-0.033373,-0.002398,-0.042027,0.054761,20,0.650000
rup_positive,logit,def_epa_neutral_trend,-0.012707,0.009063,-0.044686,0.038985,20,0.250000
rup_positive,logit,tenure_seasons,-0.256032,-0.026532,-0.303086,0.220708,20,0.550000
rup_positive,logit,is_first_year_coach,-0.793701,-0.554451,-0.844925,-0.327505,20,1.000000
rup_positive,logit,is_second_year_coach,-0.465612,-0.277844,-0.488214,-0.007527,20,1.000000
rup_positive,logit,prev_season_wins,-0.018045,-0.089872,-0.200357,-0.002975,20,1.000000
rup_positive,logit,prev_playoff_round,-0.799488,-0.395007,-0.799488,0.058160,20,0.950000
rup_positive,logit,consecutive_losing_seasons,0.153696,0.230707,0.126855,0.396855,20,1.000000
rup_positive,logit,division_rank,-0.011156,0.086236,-0.059830,0.221994,20,0.200000
rup_positive,logit,games_remaining,0.201688,0.116574,0.009601,0.204910,20,1.000000
rup_positive,logit,starting_qb_changes,0.004017,0.033480,-0.139916,0.163458,20,0.750000
rup_positive,logit,rookie_r1_qb_on_roster,0.227227,0.114339,-0.004334,0.227227,20,0.950000
rup_positive,logit,fourth_down_wp_lost_per_game,-0.049342,-0.128950,-0.245215,-0.020790,19,1.000000
rup_positive,logit,missingindicator_off_epa_neutral_trend,-0.023397,0.002357,-0.025307,0.023209,20,0.350000
rup_positive,logit,missingindicator_def_epa_neutral_trend,-0.023397,0.002357,-0.025307,0.023209,20,0.350000
rup_positive,logit,missingindicator_prev_season_wins,-0.090723,-0.060832,-0.090723,-0.044894,20,1.000000
rup_positive,logit,missingindicator_prev_playoff_round,-0.090723,-0.060832,-0.090723,-0.044894,20,1.000000
rup_positive,logit,missingindicator_fourth_down_wp_lost_per_game,-0.199087,-0.100248,-0.206599,0.147001,20,0.750000
rup_positive,hazard,intercept,-6.430145,-6.546407,-6.900343,-6.336084,20,1.000000
rup_positive,hazard,wins_vs_expected,-0.807003,-0.760830,-1.133854,-0.575718,20,1.000000
rup_positive,hazard,point_diff_per_game,-0.403870,-0.393787,-0.471490,-0.275987,20,1.000000
rup_positive,hazard,pythag_minus_wins,-0.107239,-0.099957,-0.292708,0.013111,20,0.950000
rup_positive,hazard,off_epa_neutral,-0.236856,-0.096111,-0.236856,0.016771,20,0.950000
rup_positive,hazard,def_epa_neutral,-0.181666,-0.225001,-0.491134,-0.103337,20,1.000000
rup_positive,hazard,off_epa_neutral_trend,-0.098031,-0.049465,-0.114962,0.031702,20,0.850000
rup_positive,hazard,def_epa_neutral_trend,0.125131,0.308763,0.125131,0.486430,20,1.000000
rup_positive,hazard,tenure_seasons,-0.095311,0.047048,-0.180634,0.246025,20,0.300000
rup_positive,hazard,is_first_year_coach,-0.595312,-0.544285,-1.012473,-0.294120,20,1.000000
rup_positive,hazard,is_second_year_coach,-0.380386,-0.297518,-0.527404,-0.054974,20,1.000000
rup_positive,hazard,prev_season_wins,-0.053402,-0.171346,-0.452652,-0.047644,20,1.000000
rup_positive,hazard,prev_playoff_round,-0.443776,-0.233840,-0.561487,0.012127,20,0.950000
rup_positive,hazard,consecutive_losing_seasons,0.222588,0.229130,0.077985,0.337081,20,1.000000
rup_positive,hazard,division_rank,0.272984,0.297199,0.206343,0.388453,20,1.000000
rup_positive,hazard,games_remaining,-0.259625,-0.278320,-0.412851,-0.143053,20,1.000000
rup_positive,hazard,starting_qb_changes,-0.110346,0.000261,-0.131027,0.111056,20,0.400000
rup_positive,hazard,rookie_r1_qb_on_roster,0.230904,0.150652,0.054902,0.251526,20,1.000000
rup_positive,hazard,fourth_down_wp_lost_per_game,0.053538,-0.014066,-0.129494,0.103091,19,0.368421
rup_positive,hazard,final_interval,0.861642,0.848679,0.760246,0.929579,20,1.000000
rup_positive,hazard,missingindicator_off_epa_neutral_trend,0.040427,0.026154,-0.115317,0.159837,20,0.650000
rup_positive,hazard,missingindicator_def_epa_neutral_trend,0.040427,0.026154,-0.115317,0.159837,20,0.650000
rup_positive,hazard,missingindicator_prev_season_wins,-0.050313,-0.046229,-0.078598,-0.033762,20,1.000000
rup_positive,hazard,missingindicator_prev_playoff_round,-0.050313,-0.046229,-0.078598,-0.033762,20,1.000000
rup_positive,hazard,missingindicator_fourth_down_wp_lost_per_game,-0.209260,-0.112286,-0.258469,0.175276,20,0.750000
