variant,a,b,slice,metric,diff,lo,hi
main,hazard,logit,all,roc_auc,-0.005247,-0.015832,0.006807
main,hazard,logit,all,pr_auc,0.003269,-0.026924,0.034328
main,hazard,logit,all,brier,0.002178,-0.001323,0.005608
main,hazard,logit,week_02,roc_auc,-0.021056,-0.041308,0.000247
main,hazard,logit,week_02,pr_auc,-0.007181,-0.055201,0.043489
main,hazard,logit,week_02,brier,0.005363,-0.001886,0.012412
main,hazard,logit,week_03,roc_auc,-0.027321,-0.053224,0.001310
main,hazard,logit,week_03,pr_auc,0.007733,-0.046566,0.047157
main,hazard,logit,week_03,brier,0.004204,-0.002701,0.011382
main,hazard,logit,week_04,roc_auc,-0.020036,-0.045374,0.007364
main,hazard,logit,week_04,pr_auc,0.016827,-0.032176,0.061281
main,hazard,logit,week_04,brier,0.001793,-0.004541,0.008350
main,hazard,logit,week_05,roc_auc,-0.005429,-0.020008,0.011767
main,hazard,logit,week_05,pr_auc,0.004142,-0.028196,0.037953
main,hazard,logit,week_05,brier,0.002261,-0.002371,0.006999
main,hazard,logit,week_06,roc_auc,-0.006499,-0.019083,0.008243
main,hazard,logit,week_06,pr_auc,-0.011227,-0.048059,0.025226
main,hazard,logit,week_06,brier,0.003149,-0.001274,0.007529
main,hazard,logit,week_07,roc_auc,0.000543,-0.016459,0.018591
main,hazard,logit,week_07,pr_auc,-0.019287,-0.061598,0.023957
main,hazard,logit,week_07,brier,0.003768,-0.000831,0.008333
main,hazard,logit,week_08,roc_auc,-0.008738,-0.024063,0.007256
main,hazard,logit,week_08,pr_auc,-0.031958,-0.081488,0.017690
main,hazard,logit,week_08,brier,0.005917,0.001628,0.010124
main,hazard,logit,week_09,roc_auc,-0.010321,-0.027485,0.004943
main,hazard,logit,week_09,pr_auc,-0.017942,-0.065640,0.024591
main,hazard,logit,week_09,brier,0.003759,-0.000879,0.008578
main,hazard,logit,week_10,roc_auc,-0.000705,-0.020758,0.017659
main,hazard,logit,week_10,pr_auc,0.011569,-0.054276,0.071030
main,hazard,logit,week_10,brier,0.001518,-0.004002,0.007639
main,hazard,logit,week_11,roc_auc,0.003925,-0.009461,0.014283
main,hazard,logit,week_11,pr_auc,0.017678,-0.023684,0.060282
main,hazard,logit,week_11,brier,-0.000991,-0.004592,0.002495
main,hazard,logit,week_12,roc_auc,-0.000413,-0.015354,0.016272
main,hazard,logit,week_12,pr_auc,0.009465,-0.027738,0.040593
main,hazard,logit,week_12,brier,0.000474,-0.003282,0.004005
main,hazard,logit,week_13,roc_auc,-0.005544,-0.020570,0.011061
main,hazard,logit,week_13,pr_auc,0.011901,-0.026973,0.041144
main,hazard,logit,week_13,brier,0.001853,-0.001793,0.005488
main,hazard,logit,week_14,roc_auc,-0.000463,-0.016248,0.015173
main,hazard,logit,week_14,pr_auc,0.004728,-0.036663,0.039350
main,hazard,logit,week_14,brier,0.001350,-0.002500,0.005313
main,hazard,logit,week_15,roc_auc,0.007247,-0.007930,0.022402
main,hazard,logit,week_15,pr_auc,-0.008108,-0.046029,0.028796
main,hazard,logit,week_15,brier,0.001354,-0.002341,0.005435
main,hazard,logit,week_16,roc_auc,0.007850,-0.008432,0.024585
main,hazard,logit,week_16,pr_auc,-0.000342,-0.047654,0.042663
main,hazard,logit,week_16,brier,0.000271,-0.003642,0.004559
main,hazard,logit,week_17,roc_auc,-0.016129,-0.043269,0.011665
main,hazard,logit,week_17,pr_auc,0.004826,-0.105335,0.095183
main,hazard,logit,week_17,brier,0.000937,-0.011313,0.009390
main,hazard,logit,end_of_season,roc_auc,0.013107,-0.006179,0.034379
main,hazard,logit,end_of_season,pr_auc,0.020956,-0.027900,0.060360
main,hazard,logit,end_of_season,brier,-0.001392,-0.005501,0.003089
main,lgbm,logit,all,roc_auc,-0.033531,-0.064587,-0.002030
main,lgbm,logit,all,pr_auc,-0.017148,-0.064726,0.030889
main,lgbm,logit,all,brier,0.004318,-0.000673,0.009579
main,lgbm,logit,week_02,roc_auc,-0.024769,-0.064711,0.019044
main,lgbm,logit,week_02,pr_auc,-0.032158,-0.075992,0.012381
main,lgbm,logit,week_02,brier,0.006631,-0.001659,0.015353
main,lgbm,logit,week_03,roc_auc,-0.037517,-0.068658,-0.006852
main,lgbm,logit,week_03,pr_auc,-0.021648,-0.064479,0.020552
main,lgbm,logit,week_03,brier,0.005642,-0.000511,0.011485
main,lgbm,logit,week_04,roc_auc,-0.024814,-0.060829,0.012226
main,lgbm,logit,week_04,pr_auc,-0.024780,-0.070266,0.022836
main,lgbm,logit,week_04,brier,0.004517,-0.002235,0.010619
main,lgbm,logit,week_05,roc_auc,-0.028039,-0.057042,0.002122
main,lgbm,logit,week_05,pr_auc,-0.021293,-0.072506,0.024508
main,lgbm,logit,week_05,brier,0.005418,-0.001309,0.011825
main,lgbm,logit,week_06,roc_auc,-0.030728,-0.063208,0.004042
main,lgbm,logit,week_06,pr_auc,-0.007961,-0.066385,0.047108
main,lgbm,logit,week_06,brier,0.004450,-0.002003,0.010947
main,lgbm,logit,week_07,roc_auc,-0.038298,-0.071231,-0.004360
main,lgbm,logit,week_07,pr_auc,-0.023056,-0.081315,0.030896
main,lgbm,logit,week_07,brier,0.006192,0.000143,0.012368
main,lgbm,logit,week_08,roc_auc,-0.030676,-0.063423,0.003039
main,lgbm,logit,week_08,pr_auc,-0.015488,-0.075351,0.051822
main,lgbm,logit,week_08,brier,0.004803,-0.001348,0.010799
main,lgbm,logit,week_09,roc_auc,-0.037306,-0.075457,0.001786
main,lgbm,logit,week_09,pr_auc,-0.031588,-0.087190,0.029381
main,lgbm,logit,week_09,brier,0.004895,-0.001209,0.010538
main,lgbm,logit,week_10,roc_auc,-0.037344,-0.077754,0.002916
main,lgbm,logit,week_10,pr_auc,-0.027094,-0.091331,0.035697
main,lgbm,logit,week_10,brier,0.004966,-0.001825,0.011673
main,lgbm,logit,week_11,roc_auc,-0.035838,-0.076715,0.002538
main,lgbm,logit,week_11,pr_auc,-0.013543,-0.071074,0.051275
main,lgbm,logit,week_11,brier,0.003609,-0.002246,0.009865
main,lgbm,logit,week_12,roc_auc,-0.042124,-0.081490,-0.002093
main,lgbm,logit,week_12,pr_auc,-0.029591,-0.104748,0.037609
main,lgbm,logit,week_12,brier,0.005925,-0.000905,0.012906
main,lgbm,logit,week_13,roc_auc,-0.037070,-0.072596,-0.000590
main,lgbm,logit,week_13,pr_auc,-0.007206,-0.092330,0.067939
main,lgbm,logit,week_13,brier,0.004159,-0.002644,0.011176
main,lgbm,logit,week_14,roc_auc,-0.041738,-0.079012,-0.005149
main,lgbm,logit,week_14,pr_auc,-0.011810,-0.089865,0.072290
main,lgbm,logit,week_14,brier,0.003243,-0.003030,0.009964
main,lgbm,logit,week_15,roc_auc,-0.040408,-0.079001,-0.002354
main,lgbm,logit,week_15,pr_auc,-0.007064,-0.081579,0.066106
main,lgbm,logit,week_15,brier,0.003253,-0.002282,0.008787
main,lgbm,logit,week_16,roc_auc,-0.035125,-0.080615,0.007766
main,lgbm,logit,week_16,pr_auc,-0.004374,-0.076754,0.073726
main,lgbm,logit,week_16,brier,0.001620,-0.003803,0.007159
main,lgbm,logit,week_17,roc_auc,-0.002454,-0.044742,0.025296
main,lgbm,logit,week_17,pr_auc,-0.023485,-0.091196,0.045478
main,lgbm,logit,week_17,brier,-0.000541,-0.005377,0.004540
main,lgbm,logit,end_of_season,roc_auc,-0.025042,-0.064737,0.011636
main,lgbm,logit,end_of_season,pr_auc,0.031083,-0.058970,0.110027
main,lgbm,logit,end_of_season,brier,0.000470,-0.006198,0.006946
main,lgbm,hazard,all,roc_auc,-0.028284,-0.062121,0.005550
main,lgbm,hazard,all,pr_auc,-0.020417,-0.066810,0.028815
main,lgbm,hazard,all,brier,0.002140,-0.003338,0.007877
main,lgbm,hazard,week_02,roc_auc,-0.003713,-0.053937,0.043486
main,lgbm,hazard,week_02,pr_auc,-0.024977,-0.089979,0.034151
main,lgbm,hazard,week_02,brier,0.001267,-0.009747,0.012733
main,lgbm,hazard,week_03,roc_auc,-0.010195,-0.049600,0.029096
main,lgbm,hazard,week_03,pr_auc,-0.029381,-0.068521,0.023995
main,lgbm,hazard,week_03,brier,0.001438,-0.004893,0.008014
main,lgbm,hazard,week_04,roc_auc,-0.004777,-0.045831,0.038389
main,lgbm,hazard,week_04,pr_auc,-0.041607,-0.091098,0.016064
main,lgbm,hazard,week_04,brier,0.002724,-0.004320,0.009906
main,lgbm,hazard,week_05,roc_auc,-0.022610,-0.056208,0.010832
main,lgbm,hazard,week_05,pr_auc,-0.025436,-0.074350,0.020289
main,lgbm,hazard,week_05,brier,0.003156,-0.003245,0.009637
main,lgbm,hazard,week_06,roc_auc,-0.024229,-0.058415,0.012732
main,lgbm,hazard,week_06,pr_auc,0.003266,-0.055702,0.059277
main,lgbm,hazard,week_06,brier,0.001301,-0.006247,0.008815
main,lgbm,hazard,week_07,roc_auc,-0.038842,-0.073604,-0.001511
main,lgbm,hazard,week_07,pr_auc,-0.003769,-0.049189,0.033291
main,lgbm,hazard,week_07,brier,0.002424,-0.002732,0.007926
main,lgbm,hazard,week_08,roc_auc,-0.021938,-0.056216,0.015532
main,lgbm,hazard,week_08,pr_auc,0.016470,-0.049298,0.085421
main,lgbm,hazard,week_08,brier,-0.001113,-0.007727,0.005138
main,lgbm,hazard,week_09,roc_auc,-0.026985,-0.061627,0.013341
main,lgbm,hazard,week_09,pr_auc,-0.013645,-0.079791,0.063005
main,lgbm,hazard,week_09,brier,0.001136,-0.006308,0.008174
main,lgbm,hazard,week_10,roc_auc,-0.036639,-0.076151,0.004698
main,lgbm,hazard,week_10,pr_auc,-0.038663,-0.120759,0.042930
main,lgbm,hazard,week_10,brier,0.003448,-0.004854,0.011790
main,lgbm,hazard,week_11,roc_auc,-0.039763,-0.076884,-0.003335
main,lgbm,hazard,week_11,pr_auc,-0.031221,-0.093746,0.035771
main,lgbm,hazard,week_11,brier,0.004600,-0.001551,0.011291
main,lgbm,hazard,week_12,roc_auc,-0.041710,-0.082907,-0.001712
main,lgbm,hazard,week_12,pr_auc,-0.039055,-0.115971,0.037962
main,lgbm,hazard,week_12,brier,0.005452,-0.001911,0.012993
main,lgbm,hazard,week_13,roc_auc,-0.031526,-0.075229,0.008212
main,lgbm,hazard,week_13,pr_auc,-0.019107,-0.093715,0.055838
main,lgbm,hazard,week_13,brier,0.002306,-0.005891,0.010613
main,lgbm,hazard,week_14,roc_auc,-0.041275,-0.085042,0.001288
main,lgbm,hazard,week_14,pr_auc,-0.016538,-0.089726,0.069699
main,lgbm,hazard,week_14,brier,0.001893,-0.005877,0.010200
main,lgbm,hazard,week_15,roc_auc,-0.047655,-0.088889,-0.008034
main,lgbm,hazard,week_15,pr_auc,0.001044,-0.088306,0.086151
main,lgbm,hazard,week_15,brier,0.001899,-0.005800,0.009556
main,lgbm,hazard,week_16,roc_auc,-0.042975,-0.090292,0.001429
main,lgbm,hazard,week_16,pr_auc,-0.004032,-0.087402,0.084569
main,lgbm,hazard,week_16,brier,0.001349,-0.006414,0.008938
main,lgbm,hazard,week_17,roc_auc,0.013675,-0.029818,0.058545
main,lgbm,hazard,week_17,pr_auc,-0.028312,-0.089158,0.070862
main,lgbm,hazard,week_17,brier,-0.001478,-0.013511,0.011704
main,lgbm,hazard,end_of_season,roc_auc,-0.038149,-0.081348,0.000050
main,lgbm,hazard,end_of_season,pr_auc,0.010126,-0.088396,0.101791
main,lgbm,hazard,end_of_season,brier,0.001863,-0.007110,0.010562
main,logit,base_win_pct,all,roc_auc,0.055808,0.024496,0.086683
main,logit,base_win_pct,all,pr_auc,0.108152,0.050914,0.171017
main,logit,base_win_pct,all,brier,-0.011233,-0.018408,-0.004351
main,logit,base_win_pct,week_02,roc_auc,0.110167,0.063508,0.159131
main,logit,base_win_pct,week_02,pr_auc,0.126752,0.075829,0.185720
main,logit,base_win_pct,week_02,brier,-0.020612,-0.029402,-0.011827
main,logit,base_win_pct,week_03,roc_auc,0.085259,0.044951,0.129347
main,logit,base_win_pct,week_03,pr_auc,0.115752,0.058271,0.184635
main,logit,base_win_pct,week_03,brier,-0.014566,-0.022017,-0.006588
main,logit,base_win_pct,week_04,roc_auc,0.069936,0.020308,0.118895
main,logit,base_win_pct,week_04,pr_auc,0.103830,0.046009,0.171621
main,logit,base_win_pct,week_04,brier,-0.011112,-0.019220,-0.002638
main,logit,base_win_pct,week_05,roc_auc,0.065066,0.023448,0.107712
main,logit,base_win_pct,week_05,pr_auc,0.102748,0.045450,0.168194
main,logit,base_win_pct,week_05,brier,-0.010787,-0.019410,-0.002176
main,logit,base_win_pct,week_06,roc_auc,0.066036,0.031559,0.104216
main,logit,base_win_pct,week_06,pr_auc,0.087368,0.022642,0.164705
main,logit,base_win_pct,week_06,brier,-0.010490,-0.018642,-0.002465
main,logit,base_win_pct,week_07,roc_auc,0.053346,0.016279,0.092180
main,logit,base_win_pct,week_07,pr_auc,0.095602,0.025908,0.167512
main,logit,base_win_pct,week_07,brier,-0.010254,-0.018801,-0.001622
main,logit,base_win_pct,week_08,roc_auc,0.043705,0.010211,0.074294
main,logit,base_win_pct,week_08,pr_auc,0.108078,0.043500,0.171955
main,logit,base_win_pct,week_08,brier,-0.011285,-0.018487,-0.003849
main,logit,base_win_pct,week_09,roc_auc,0.041705,0.010237,0.070962
main,logit,base_win_pct,week_09,pr_auc,0.093770,0.029143,0.166173
main,logit,base_win_pct,week_09,brier,-0.009169,-0.016631,-0.001446
main,logit,base_win_pct,week_10,roc_auc,0.034306,0.008604,0.058575
main,logit,base_win_pct,week_10,pr_auc,0.071811,-0.007095,0.146189
main,logit,base_win_pct,week_10,brier,-0.008816,-0.015874,-0.001542
main,logit,base_win_pct,week_11,roc_auc,0.030762,0.004344,0.056309
main,logit,base_win_pct,week_11,pr_auc,0.092648,0.012118,0.165966
main,logit,base_win_pct,week_11,brier,-0.010492,-0.018215,-0.002583
main,logit,base_win_pct,week_12,roc_auc,0.028508,-0.000278,0.054901
main,logit,base_win_pct,week_12,pr_auc,0.100750,0.020419,0.171979
main,logit,base_win_pct,week_12,brier,-0.010866,-0.018412,-0.003493
main,logit,base_win_pct,week_13,roc_auc,0.029682,-0.001570,0.056189
main,logit,base_win_pct,week_13,pr_auc,0.064171,-0.021594,0.151298
main,logit,base_win_pct,week_13,brier,-0.009600,-0.017707,-0.001710
main,logit,base_win_pct,week_14,roc_auc,0.033815,0.001814,0.060398
main,logit,base_win_pct,week_14,pr_auc,0.068726,-0.007878,0.153183
main,logit,base_win_pct,week_14,brier,-0.009600,-0.017744,-0.002161
main,logit,base_win_pct,week_15,roc_auc,0.028064,-0.005353,0.055712
main,logit,base_win_pct,week_15,pr_auc,0.072365,-0.002946,0.153547
main,logit,base_win_pct,week_15,brier,-0.010049,-0.018057,-0.002817
main,logit,base_win_pct,week_16,roc_auc,0.026263,-0.006201,0.054427
main,logit,base_win_pct,week_16,pr_auc,0.081939,0.005245,0.169339
main,logit,base_win_pct,week_16,brier,-0.011019,-0.018955,-0.003980
main,logit,base_win_pct,week_17,roc_auc,0.034187,0.007378,0.047619
main,logit,base_win_pct,week_17,pr_auc,0.074925,-0.047805,0.209264
main,logit,base_win_pct,week_17,brier,-0.014076,-0.031590,0.000880
main,logit,base_win_pct,end_of_season,roc_auc,0.022004,-0.014290,0.053124
main,logit,base_win_pct,end_of_season,pr_auc,0.056578,-0.027355,0.146032
main,logit,base_win_pct,end_of_season,brier,-0.009813,-0.018388,-0.001716
main,logit,base_wins_vs_expected,all,roc_auc,0.074109,0.031319,0.113361
main,logit,base_wins_vs_expected,all,pr_auc,0.125070,0.058006,0.191861
main,logit,base_wins_vs_expected,all,brier,-0.013619,-0.021244,-0.005636
main,logit,base_wins_vs_expected,week_02,roc_auc,0.128253,0.070959,0.188527
main,logit,base_wins_vs_expected,week_02,pr_auc,0.125743,0.059914,0.196747
main,logit,base_wins_vs_expected,week_02,brier,-0.014474,-0.024771,-0.003774
main,logit,base_wins_vs_expected,week_03,roc_auc,0.106284,0.055873,0.157497
main,logit,base_wins_vs_expected,week_03,pr_auc,0.141007,0.077751,0.216637
main,logit,base_wins_vs_expected,week_03,brier,-0.016919,-0.027868,-0.005604
main,logit,base_wins_vs_expected,week_04,roc_auc,0.099479,0.036805,0.159144
main,logit,base_wins_vs_expected,week_04,pr_auc,0.133399,0.060041,0.209914
main,logit,base_wins_vs_expected,week_04,brier,-0.014969,-0.025997,-0.003449
main,logit,base_wins_vs_expected,week_05,roc_auc,0.096498,0.035434,0.156330
main,logit,base_wins_vs_expected,week_05,pr_auc,0.137206,0.065582,0.215006
main,logit,base_wins_vs_expected,week_05,brier,-0.014669,-0.025668,-0.003170
main,logit,base_wins_vs_expected,week_06,roc_auc,0.098919,0.046796,0.152229
main,logit,base_wins_vs_expected,week_06,pr_auc,0.128542,0.057702,0.208748
main,logit,base_wins_vs_expected,week_06,brier,-0.014890,-0.024508,-0.004717
main,logit,base_wins_vs_expected,week_07,roc_auc,0.086226,0.033731,0.135869
main,logit,base_wins_vs_expected,week_07,pr_auc,0.134040,0.054679,0.208892
main,logit,base_wins_vs_expected,week_07,brier,-0.015013,-0.024551,-0.004903
main,logit,base_wins_vs_expected,week_08,roc_auc,0.083316,0.036556,0.127511
main,logit,base_wins_vs_expected,week_08,pr_auc,0.144535,0.066691,0.223084
main,logit,base_wins_vs_expected,week_08,brier,-0.015948,-0.024424,-0.007042
main,logit,base_wins_vs_expected,week_09,roc_auc,0.081028,0.037829,0.120303
main,logit,base_wins_vs_expected,week_09,pr_auc,0.144614,0.076026,0.218100
main,logit,base_wins_vs_expected,week_09,brier,-0.013905,-0.022037,-0.005825
main,logit,base_wins_vs_expected,week_10,roc_auc,0.067962,0.026703,0.106717
main,logit,base_wins_vs_expected,week_10,pr_auc,0.121403,0.040406,0.201462
main,logit,base_wins_vs_expected,week_10,brier,-0.012581,-0.020166,-0.005002
main,logit,base_wins_vs_expected,week_11,roc_auc,0.062887,0.022521,0.099828
main,logit,base_wins_vs_expected,week_11,pr_auc,0.145855,0.062901,0.217894
main,logit,base_wins_vs_expected,week_11,brier,-0.013793,-0.021379,-0.006237
main,logit,base_wins_vs_expected,week_12,roc_auc,0.051589,0.007974,0.091458
main,logit,base_wins_vs_expected,week_12,pr_auc,0.135777,0.052720,0.204962
main,logit,base_wins_vs_expected,week_12,brier,-0.012791,-0.020076,-0.005258
main,logit,base_wins_vs_expected,week_13,roc_auc,0.060468,0.017010,0.103704
main,logit,base_wins_vs_expected,week_13,pr_auc,0.110841,0.032021,0.191714
main,logit,base_wins_vs_expected,week_13,brier,-0.011750,-0.018917,-0.004603
main,logit,base_wins_vs_expected,week_14,roc_auc,0.054121,0.010926,0.096399
main,logit,base_wins_vs_expected,week_14,pr_auc,0.128180,0.054777,0.205256
main,logit,base_wins_vs_expected,week_14,brier,-0.011732,-0.018334,-0.005303
main,logit,base_wins_vs_expected,week_15,roc_auc,0.039117,-0.003997,0.080484
main,logit,base_wins_vs_expected,week_15,pr_auc,0.138250,0.064227,0.209638
main,logit,base_wins_vs_expected,week_15,brier,-0.010851,-0.017502,-0.004579
main,logit,base_wins_vs_expected,week_16,roc_auc,0.038249,-0.001649,0.077556
main,logit,base_wins_vs_expected,week_16,pr_auc,0.139862,0.060382,0.218508
main,logit,base_wins_vs_expected,week_16,brier,-0.011127,-0.017684,-0.004898
main,logit,base_wins_vs_expected,week_17,roc_auc,0.081346,0.023374,0.153683
main,logit,base_wins_vs_expected,week_17,pr_auc,0.199593,0.113567,0.322220
main,logit,base_wins_vs_expected,week_17,brier,-0.018072,-0.024015,-0.012021
main,logit,base_wins_vs_expected,end_of_season,roc_auc,0.037091,-0.004353,0.075637
main,logit,base_wins_vs_expected,end_of_season,pr_auc,0.125658,0.047564,0.201880
main,logit,base_wins_vs_expected,end_of_season,brier,-0.010860,-0.017333,-0.004699
main,hazard,base_win_pct,all,roc_auc,0.050561,0.022912,0.079043
main,hazard,base_win_pct,all,pr_auc,0.111421,0.053010,0.173681
main,hazard,base_win_pct,all,brier,-0.009055,-0.016792,-0.001833
main,hazard,base_win_pct,week_02,roc_auc,0.089112,0.051577,0.132618
main,hazard,base_win_pct,week_02,pr_auc,0.119571,0.077591,0.177144
main,hazard,base_win_pct,week_02,brier,-0.015249,-0.024911,-0.005901
main,hazard,base_win_pct,week_03,roc_auc,0.057938,0.028989,0.091973
main,hazard,base_win_pct,week_03,pr_auc,0.123485,0.063898,0.187529
main,hazard,base_win_pct,week_03,brier,-0.010363,-0.020142,-0.000808
main,hazard,base_win_pct,week_04,roc_auc,0.049899,0.016737,0.086557
main,hazard,base_win_pct,week_04,pr_auc,0.120656,0.065573,0.183996
main,hazard,base_win_pct,week_04,brier,-0.009319,-0.018243,-0.001098
main,hazard,base_win_pct,week_05,roc_auc,0.059637,0.024011,0.096706
main,hazard,base_win_pct,week_05,pr_auc,0.106890,0.052376,0.172579
main,hazard,base_win_pct,week_05,brier,-0.008526,-0.017821,0.000710
main,hazard,base_win_pct,week_06,roc_auc,0.059537,0.023750,0.099108
main,hazard,base_win_pct,week_06,pr_auc,0.076141,0.011523,0.153634
main,hazard,base_win_pct,week_06,brier,-0.007341,-0.016605,0.001660
main,hazard,base_win_pct,week_07,roc_auc,0.053889,0.021680,0.088979
main,hazard,base_win_pct,week_07,pr_auc,0.076315,0.017070,0.138729
main,hazard,base_win_pct,week_07,brier,-0.006486,-0.014801,0.001350
main,hazard,base_win_pct,week_08,roc_auc,0.034968,0.005602,0.061316
main,hazard,base_win_pct,week_08,pr_auc,0.076120,0.011839,0.145801
main,hazard,base_win_pct,week_08,brier,-0.005368,-0.013098,0.001932
main,hazard,base_win_pct,week_09,roc_auc,0.031384,-0.003897,0.061186
main,hazard,base_win_pct,week_09,pr_auc,0.075828,-0.006268,0.157522
main,hazard,base_win_pct,week_09,brier,-0.005410,-0.014594,0.003429
main,hazard,base_win_pct,week_10,roc_auc,0.033601,0.001280,0.061009
main,hazard,base_win_pct,week_10,pr_auc,0.083380,-0.010915,0.169225
main,hazard,base_win_pct,week_10,brier,-0.007298,-0.016308,0.001946
main,hazard,base_win_pct,week_11,roc_auc,0.034686,0.011348,0.056324
main,hazard,base_win_pct,week_11,pr_auc,0.110326,0.023024,0.189182
main,hazard,base_win_pct,week_11,brier,-0.011483,-0.020276,-0.003177
main,hazard,base_win_pct,week_12,roc_auc,0.028095,0.001220,0.052542
main,hazard,base_win_pct,week_12,pr_auc,0.110215,0.023140,0.178727
main,hazard,base_win_pct,week_12,brier,-0.010392,-0.018844,-0.002261
main,hazard,base_win_pct,week_13,roc_auc,0.024138,-0.005634,0.049335
main,hazard,base_win_pct,week_13,pr_auc,0.076072,-0.014826,0.156925
main,hazard,base_win_pct,week_13,brier,-0.007747,-0.016675,0.000867
main,hazard,base_win_pct,week_14,roc_auc,0.033352,-0.000618,0.060698
main,hazard,base_win_pct,week_14,pr_auc,0.073455,-0.016036,0.161923
main,hazard,base_win_pct,week_14,brier,-0.008250,-0.017476,0.000428
main,hazard,base_win_pct,week_15,roc_auc,0.035311,0.002973,0.064188
main,hazard,base_win_pct,week_15,pr_auc,0.064258,-0.010646,0.147692
main,hazard,base_win_pct,week_15,brier,-0.008695,-0.017921,-0.000465
main,hazard,base_win_pct,week_16,roc_auc,0.034113,-0.001875,0.066459
main,hazard,base_win_pct,week_16,pr_auc,0.081597,0.006971,0.173838
main,hazard,base_win_pct,week_16,brier,-0.010748,-0.019633,-0.002318
main,hazard,base_win_pct,week_17,roc_auc,0.018058,-0.030816,0.054476
main,hazard,base_win_pct,week_17,pr_auc,0.079751,-0.105868,0.271121
main,hazard,base_win_pct,week_17,brier,-0.013139,-0.040280,0.010213
main,hazard,base_win_pct,end_of_season,roc_auc,0.035111,-0.006028,0.072546
main,hazard,base_win_pct,end_of_season,pr_auc,0.077534,-0.013887,0.169742
main,hazard,base_win_pct,end_of_season,brier,-0.011205,-0.020954,-0.001949
main,hazard,base_wins_vs_expected,all,roc_auc,0.068862,0.033928,0.103044
main,hazard,base_wins_vs_expected,all,pr_auc,0.128339,0.071718,0.187594
main,hazard,base_wins_vs_expected,all,brier,-0.011441,-0.019395,-0.004256
main,hazard,base_wins_vs_expected,week_02,roc_auc,0.107197,0.060387,0.157373
main,hazard,base_wins_vs_expected,week_02,pr_auc,0.118562,0.073857,0.176676
main,hazard,base_wins_vs_expected,week_02,brier,-0.009110,-0.019524,0.000244
main,hazard,base_wins_vs_expected,week_03,roc_auc,0.078963,0.038321,0.121407
main,hazard,base_wins_vs_expected,week_03,pr_auc,0.148740,0.084170,0.210195
main,hazard,base_wins_vs_expected,week_03,brier,-0.012715,-0.024070,-0.003099
main,hazard,base_wins_vs_expected,week_04,roc_auc,0.079443,0.033685,0.123958
main,hazard,base_wins_vs_expected,week_04,pr_auc,0.150226,0.084383,0.214490
main,hazard,base_wins_vs_expected,week_04,brier,-0.013175,-0.024407,-0.003201
main,hazard,base_wins_vs_expected,week_05,roc_auc,0.091069,0.040358,0.141848
main,hazard,base_wins_vs_expected,week_05,pr_auc,0.141348,0.074507,0.217473
main,hazard,base_wins_vs_expected,week_05,brier,-0.012408,-0.023643,-0.001239
main,hazard,base_wins_vs_expected,week_06,roc_auc,0.092420,0.044032,0.144293
main,hazard,base_wins_vs_expected,week_06,pr_auc,0.117315,0.054762,0.194513
main,hazard,base_wins_vs_expected,week_06,brier,-0.011741,-0.022094,-0.001487
main,hazard,base_wins_vs_expected,week_07,roc_auc,0.086770,0.043423,0.131582
main,hazard,base_wins_vs_expected,week_07,pr_auc,0.114753,0.049154,0.184226
main,hazard,base_wins_vs_expected,week_07,brier,-0.011245,-0.020790,-0.002427
main,hazard,base_wins_vs_expected,week_08,roc_auc,0.074579,0.037207,0.111559
main,hazard,base_wins_vs_expected,week_08,pr_auc,0.112576,0.040990,0.190275
main,hazard,base_wins_vs_expected,week_08,brier,-0.010031,-0.018529,-0.002258
main,hazard,base_wins_vs_expected,week_09,roc_auc,0.070707,0.029888,0.107128
main,hazard,base_wins_vs_expected,week_09,pr_auc,0.126672,0.059751,0.196992
main,hazard,base_wins_vs_expected,week_09,brier,-0.010145,-0.018502,-0.002209
main,hazard,base_wins_vs_expected,week_10,roc_auc,0.067256,0.029864,0.102527
main,hazard,base_wins_vs_expected,week_10,pr_auc,0.132972,0.056357,0.207352
main,hazard,base_wins_vs_expected,week_10,brier,-0.011063,-0.019451,-0.003025
main,hazard,base_wins_vs_expected,week_11,roc_auc,0.066812,0.029723,0.097612
main,hazard,base_wins_vs_expected,week_11,pr_auc,0.163533,0.091388,0.229554
main,hazard,base_wins_vs_expected,week_11,brier,-0.014784,-0.022091,-0.007603
main,hazard,base_wins_vs_expected,week_12,roc_auc,0.051176,0.011703,0.086366
main,hazard,base_wins_vs_expected,week_12,pr_auc,0.145241,0.068443,0.211203
main,hazard,base_wins_vs_expected,week_12,brier,-0.012317,-0.020241,-0.004744
main,hazard,base_wins_vs_expected,week_13,roc_auc,0.054924,0.017618,0.091579
main,hazard,base_wins_vs_expected,week_13,pr_auc,0.122742,0.053077,0.190216
main,hazard,base_wins_vs_expected,week_13,brier,-0.009897,-0.017204,-0.002963
main,hazard,base_wins_vs_expected,week_14,roc_auc,0.053658,0.010477,0.096092
main,hazard,base_wins_vs_expected,week_14,pr_auc,0.132909,0.058759,0.203691
main,hazard,base_wins_vs_expected,week_14,brier,-0.010382,-0.017868,-0.003443
main,hazard,base_wins_vs_expected,week_15,roc_auc,0.046365,0.006146,0.085691
main,hazard,base_wins_vs_expected,week_15,pr_auc,0.130142,0.057981,0.207594
main,hazard,base_wins_vs_expected,week_15,brier,-0.009497,-0.017178,-0.002597
main,hazard,base_wins_vs_expected,week_16,roc_auc,0.046099,0.006735,0.084555
main,hazard,base_wins_vs_expected,week_16,pr_auc,0.139520,0.058317,0.226083
main,hazard,base_wins_vs_expected,week_16,brier,-0.010856,-0.018693,-0.003473
main,hazard,base_wins_vs_expected,week_17,roc_auc,0.065217,0.017935,0.122312
main,hazard,base_wins_vs_expected,week_17,pr_auc,0.204420,0.087756,0.284973
main,hazard,base_wins_vs_expected,week_17,brier,-0.017135,-0.032737,-0.002582
main,hazard,base_wins_vs_expected,end_of_season,roc_auc,0.050198,0.013098,0.086551
main,hazard,base_wins_vs_expected,end_of_season,pr_auc,0.146614,0.061254,0.227378
main,hazard,base_wins_vs_expected,end_of_season,brier,-0.012253,-0.019888,-0.005174
censored_dropped,hazard,logit,all,roc_auc,-0.006703,-0.016958,0.004619
censored_dropped,hazard,logit,all,pr_auc,0.004197,-0.027112,0.034828
censored_dropped,hazard,logit,all,brier,0.002544,-0.001141,0.006135
censored_dropped,hazard,logit,week_02,roc_auc,-0.022168,-0.042785,-0.001020
censored_dropped,hazard,logit,week_02,pr_auc,-0.001563,-0.047361,0.047432
censored_dropped,hazard,logit,week_02,brier,0.005175,-0.002627,0.012813
censored_dropped,hazard,logit,week_03,roc_auc,-0.030312,-0.055889,-0.002765
censored_dropped,hazard,logit,week_03,pr_auc,0.009788,-0.046974,0.049224
censored_dropped,hazard,logit,week_03,brier,0.004455,-0.002883,0.012661
censored_dropped,hazard,logit,week_04,roc_auc,-0.023965,-0.050457,0.003130
censored_dropped,hazard,logit,week_04,pr_auc,0.017582,-0.033665,0.063211
censored_dropped,hazard,logit,week_04,brier,0.002291,-0.004843,0.009788
censored_dropped,hazard,logit,week_05,roc_auc,-0.007454,-0.021918,0.008589
censored_dropped,hazard,logit,week_05,pr_auc,0.007182,-0.026045,0.042674
censored_dropped,hazard,logit,week_05,brier,0.002774,-0.002364,0.007903
censored_dropped,hazard,logit,week_06,roc_auc,-0.009625,-0.022039,0.004609
censored_dropped,hazard,logit,week_06,pr_auc,-0.010277,-0.048428,0.027892
censored_dropped,hazard,logit,week_06,brier,0.003930,-0.000661,0.008468
censored_dropped,hazard,logit,week_07,roc_auc,-0.001083,-0.016897,0.015297
censored_dropped,hazard,logit,week_07,pr_auc,-0.011264,-0.051217,0.030295
censored_dropped,hazard,logit,week_07,brier,0.004166,-0.000506,0.008545
censored_dropped,hazard,logit,week_08,roc_auc,-0.009723,-0.024386,0.006153
censored_dropped,hazard,logit,week_08,pr_auc,-0.028658,-0.077296,0.017468
censored_dropped,hazard,logit,week_08,brier,0.006593,0.002150,0.010946
censored_dropped,hazard,logit,week_09,roc_auc,-0.012877,-0.031006,0.003555
censored_dropped,hazard,logit,week_09,pr_auc,-0.017091,-0.068847,0.029346
censored_dropped,hazard,logit,week_09,brier,0.004469,-0.000649,0.009671
censored_dropped,hazard,logit,week_10,roc_auc,-0.001934,-0.022755,0.017366
censored_dropped,hazard,logit,week_10,pr_auc,0.008685,-0.055612,0.064606
censored_dropped,hazard,logit,week_10,brier,0.002046,-0.003872,0.008574
censored_dropped,hazard,logit,week_11,roc_auc,0.004490,-0.009212,0.014314
censored_dropped,hazard,logit,week_11,pr_auc,0.017390,-0.026702,0.060122
censored_dropped,hazard,logit,week_11,brier,-0.000599,-0.004374,0.003319
censored_dropped,hazard,logit,week_12,roc_auc,0.000502,-0.015309,0.017276
censored_dropped,hazard,logit,week_12,pr_auc,0.018641,-0.026663,0.050488
censored_dropped,hazard,logit,week_12,brier,0.000620,-0.003638,0.004570
censored_dropped,hazard,logit,week_13,roc_auc,-0.006044,-0.020386,0.009323
censored_dropped,hazard,logit,week_13,pr_auc,0.006855,-0.031741,0.037372
censored_dropped,hazard,logit,week_13,brier,0.001779,-0.002315,0.005828
censored_dropped,hazard,logit,week_14,roc_auc,-0.001814,-0.016368,0.011994
censored_dropped,hazard,logit,week_14,pr_auc,0.005945,-0.035324,0.040162
censored_dropped,hazard,logit,week_14,brier,0.001446,-0.002502,0.005538
censored_dropped,hazard,logit,week_15,roc_auc,0.006774,-0.008314,0.020941
censored_dropped,hazard,logit,week_15,pr_auc,-0.014040,-0.051054,0.021221
censored_dropped,hazard,logit,week_15,brier,0.001793,-0.001996,0.006127
censored_dropped,hazard,logit,week_16,roc_auc,0.004838,-0.010250,0.019829
censored_dropped,hazard,logit,week_16,pr_auc,-0.010018,-0.055338,0.030029
censored_dropped,hazard,logit,week_16,brier,0.000972,-0.002855,0.005362
censored_dropped,hazard,logit,week_17,roc_auc,-0.013654,-0.041617,0.013309
censored_dropped,hazard,logit,week_17,pr_auc,0.014058,-0.067823,0.099733
censored_dropped,hazard,logit,week_17,brier,0.000543,-0.011492,0.008816
censored_dropped,hazard,logit,end_of_season,roc_auc,0.012072,-0.006645,0.032928
censored_dropped,hazard,logit,end_of_season,pr_auc,0.014685,-0.030106,0.058541
censored_dropped,hazard,logit,end_of_season,brier,-0.001217,-0.005307,0.003246
censored_dropped,logit,base_win_pct,all,roc_auc,0.057047,0.025831,0.087764
censored_dropped,logit,base_win_pct,all,pr_auc,0.106396,0.050452,0.168819
censored_dropped,logit,base_win_pct,all,brier,-0.011567,-0.018841,-0.004431
censored_dropped,logit,base_win_pct,week_02,roc_auc,0.111637,0.066804,0.158535
censored_dropped,logit,base_win_pct,week_02,pr_auc,0.122498,0.074683,0.178245
censored_dropped,logit,base_win_pct,week_02,brier,-0.021564,-0.030729,-0.012524
censored_dropped,logit,base_win_pct,week_03,roc_auc,0.087007,0.046812,0.131137
censored_dropped,logit,base_win_pct,week_03,pr_auc,0.111676,0.053001,0.177592
censored_dropped,logit,base_win_pct,week_03,brier,-0.015173,-0.023014,-0.006600
censored_dropped,logit,base_win_pct,week_04,roc_auc,0.073812,0.025383,0.122581
censored_dropped,logit,base_win_pct,week_04,pr_auc,0.102880,0.048256,0.168020
censored_dropped,logit,base_win_pct,week_04,brier,-0.011572,-0.019828,-0.002652
censored_dropped,logit,base_win_pct,week_05,roc_auc,0.068060,0.027115,0.109976
censored_dropped,logit,base_win_pct,week_05,pr_auc,0.098024,0.042709,0.163203
censored_dropped,logit,base_win_pct,week_05,brier,-0.011136,-0.019892,-0.001997
censored_dropped,logit,base_win_pct,week_06,roc_auc,0.067953,0.033482,0.105754
censored_dropped,logit,base_win_pct,week_06,pr_auc,0.081451,0.013789,0.157364
censored_dropped,logit,base_win_pct,week_06,brier,-0.010934,-0.019312,-0.002596
censored_dropped,logit,base_win_pct,week_07,roc_auc,0.055378,0.018964,0.094166
censored_dropped,logit,base_win_pct,week_07,pr_auc,0.086570,0.020221,0.155661
censored_dropped,logit,base_win_pct,week_07,brier,-0.010458,-0.019386,-0.001292
censored_dropped,logit,base_win_pct,week_08,roc_auc,0.044828,0.012078,0.075944
censored_dropped,logit,base_win_pct,week_08,pr_auc,0.100046,0.036146,0.168663
censored_dropped,logit,base_win_pct,week_08,brier,-0.011570,-0.019013,-0.003846
censored_dropped,logit,base_win_pct,week_09,roc_auc,0.043265,0.012115,0.071800
censored_dropped,logit,base_win_pct,week_09,pr_auc,0.086557,0.025447,0.158149
censored_dropped,logit,base_win_pct,week_09,brier,-0.009251,-0.016894,-0.001351
censored_dropped,logit,base_win_pct,week_10,roc_auc,0.036126,0.010462,0.062191
censored_dropped,logit,base_win_pct,week_10,pr_auc,0.067271,-0.007018,0.146843
censored_dropped,logit,base_win_pct,week_10,brier,-0.009024,-0.016123,-0.001692
censored_dropped,logit,base_win_pct,week_11,roc_auc,0.030727,0.005274,0.056945
censored_dropped,logit,base_win_pct,week_11,pr_auc,0.088795,0.005095,0.169721
censored_dropped,logit,base_win_pct,week_11,brier,-0.011020,-0.018886,-0.003005
censored_dropped,logit,base_win_pct,week_12,roc_auc,0.028914,0.001272,0.055221
censored_dropped,logit,base_win_pct,week_12,pr_auc,0.090456,0.008574,0.171440
censored_dropped,logit,base_win_pct,week_12,brier,-0.011225,-0.018999,-0.003421
censored_dropped,logit,base_win_pct,week_13,roc_auc,0.030871,0.002596,0.055448
censored_dropped,logit,base_win_pct,week_13,pr_auc,0.065789,-0.019833,0.157266
censored_dropped,logit,base_win_pct,week_13,brier,-0.009808,-0.018072,-0.001642
censored_dropped,logit,base_win_pct,week_14,roc_auc,0.035551,0.003524,0.062364
censored_dropped,logit,base_win_pct,week_14,pr_auc,0.068255,-0.010872,0.160334
censored_dropped,logit,base_win_pct,week_14,brier,-0.009814,-0.018295,-0.002104
censored_dropped,logit,base_win_pct,week_15,roc_auc,0.028830,-0.003760,0.056807
censored_dropped,logit,base_win_pct,week_15,pr_auc,0.076634,-0.001052,0.162739
censored_dropped,logit,base_win_pct,week_15,brier,-0.010219,-0.018478,-0.002648
censored_dropped,logit,base_win_pct,week_16,roc_auc,0.028135,-0.004750,0.056711
censored_dropped,logit,base_win_pct,week_16,pr_auc,0.080355,0.000368,0.170352
censored_dropped,logit,base_win_pct,week_16,brier,-0.011391,-0.019617,-0.004019
censored_dropped,logit,base_win_pct,week_17,roc_auc,0.033777,0.000656,0.049814
censored_dropped,logit,base_win_pct,week_17,pr_auc,0.066982,-0.064573,0.207745
censored_dropped,logit,base_win_pct,week_17,brier,-0.013475,-0.032752,0.002590
censored_dropped,logit,base_win_pct,end_of_season,roc_auc,0.023968,-0.011687,0.055125
censored_dropped,logit,base_win_pct,end_of_season,pr_auc,0.059631,-0.021994,0.147626
censored_dropped,logit,base_win_pct,end_of_season,brier,-0.009903,-0.018839,-0.001655
censored_dropped,logit,base_wins_vs_expected,all,roc_auc,0.074098,0.032583,0.113026
censored_dropped,logit,base_wins_vs_expected,all,pr_auc,0.118961,0.052797,0.186969
censored_dropped,logit,base_wins_vs_expected,all,brier,-0.013696,-0.021633,-0.005417
censored_dropped,logit,base_wins_vs_expected,week_02,roc_auc,0.128275,0.070282,0.189206
censored_dropped,logit,base_wins_vs_expected,week_02,pr_auc,0.120503,0.060942,0.186328
censored_dropped,logit,base_wins_vs_expected,week_02,brier,-0.014001,-0.024539,-0.002552
censored_dropped,logit,base_wins_vs_expected,week_03,roc_auc,0.108211,0.058310,0.158751
censored_dropped,logit,base_wins_vs_expected,week_03,pr_auc,0.136928,0.074659,0.210625
censored_dropped,logit,base_wins_vs_expected,week_03,brier,-0.016544,-0.027733,-0.004738
censored_dropped,logit,base_wins_vs_expected,week_04,roc_auc,0.102278,0.038878,0.163118
censored_dropped,logit,base_wins_vs_expected,week_04,pr_auc,0.129389,0.060958,0.204808
censored_dropped,logit,base_wins_vs_expected,week_04,brier,-0.014762,-0.026039,-0.002574
censored_dropped,logit,base_wins_vs_expected,week_05,roc_auc,0.098274,0.037868,0.158503
censored_dropped,logit,base_wins_vs_expected,week_05,pr_auc,0.131972,0.060088,0.208609
censored_dropped,logit,base_wins_vs_expected,week_05,brier,-0.014534,-0.026074,-0.002572
censored_dropped,logit,base_wins_vs_expected,week_06,roc_auc,0.099657,0.047226,0.152290
censored_dropped,logit,base_wins_vs_expected,week_06,pr_auc,0.119196,0.039624,0.200011
censored_dropped,logit,base_wins_vs_expected,week_06,brier,-0.014928,-0.024869,-0.004205
censored_dropped,logit,base_wins_vs_expected,week_07,roc_auc,0.086223,0.034308,0.137831
censored_dropped,logit,base_wins_vs_expected,week_07,pr_auc,0.120597,0.035017,0.198789
censored_dropped,logit,base_wins_vs_expected,week_07,brier,-0.014808,-0.025065,-0.004048
censored_dropped,logit,base_wins_vs_expected,week_08,roc_auc,0.082840,0.037939,0.126087
censored_dropped,logit,base_wins_vs_expected,week_08,pr_auc,0.127945,0.052215,0.209413
censored_dropped,logit,base_wins_vs_expected,week_08,brier,-0.015934,-0.024735,-0.006669
censored_dropped,logit,base_wins_vs_expected,week_09,roc_auc,0.081574,0.039164,0.121647
censored_dropped,logit,base_wins_vs_expected,week_09,pr_auc,0.124942,0.059212,0.201083
censored_dropped,logit,base_wins_vs_expected,week_09,brier,-0.013687,-0.022054,-0.005086
censored_dropped,logit,base_wins_vs_expected,week_10,roc_auc,0.067827,0.027285,0.106620
censored_dropped,logit,base_wins_vs_expected,week_10,pr_auc,0.110254,0.033236,0.193920
censored_dropped,logit,base_wins_vs_expected,week_10,brier,-0.012406,-0.020037,-0.004660
censored_dropped,logit,base_wins_vs_expected,week_11,roc_auc,0.062382,0.024727,0.099840
censored_dropped,logit,base_wins_vs_expected,week_11,pr_auc,0.142606,0.064285,0.214935
censored_dropped,logit,base_wins_vs_expected,week_11,brier,-0.014190,-0.021624,-0.006639
censored_dropped,logit,base_wins_vs_expected,week_12,roc_auc,0.050703,0.009017,0.089762
censored_dropped,logit,base_wins_vs_expected,week_12,pr_auc,0.127629,0.047984,0.200289
censored_dropped,logit,base_wins_vs_expected,week_12,brier,-0.013038,-0.020525,-0.005269
censored_dropped,logit,base_wins_vs_expected,week_13,roc_auc,0.059004,0.015686,0.102699
censored_dropped,logit,base_wins_vs_expected,week_13,pr_auc,0.111813,0.038517,0.189054
censored_dropped,logit,base_wins_vs_expected,week_13,brier,-0.012050,-0.019310,-0.004974
censored_dropped,logit,base_wins_vs_expected,week_14,roc_auc,0.053720,0.010385,0.096558
censored_dropped,logit,base_wins_vs_expected,week_14,pr_auc,0.127742,0.052858,0.202948
censored_dropped,logit,base_wins_vs_expected,week_14,brier,-0.012321,-0.019016,-0.005920
censored_dropped,logit,base_wins_vs_expected,week_15,roc_auc,0.038991,-0.003475,0.080106
censored_dropped,logit,base_wins_vs_expected,week_15,pr_auc,0.133769,0.055078,0.207030
censored_dropped,logit,base_wins_vs_expected,week_15,brier,-0.011372,-0.018327,-0.004913
censored_dropped,logit,base_wins_vs_expected,week_16,roc_auc,0.037651,-0.000721,0.074874
censored_dropped,logit,base_wins_vs_expected,week_16,pr_auc,0.133654,0.051825,0.210332
censored_dropped,logit,base_wins_vs_expected,week_16,brier,-0.011781,-0.018475,-0.005486
censored_dropped,logit,base_wins_vs_expected,week_17,roc_auc,0.080848,0.023345,0.151035
censored_dropped,logit,base_wins_vs_expected,week_17,pr_auc,0.191354,0.108802,0.280517
censored_dropped,logit,base_wins_vs_expected,week_17,brier,-0.018354,-0.024464,-0.012065
censored_dropped,logit,base_wins_vs_expected,end_of_season,roc_auc,0.036261,-0.005669,0.074672
censored_dropped,logit,base_wins_vs_expected,end_of_season,pr_auc,0.117408,0.040673,0.196542
censored_dropped,logit,base_wins_vs_expected,end_of_season,brier,-0.011217,-0.017658,-0.005128
censored_dropped,hazard,base_win_pct,all,roc_auc,0.050344,0.021650,0.079056
censored_dropped,hazard,base_win_pct,all,pr_auc,0.110592,0.052110,0.171798
censored_dropped,hazard,base_win_pct,all,brier,-0.009023,-0.016829,-0.001786
censored_dropped,hazard,base_win_pct,week_02,roc_auc,0.089469,0.053263,0.132087
censored_dropped,hazard,base_win_pct,week_02,pr_auc,0.120935,0.076711,0.176985
censored_dropped,hazard,base_win_pct,week_02,brier,-0.016389,-0.026562,-0.006483
censored_dropped,hazard,base_win_pct,week_03,roc_auc,0.056695,0.027367,0.090047
censored_dropped,hazard,base_win_pct,week_03,pr_auc,0.121464,0.060851,0.184572
censored_dropped,hazard,base_win_pct,week_03,brier,-0.010717,-0.020914,-0.000692
censored_dropped,hazard,base_win_pct,week_04,roc_auc,0.049847,0.016213,0.087335
censored_dropped,hazard,base_win_pct,week_04,pr_auc,0.120462,0.065462,0.183890
censored_dropped,hazard,base_win_pct,week_04,brier,-0.009281,-0.018397,-0.000654
censored_dropped,hazard,base_win_pct,week_05,roc_auc,0.060607,0.024920,0.096490
censored_dropped,hazard,base_win_pct,week_05,pr_auc,0.105206,0.052979,0.168984
censored_dropped,hazard,base_win_pct,week_05,brier,-0.008362,-0.017757,0.000831
censored_dropped,hazard,base_win_pct,week_06,roc_auc,0.058328,0.022215,0.097433
censored_dropped,hazard,base_win_pct,week_06,pr_auc,0.071174,0.006009,0.150867
censored_dropped,hazard,base_win_pct,week_06,brier,-0.007004,-0.016450,0.002303
censored_dropped,hazard,base_win_pct,week_07,roc_auc,0.054295,0.021264,0.090287
censored_dropped,hazard,base_win_pct,week_07,pr_auc,0.075305,0.013993,0.142979
censored_dropped,hazard,base_win_pct,week_07,brier,-0.006292,-0.014685,0.001596
censored_dropped,hazard,base_win_pct,week_08,roc_auc,0.035105,0.005472,0.061801
censored_dropped,hazard,base_win_pct,week_08,pr_auc,0.071388,0.005798,0.141175
censored_dropped,hazard,base_win_pct,week_08,brier,-0.004977,-0.012755,0.002492
censored_dropped,hazard,base_win_pct,week_09,roc_auc,0.030388,-0.005712,0.061369
censored_dropped,hazard,base_win_pct,week_09,pr_auc,0.069466,-0.010886,0.147928
censored_dropped,hazard,base_win_pct,week_09,brier,-0.004783,-0.014260,0.004353
censored_dropped,hazard,base_win_pct,week_10,roc_auc,0.034192,0.003003,0.061346
censored_dropped,hazard,base_win_pct,week_10,pr_auc,0.075955,-0.013951,0.163360
censored_dropped,hazard,base_win_pct,week_10,brier,-0.006978,-0.016239,0.002212
censored_dropped,hazard,base_win_pct,week_11,roc_auc,0.035216,0.011260,0.056595
censored_dropped,hazard,base_win_pct,week_11,pr_auc,0.106185,0.020478,0.188206
censored_dropped,hazard,base_win_pct,week_11,brier,-0.011619,-0.020150,-0.003365
censored_dropped,hazard,base_win_pct,week_12,roc_auc,0.029416,0.002965,0.052801
censored_dropped,hazard,base_win_pct,week_12,pr_auc,0.109096,0.025033,0.179883
censored_dropped,hazard,base_win_pct,week_12,brier,-0.010605,-0.019114,-0.002530
censored_dropped,hazard,base_win_pct,week_13,roc_auc,0.024827,-0.005670,0.050802
censored_dropped,hazard,base_win_pct,week_13,pr_auc,0.072644,-0.013065,0.156732
censored_dropped,hazard,base_win_pct,week_13,brier,-0.008029,-0.016823,0.000488
censored_dropped,hazard,base_win_pct,week_14,roc_auc,0.033737,-0.000378,0.060539
censored_dropped,hazard,base_win_pct,week_14,pr_auc,0.074201,-0.013100,0.160978
censored_dropped,hazard,base_win_pct,week_14,brier,-0.008368,-0.017693,0.000384
censored_dropped,hazard,base_win_pct,week_15,roc_auc,0.035604,0.001491,0.063544
censored_dropped,hazard,base_win_pct,week_15,pr_auc,0.062594,-0.016200,0.148062
censored_dropped,hazard,base_win_pct,week_15,brier,-0.008426,-0.017775,-0.000013
censored_dropped,hazard,base_win_pct,week_16,roc_auc,0.032973,-0.004133,0.066211
censored_dropped,hazard,base_win_pct,week_16,pr_auc,0.070336,-0.007765,0.163290
censored_dropped,hazard,base_win_pct,week_16,brier,-0.010419,-0.019712,-0.001608
censored_dropped,hazard,base_win_pct,week_17,roc_auc,0.020122,-0.029528,0.060213
censored_dropped,hazard,base_win_pct,week_17,pr_auc,0.081040,-0.105103,0.278371
censored_dropped,hazard,base_win_pct,week_17,brier,-0.012932,-0.041488,0.010820
censored_dropped,hazard,base_win_pct,end_of_season,roc_auc,0.036040,-0.004043,0.073571
censored_dropped,hazard,base_win_pct,end_of_season,pr_auc,0.074316,-0.013802,0.168529
censored_dropped,hazard,base_win_pct,end_of_season,brier,-0.011121,-0.021087,-0.001712
censored_dropped,hazard,base_wins_vs_expected,all,roc_auc,0.067395,0.032623,0.101862
censored_dropped,hazard,base_wins_vs_expected,all,pr_auc,0.123157,0.066548,0.180354
censored_dropped,hazard,base_wins_vs_expected,all,brier,-0.011153,-0.018978,-0.004073
censored_dropped,hazard,base_wins_vs_expected,week_02,roc_auc,0.106107,0.059432,0.157745
censored_dropped,hazard,base_wins_vs_expected,week_02,pr_auc,0.118940,0.074117,0.175689
censored_dropped,hazard,base_wins_vs_expected,week_02,brier,-0.008826,-0.018988,0.000489
censored_dropped,hazard,base_wins_vs_expected,week_03,roc_auc,0.077899,0.039129,0.120104
censored_dropped,hazard,base_wins_vs_expected,week_03,pr_auc,0.146717,0.082413,0.208775
censored_dropped,hazard,base_wins_vs_expected,week_03,brier,-0.012089,-0.023459,-0.002469
censored_dropped,hazard,base_wins_vs_expected,week_04,roc_auc,0.078313,0.031144,0.123680
censored_dropped,hazard,base_wins_vs_expected,week_04,pr_auc,0.146971,0.082789,0.210801
censored_dropped,hazard,base_wins_vs_expected,week_04,brier,-0.012471,-0.023627,-0.002496
censored_dropped,hazard,base_wins_vs_expected,week_05,roc_auc,0.090821,0.039505,0.142259
censored_dropped,hazard,base_wins_vs_expected,week_05,pr_auc,0.139153,0.071216,0.213663
censored_dropped,hazard,base_wins_vs_expected,week_05,brier,-0.011760,-0.023166,-0.000478
censored_dropped,hazard,base_wins_vs_expected,week_06,roc_auc,0.090033,0.041364,0.143851
censored_dropped,hazard,base_wins_vs_expected,week_06,pr_auc,0.108919,0.036518,0.191608
censored_dropped,hazard,base_wins_vs_expected,week_06,brier,-0.010999,-0.021633,-0.000718
censored_dropped,hazard,base_wins_vs_expected,week_07,roc_auc,0.085141,0.041647,0.131217
censored_dropped,hazard,base_wins_vs_expected,week_07,pr_auc,0.109332,0.035072,0.181863
censored_dropped,hazard,base_wins_vs_expected,week_07,brier,-0.010643,-0.020418,-0.001674
censored_dropped,hazard,base_wins_vs_expected,week_08,roc_auc,0.073117,0.036752,0.110589
censored_dropped,hazard,base_wins_vs_expected,week_08,pr_auc,0.099288,0.027938,0.175981
censored_dropped,hazard,base_wins_vs_expected,week_08,brier,-0.009341,-0.017925,-0.001381
censored_dropped,hazard,base_wins_vs_expected,week_09,roc_auc,0.068697,0.027627,0.105809
censored_dropped,hazard,base_wins_vs_expected,week_09,pr_auc,0.107851,0.044016,0.175869
censored_dropped,hazard,base_wins_vs_expected,week_09,brier,-0.009219,-0.017853,-0.001168
censored_dropped,hazard,base_wins_vs_expected,week_10,roc_auc,0.065893,0.030580,0.101773
censored_dropped,hazard,base_wins_vs_expected,week_10,pr_auc,0.118939,0.044414,0.195962
censored_dropped,hazard,base_wins_vs_expected,week_10,brier,-0.010361,-0.018902,-0.002098
censored_dropped,hazard,base_wins_vs_expected,week_11,roc_auc,0.066871,0.030902,0.098246
censored_dropped,hazard,base_wins_vs_expected,week_11,pr_auc,0.159995,0.091640,0.218079
censored_dropped,hazard,base_wins_vs_expected,week_11,brier,-0.014789,-0.021814,-0.007791
censored_dropped,hazard,base_wins_vs_expected,week_12,roc_auc,0.051205,0.012988,0.085230
censored_dropped,hazard,base_wins_vs_expected,week_12,pr_auc,0.146270,0.070194,0.207529
censored_dropped,hazard,base_wins_vs_expected,week_12,brier,-0.012417,-0.020067,-0.005141
censored_dropped,hazard,base_wins_vs_expected,week_13,roc_auc,0.052959,0.016287,0.089437
censored_dropped,hazard,base_wins_vs_expected,week_13,pr_auc,0.118667,0.052620,0.182784
censored_dropped,hazard,base_wins_vs_expected,week_13,brier,-0.010271,-0.017361,-0.003596
censored_dropped,hazard,base_wins_vs_expected,week_14,roc_auc,0.051907,0.009453,0.093842
censored_dropped,hazard,base_wins_vs_expected,week_14,pr_auc,0.133688,0.063346,0.198664
censored_dropped,hazard,base_wins_vs_expected,week_14,brier,-0.010875,-0.018238,-0.004072
censored_dropped,hazard,base_wins_vs_expected,week_15,roc_auc,0.045765,0.005346,0.085131
censored_dropped,hazard,base_wins_vs_expected,week_15,pr_auc,0.119730,0.041168,0.200851
censored_dropped,hazard,base_wins_vs_expected,week_15,brier,-0.009580,-0.017072,-0.002461
censored_dropped,hazard,base_wins_vs_expected,week_16,roc_auc,0.042488,0.003334,0.081120
censored_dropped,hazard,base_wins_vs_expected,week_16,pr_auc,0.123636,0.038221,0.212528
censored_dropped,hazard,base_wins_vs_expected,week_16,brier,-0.010809,-0.018851,-0.003172
censored_dropped,hazard,base_wins_vs_expected,week_17,roc_auc,0.067194,0.019528,0.117769
censored_dropped,hazard,base_wins_vs_expected,week_17,pr_auc,0.205412,0.090812,0.287548
censored_dropped,hazard,base_wins_vs_expected,week_17,brier,-0.017811,-0.033581,-0.003144
censored_dropped,hazard,base_wins_vs_expected,end_of_season,roc_auc,0.048333,0.011554,0.084553
censored_dropped,hazard,base_wins_vs_expected,end_of_season,pr_auc,0.132092,0.047859,0.216671
censored_dropped,hazard,base_wins_vs_expected,end_of_season,brier,-0.012434,-0.020024,-0.005268
rup_positive,hazard,logit,all,roc_auc,-0.005577,-0.016875,0.007161
rup_positive,hazard,logit,all,pr_auc,-0.000107,-0.031738,0.030848
rup_positive,hazard,logit,all,brier,0.002658,-0.000940,0.006155
rup_positive,hazard,logit,week_02,roc_auc,-0.020777,-0.042016,0.002333
rup_positive,hazard,logit,week_02,pr_auc,-0.008085,-0.055880,0.040394
rup_positive,hazard,logit,week_02,brier,0.005078,-0.002405,0.012235
rup_positive,hazard,logit,week_03,roc_auc,-0.028296,-0.055613,0.000951
rup_positive,hazard,logit,week_03,pr_auc,0.008888,-0.043641,0.048043
rup_positive,hazard,logit,week_03,brier,0.004255,-0.002599,0.011658
rup_positive,hazard,logit,week_04,roc_auc,-0.021602,-0.049665,0.008121
rup_positive,hazard,logit,week_04,pr_auc,0.016880,-0.031322,0.060188
rup_positive,hazard,logit,week_04,brier,0.001863,-0.004635,0.008507
rup_positive,hazard,logit,week_05,roc_auc,-0.004039,-0.019551,0.013964
rup_positive,hazard,logit,week_05,pr_auc,0.007210,-0.028400,0.041157
rup_positive,hazard,logit,week_05,brier,0.002592,-0.002357,0.007377
rup_positive,hazard,logit,week_06,roc_auc,-0.006112,-0.018604,0.009123
rup_positive,hazard,logit,week_06,pr_auc,-0.011240,-0.048127,0.026557
rup_positive,hazard,logit,week_06,brier,0.003709,-0.000854,0.008265
rup_positive,hazard,logit,week_07,roc_auc,0.000374,-0.017618,0.019565
rup_positive,hazard,logit,week_07,pr_auc,-0.020517,-0.065173,0.024240
rup_positive,hazard,logit,week_07,brier,0.004407,-0.000436,0.009441
rup_positive,hazard,logit,week_08,roc_auc,-0.009851,-0.025398,0.006344
rup_positive,hazard,logit,week_08,pr_auc,-0.031324,-0.079961,0.014672
rup_positive,hazard,logit,week_08,brier,0.006598,0.002313,0.010946
rup_positive,hazard,logit,week_09,roc_auc,-0.011468,-0.027886,0.004286
rup_positive,hazard,logit,week_09,pr_auc,-0.021832,-0.067987,0.020827
rup_positive,hazard,logit,week_09,brier,0.004537,-0.000324,0.009488
rup_positive,hazard,logit,week_10,roc_auc,-0.002640,-0.022394,0.015813
rup_positive,hazard,logit,week_10,pr_auc,0.006231,-0.059565,0.064176
rup_positive,hazard,logit,week_10,brier,0.002128,-0.003505,0.008523
rup_positive,hazard,logit,week_11,roc_auc,0.002893,-0.010747,0.013569
rup_positive,hazard,logit,week_11,pr_auc,0.012163,-0.030398,0.057427
rup_positive,hazard,logit,week_11,brier,-0.000345,-0.003918,0.003264
rup_positive,hazard,logit,week_12,roc_auc,-0.001277,-0.016288,0.015636
rup_positive,hazard,logit,week_12,pr_auc,0.001163,-0.039285,0.033892
rup_positive,hazard,logit,week_12,brier,0.001215,-0.002581,0.004876
rup_positive,hazard,logit,week_13,roc_auc,-0.004991,-0.020030,0.013879
rup_positive,hazard,logit,week_13,pr_auc,0.005739,-0.034233,0.034924
rup_positive,hazard,logit,week_13,brier,0.002438,-0.001282,0.006205
rup_positive,hazard,logit,week_14,roc_auc,-0.001473,-0.017570,0.013977
rup_positive,hazard,logit,week_14,pr_auc,0.002080,-0.040856,0.039019
rup_positive,hazard,logit,week_14,brier,0.001921,-0.002034,0.006025
rup_positive,hazard,logit,week_15,roc_auc,0.006581,-0.009039,0.021279
rup_positive,hazard,logit,week_15,pr_auc,-0.016619,-0.050932,0.017273
rup_positive,hazard,logit,week_15,brier,0.001955,-0.001726,0.006091
rup_positive,hazard,logit,week_16,roc_auc,0.005515,-0.010019,0.021483
rup_positive,hazard,logit,week_16,pr_auc,-0.012767,-0.059648,0.029674
rup_positive,hazard,logit,week_16,brier,0.000914,-0.003010,0.005215
rup_positive,hazard,logit,week_17,roc_auc,-0.007714,-0.033417,0.018118
rup_positive,hazard,logit,week_17,pr_auc,0.009344,-0.079942,0.092700
rup_positive,hazard,logit,week_17,brier,0.001155,-0.010844,0.009851
rup_positive,hazard,logit,end_of_season,roc_auc,0.012515,-0.005288,0.032377
rup_positive,hazard,logit,end_of_season,pr_auc,0.020877,-0.030044,0.059645
rup_positive,hazard,logit,end_of_season,brier,-0.000804,-0.004909,0.003686
rup_positive,logit,base_win_pct,all,roc_auc,0.056506,0.026243,0.087035
rup_positive,logit,base_win_pct,all,pr_auc,0.107429,0.050014,0.171284
rup_positive,logit,base_win_pct,all,brier,-0.011086,-0.018193,-0.004321
rup_positive,logit,base_win_pct,week_02,roc_auc,0.110044,0.065877,0.155445
rup_positive,logit,base_win_pct,week_02,pr_auc,0.125511,0.074587,0.186857
rup_positive,logit,base_win_pct,week_02,brier,-0.020108,-0.028952,-0.011452
rup_positive,logit,base_win_pct,week_03,roc_auc,0.084501,0.046384,0.127812
rup_positive,logit,base_win_pct,week_03,pr_auc,0.110717,0.055995,0.179409
rup_positive,logit,base_win_pct,week_03,brier,-0.013980,-0.021266,-0.006313
rup_positive,logit,base_win_pct,week_04,roc_auc,0.071054,0.022437,0.118911
rup_positive,logit,base_win_pct,week_04,pr_auc,0.101970,0.045792,0.168506
rup_positive,logit,base_win_pct,week_04,brier,-0.010761,-0.018712,-0.002505
rup_positive,logit,base_win_pct,week_05,roc_auc,0.065579,0.024977,0.106215
rup_positive,logit,base_win_pct,week_05,pr_auc,0.099564,0.042713,0.163804
rup_positive,logit,base_win_pct,week_05,brier,-0.010614,-0.019211,-0.002114
rup_positive,logit,base_win_pct,week_06,roc_auc,0.066440,0.032729,0.103812
rup_positive,logit,base_win_pct,week_06,pr_auc,0.085597,0.021579,0.160491
rup_positive,logit,base_win_pct,week_06,brier,-0.010396,-0.018342,-0.002472
rup_positive,logit,base_win_pct,week_07,roc_auc,0.054178,0.019047,0.091476
rup_positive,logit,base_win_pct,week_07,pr_auc,0.091004,0.021864,0.162471
rup_positive,logit,base_win_pct,week_07,brier,-0.010086,-0.018449,-0.001669
rup_positive,logit,base_win_pct,week_08,roc_auc,0.044117,0.012253,0.073982
rup_positive,logit,base_win_pct,week_08,pr_auc,0.100729,0.037927,0.170094
rup_positive,logit,base_win_pct,week_08,brier,-0.010905,-0.017994,-0.003597
rup_positive,logit,base_win_pct,week_09,roc_auc,0.043049,0.013499,0.070360
rup_positive,logit,base_win_pct,week_09,pr_auc,0.090661,0.027637,0.163116
rup_positive,logit,base_win_pct,week_09,brier,-0.009101,-0.016548,-0.001427
rup_positive,logit,base_win_pct,week_10,roc_auc,0.036006,0.011309,0.059703
rup_positive,logit,base_win_pct,week_10,pr_auc,0.070887,-0.008961,0.146798
rup_positive,logit,base_win_pct,week_10,brier,-0.008823,-0.015735,-0.001724
rup_positive,logit,base_win_pct,week_11,roc_auc,0.031333,0.006349,0.056057
rup_positive,logit,base_win_pct,week_11,pr_auc,0.092738,0.011355,0.168477
rup_positive,logit,base_win_pct,week_11,brier,-0.010602,-0.018352,-0.002850
rup_positive,logit,base_win_pct,week_12,roc_auc,0.029109,0.002957,0.053127
rup_positive,logit,base_win_pct,week_12,pr_auc,0.100367,0.017827,0.174991
rup_positive,logit,base_win_pct,week_12,brier,-0.010894,-0.018373,-0.003480
rup_positive,logit,base_win_pct,week_13,roc_auc,0.030490,0.001697,0.054728
rup_positive,logit,base_win_pct,week_13,pr_auc,0.064471,-0.022741,0.153126
rup_positive,logit,base_win_pct,week_13,brier,-0.009473,-0.017538,-0.001686
rup_positive,logit,base_win_pct,week_14,roc_auc,0.034678,0.003101,0.060450
rup_positive,logit,base_win_pct,week_14,pr_auc,0.067513,-0.011182,0.154636
rup_positive,logit,base_win_pct,week_14,brier,-0.009545,-0.017585,-0.002174
rup_positive,logit,base_win_pct,week_15,roc_auc,0.028343,-0.003227,0.055338
rup_positive,logit,base_win_pct,week_15,pr_auc,0.072179,-0.002932,0.153836
rup_positive,logit,base_win_pct,week_15,brier,-0.010000,-0.017838,-0.002912
rup_positive,logit,base_win_pct,week_16,roc_auc,0.028265,-0.003830,0.055709
rup_positive,logit,base_win_pct,week_16,pr_auc,0.084302,0.006936,0.172713
rup_positive,logit,base_win_pct,week_16,brier,-0.011051,-0.018785,-0.004010
rup_positive,logit,base_win_pct,week_17,roc_auc,0.032083,0.000721,0.044600
rup_positive,logit,base_win_pct,week_17,pr_auc,0.071858,-0.061918,0.220014
rup_positive,logit,base_win_pct,week_17,brier,-0.013466,-0.031681,0.002086
rup_positive,logit,base_win_pct,end_of_season,roc_auc,0.025463,-0.010507,0.056611
rup_positive,logit,base_win_pct,end_of_season,pr_auc,0.059451,-0.023557,0.151312
rup_positive,logit,base_win_pct,end_of_season,brier,-0.010009,-0.018459,-0.002127
rup_positive,logit,base_wins_vs_expected,all,roc_auc,0.074840,0.034367,0.112404
rup_positive,logit,base_wins_vs_expected,all,pr_auc,0.124598,0.057787,0.192514
rup_positive,logit,base_wins_vs_expected,all,brier,-0.013531,-0.021000,-0.005740
rup_positive,logit,base_wins_vs_expected,week_02,roc_auc,0.126489,0.071660,0.185150
rup_positive,logit,base_wins_vs_expected,week_02,pr_auc,0.124782,0.060878,0.194927
rup_positive,logit,base_wins_vs_expected,week_02,brier,-0.013656,-0.024069,-0.002801
rup_positive,logit,base_wins_vs_expected,week_03,roc_auc,0.105959,0.057696,0.156878
rup_positive,logit,base_wins_vs_expected,week_03,pr_auc,0.137239,0.074992,0.212411
rup_positive,logit,base_wins_vs_expected,week_03,brier,-0.016173,-0.026667,-0.005025
rup_positive,logit,base_wins_vs_expected,week_04,roc_auc,0.099048,0.037078,0.157121
rup_positive,logit,base_wins_vs_expected,week_04,pr_auc,0.133273,0.062775,0.209062
rup_positive,logit,base_wins_vs_expected,week_04,brier,-0.014493,-0.025360,-0.002992
rup_positive,logit,base_wins_vs_expected,week_05,roc_auc,0.096034,0.036879,0.153729
rup_positive,logit,base_wins_vs_expected,week_05,pr_auc,0.135585,0.064749,0.211798
rup_positive,logit,base_wins_vs_expected,week_05,brier,-0.014420,-0.025351,-0.003050
rup_positive,logit,base_wins_vs_expected,week_06,roc_auc,0.099020,0.048558,0.150594
rup_positive,logit,base_wins_vs_expected,week_06,pr_auc,0.126516,0.053111,0.205682
rup_positive,logit,base_wins_vs_expected,week_06,brier,-0.014720,-0.024182,-0.004760
rup_positive,logit,base_wins_vs_expected,week_07,roc_auc,0.087534,0.036395,0.136264
rup_positive,logit,base_wins_vs_expected,week_07,pr_auc,0.130529,0.052918,0.207535
rup_positive,logit,base_wins_vs_expected,week_07,brier,-0.014850,-0.024454,-0.005003
rup_positive,logit,base_wins_vs_expected,week_08,roc_auc,0.083419,0.039116,0.126583
rup_positive,logit,base_wins_vs_expected,week_08,pr_auc,0.136825,0.060053,0.217887
rup_positive,logit,base_wins_vs_expected,week_08,brier,-0.015612,-0.024032,-0.006974
rup_positive,logit,base_wins_vs_expected,week_09,roc_auc,0.081834,0.040593,0.120172
rup_positive,logit,base_wins_vs_expected,week_09,pr_auc,0.140498,0.072917,0.213409
rup_positive,logit,base_wins_vs_expected,week_09,brier,-0.013917,-0.021869,-0.006024
rup_positive,logit,base_wins_vs_expected,week_10,roc_auc,0.069969,0.030150,0.106554
rup_positive,logit,base_wins_vs_expected,week_10,pr_auc,0.121309,0.041709,0.201661
rup_positive,logit,base_wins_vs_expected,week_10,brier,-0.012667,-0.020067,-0.005156
rup_positive,logit,base_wins_vs_expected,week_11,roc_auc,0.064269,0.024681,0.099810
rup_positive,logit,base_wins_vs_expected,week_11,pr_auc,0.148628,0.066351,0.223172
rup_positive,logit,base_wins_vs_expected,week_11,brier,-0.014015,-0.021415,-0.006656
rup_positive,logit,base_wins_vs_expected,week_12,roc_auc,0.052302,0.010763,0.090716
rup_positive,logit,base_wins_vs_expected,week_12,pr_auc,0.138534,0.055711,0.209644
rup_positive,logit,base_wins_vs_expected,week_12,brier,-0.012957,-0.020129,-0.005591
rup_positive,logit,base_wins_vs_expected,week_13,roc_auc,0.060389,0.019498,0.101730
rup_positive,logit,base_wins_vs_expected,week_13,pr_auc,0.113531,0.035369,0.195420
rup_positive,logit,base_wins_vs_expected,week_13,brier,-0.011865,-0.018764,-0.004846
rup_positive,logit,base_wins_vs_expected,week_14,roc_auc,0.054563,0.012485,0.096311
rup_positive,logit,base_wins_vs_expected,week_14,pr_auc,0.130889,0.053884,0.209625
rup_positive,logit,base_wins_vs_expected,week_14,brier,-0.011964,-0.018391,-0.005772
rup_positive,logit,base_wins_vs_expected,week_15,roc_auc,0.040042,-0.001340,0.080370
rup_positive,logit,base_wins_vs_expected,week_15,pr_auc,0.138827,0.065232,0.212813
rup_positive,logit,base_wins_vs_expected,week_15,brier,-0.011034,-0.017436,-0.004982
rup_positive,logit,base_wins_vs_expected,week_16,roc_auc,0.039650,0.000925,0.077341
rup_positive,logit,base_wins_vs_expected,week_16,pr_auc,0.143834,0.067665,0.221795
rup_positive,logit,base_wins_vs_expected,week_16,brier,-0.011385,-0.017592,-0.005409
rup_positive,logit,base_wins_vs_expected,week_17,roc_auc,0.078892,0.022019,0.150765
rup_positive,logit,base_wins_vs_expected,week_17,pr_auc,0.196986,0.111275,0.294926
rup_positive,logit,base_wins_vs_expected,week_17,brier,-0.017602,-0.023544,-0.011306
rup_positive,logit,base_wins_vs_expected,end_of_season,roc_auc,0.040413,-0.000141,0.077625
rup_positive,logit,base_wins_vs_expected,end_of_season,pr_auc,0.128149,0.045702,0.208592
rup_positive,logit,base_wins_vs_expected,end_of_season,brier,-0.011338,-0.017506,-0.005512
rup_positive,hazard,base_win_pct,all,roc_auc,0.050929,0.024183,0.077966
rup_positive,hazard,base_win_pct,all,pr_auc,0.107321,0.050609,0.167835
rup_positive,hazard,base_win_pct,all,brier,-0.008428,-0.016105,-0.001229
rup_positive,hazard,base_win_pct,week_02,roc_auc,0.089266,0.052167,0.131840
rup_positive,hazard,base_win_pct,week_02,pr_auc,0.117426,0.076023,0.171419
rup_positive,hazard,base_win_pct,week_02,brier,-0.015030,-0.024848,-0.005406
rup_positive,hazard,base_win_pct,week_03,roc_auc,0.056205,0.027146,0.090583
rup_positive,hazard,base_win_pct,week_03,pr_auc,0.119605,0.059309,0.182082
rup_positive,hazard,base_win_pct,week_03,brier,-0.009725,-0.019624,0.000228
rup_positive,hazard,base_win_pct,week_04,roc_auc,0.049452,0.016691,0.086126
rup_positive,hazard,base_win_pct,week_04,pr_auc,0.118850,0.064713,0.179246
rup_positive,hazard,base_win_pct,week_04,brier,-0.008898,-0.017905,-0.000379
rup_positive,hazard,base_win_pct,week_05,roc_auc,0.061540,0.027189,0.096611
rup_positive,hazard,base_win_pct,week_05,pr_auc,0.106773,0.051726,0.168725
rup_positive,hazard,base_win_pct,week_05,brier,-0.008022,-0.017536,0.001053
rup_positive,hazard,base_win_pct,week_06,roc_auc,0.060328,0.024622,0.099404
rup_positive,hazard,base_win_pct,week_06,pr_auc,0.074357,0.010597,0.151589
rup_positive,hazard,base_win_pct,week_06,brier,-0.006686,-0.015970,0.002348
rup_positive,hazard,base_win_pct,week_07,roc_auc,0.054552,0.023800,0.088493
rup_positive,hazard,base_win_pct,week_07,pr_auc,0.070487,0.013087,0.134165
rup_positive,hazard,base_win_pct,week_07,brier,-0.005679,-0.014140,0.002225
rup_positive,hazard,base_win_pct,week_08,roc_auc,0.034265,0.005016,0.059619
rup_positive,hazard,base_win_pct,week_08,pr_auc,0.069404,0.004327,0.138287
rup_positive,hazard,base_win_pct,week_08,brier,-0.004307,-0.012157,0.003063
rup_positive,hazard,base_win_pct,week_09,roc_auc,0.031581,-0.003746,0.060524
rup_positive,hazard,base_win_pct,week_09,pr_auc,0.068829,-0.010451,0.149359
rup_positive,hazard,base_win_pct,week_09,brier,-0.004564,-0.013786,0.004298
rup_positive,hazard,base_win_pct,week_10,roc_auc,0.033366,0.001359,0.060631
rup_positive,hazard,base_win_pct,week_10,pr_auc,0.077118,-0.014115,0.160671
rup_positive,hazard,base_win_pct,week_10,brier,-0.006695,-0.015798,0.002508
rup_positive,hazard,base_win_pct,week_11,roc_auc,0.034226,0.011231,0.054562
rup_positive,hazard,base_win_pct,week_11,pr_auc,0.104900,0.020252,0.185168
rup_positive,hazard,base_win_pct,week_11,brier,-0.010946,-0.019673,-0.002750
rup_positive,hazard,base_win_pct,week_12,roc_auc,0.027832,0.001533,0.050844
rup_positive,hazard,base_win_pct,week_12,pr_auc,0.101530,0.010128,0.174579
rup_positive,hazard,base_win_pct,week_12,brier,-0.009679,-0.017957,-0.001703
rup_positive,hazard,base_win_pct,week_13,roc_auc,0.025499,-0.004603,0.051062
rup_positive,hazard,base_win_pct,week_13,pr_auc,0.070210,-0.018568,0.149802
rup_positive,hazard,base_win_pct,week_13,brier,-0.007035,-0.015843,0.001543
rup_positive,hazard,base_win_pct,week_14,roc_auc,0.033205,-0.000854,0.059724
rup_positive,hazard,base_win_pct,week_14,pr_auc,0.069593,-0.020292,0.156881
rup_positive,hazard,base_win_pct,week_14,brier,-0.007623,-0.016767,0.001271
rup_positive,hazard,base_win_pct,week_15,roc_auc,0.034924,0.001981,0.062234
rup_positive,hazard,base_win_pct,week_15,pr_auc,0.055560,-0.021044,0.143181
rup_positive,hazard,base_win_pct,week_15,brier,-0.008045,-0.017295,0.000451
rup_positive,hazard,base_win_pct,week_16,roc_auc,0.033780,-0.001394,0.066295
rup_positive,hazard,base_win_pct,week_16,pr_auc,0.071535,-0.002607,0.164981
rup_positive,hazard,base_win_pct,week_16,brier,-0.010136,-0.018965,-0.001634
rup_positive,hazard,base_win_pct,week_17,roc_auc,0.024369,-0.029514,0.061800
rup_positive,hazard,base_win_pct,week_17,pr_auc,0.081203,-0.108516,0.279800
rup_positive,hazard,base_win_pct,week_17,brier,-0.012311,-0.039661,0.011166
rup_positive,hazard,base_win_pct,end_of_season,roc_auc,0.037978,-0.002297,0.075861
rup_positive,hazard,base_win_pct,end_of_season,pr_auc,0.080328,-0.008389,0.170291
rup_positive,hazard,base_win_pct,end_of_season,brier,-0.010813,-0.020477,-0.001512
rup_positive,hazard,base_wins_vs_expected,all,roc_auc,0.069263,0.036383,0.102187
rup_positive,hazard,base_wins_vs_expected,all,pr_auc,0.124491,0.070810,0.182981
rup_positive,hazard,base_wins_vs_expected,all,brier,-0.010873,-0.018605,-0.004078
rup_positive,hazard,base_wins_vs_expected,week_02,roc_auc,0.105712,0.061013,0.155152
rup_positive,hazard,base_wins_vs_expected,week_02,pr_auc,0.116697,0.074568,0.170601
rup_positive,hazard,base_wins_vs_expected,week_02,brier,-0.008578,-0.018954,0.000737
rup_positive,hazard,base_wins_vs_expected,week_03,roc_auc,0.077663,0.039400,0.119383
rup_positive,hazard,base_wins_vs_expected,week_03,pr_auc,0.146127,0.084664,0.206422
rup_positive,hazard,base_wins_vs_expected,week_03,brier,-0.011918,-0.023145,-0.002426
rup_positive,hazard,base_wins_vs_expected,week_04,roc_auc,0.077445,0.033582,0.120295
rup_positive,hazard,base_wins_vs_expected,week_04,pr_auc,0.150153,0.085836,0.212833
rup_positive,hazard,base_wins_vs_expected,week_04,brier,-0.012630,-0.023868,-0.002814
rup_positive,hazard,base_wins_vs_expected,week_05,roc_auc,0.091995,0.042818,0.141955
rup_positive,hazard,base_wins_vs_expected,week_05,pr_auc,0.142795,0.075202,0.214547
rup_positive,hazard,base_wins_vs_expected,week_05,brier,-0.011829,-0.023163,-0.000917
rup_positive,hazard,base_wins_vs_expected,week_06,roc_auc,0.092908,0.045522,0.143534
rup_positive,hazard,base_wins_vs_expected,week_06,pr_auc,0.115276,0.050849,0.194930
rup_positive,hazard,base_wins_vs_expected,week_06,brier,-0.011011,-0.021392,-0.001079
rup_positive,hazard,base_wins_vs_expected,week_07,roc_auc,0.087908,0.046201,0.131509
rup_positive,hazard,base_wins_vs_expected,week_07,pr_auc,0.110012,0.046795,0.178215
rup_positive,hazard,base_wins_vs_expected,week_07,brier,-0.010443,-0.020012,-0.001625
rup_positive,hazard,base_wins_vs_expected,week_08,roc_auc,0.073568,0.038225,0.109435
rup_positive,hazard,base_wins_vs_expected,week_08,pr_auc,0.105500,0.034191,0.181474
rup_positive,hazard,base_wins_vs_expected,week_08,brier,-0.009014,-0.017570,-0.001200
rup_positive,hazard,base_wins_vs_expected,week_09,roc_auc,0.070366,0.031836,0.106613
rup_positive,hazard,base_wins_vs_expected,week_09,pr_auc,0.118666,0.055221,0.187565
rup_positive,hazard,base_wins_vs_expected,week_09,brier,-0.009380,-0.017836,-0.001560
rup_positive,hazard,base_wins_vs_expected,week_10,roc_auc,0.067329,0.033052,0.100736
rup_positive,hazard,base_wins_vs_expected,week_10,pr_auc,0.127540,0.054302,0.199916
rup_positive,hazard,base_wins_vs_expected,week_10,brier,-0.010539,-0.018848,-0.002438
rup_positive,hazard,base_wins_vs_expected,week_11,roc_auc,0.067162,0.031627,0.097177
rup_positive,hazard,base_wins_vs_expected,week_11,pr_auc,0.160791,0.090189,0.226006
rup_positive,hazard,base_wins_vs_expected,week_11,brier,-0.014360,-0.021447,-0.007638
rup_positive,hazard,base_wins_vs_expected,week_12,roc_auc,0.051025,0.012975,0.084984
rup_positive,hazard,base_wins_vs_expected,week_12,pr_auc,0.139698,0.061133,0.207669
rup_positive,hazard,base_wins_vs_expected,week_12,brier,-0.011742,-0.019594,-0.004383
rup_positive,hazard,base_wins_vs_expected,week_13,roc_auc,0.055398,0.018917,0.090657
rup_positive,hazard,base_wins_vs_expected,week_13,pr_auc,0.119269,0.051514,0.185908
rup_positive,hazard,base_wins_vs_expected,week_13,brier,-0.009427,-0.016456,-0.002639
rup_positive,hazard,base_wins_vs_expected,week_14,roc_auc,0.053090,0.011264,0.094134
rup_positive,hazard,base_wins_vs_expected,week_14,pr_auc,0.132969,0.058644,0.203643
rup_positive,hazard,base_wins_vs_expected,week_14,brier,-0.010042,-0.017413,-0.003243
rup_positive,hazard,base_wins_vs_expected,week_15,roc_auc,0.046623,0.006588,0.084048
rup_positive,hazard,base_wins_vs_expected,week_15,pr_auc,0.122208,0.048426,0.201940
rup_positive,hazard,base_wins_vs_expected,week_15,brier,-0.009079,-0.016536,-0.002155
rup_positive,hazard,base_wins_vs_expected,week_16,roc_auc,0.045165,0.006574,0.082886
rup_positive,hazard,base_wins_vs_expected,week_16,pr_auc,0.131067,0.047669,0.218806
rup_positive,hazard,base_wins_vs_expected,week_16,brier,-0.010471,-0.018038,-0.003268
rup_positive,hazard,base_wins_vs_expected,week_17,roc_auc,0.071178,0.020520,0.126344
rup_positive,hazard,base_wins_vs_expected,week_17,pr_auc,0.206330,0.085122,0.302434
rup_positive,hazard,base_wins_vs_expected,week_17,brier,-0.016447,-0.032311,-0.001743
rup_positive,hazard,base_wins_vs_expected,end_of_season,roc_auc,0.052929,0.016840,0.087659
rup_positive,hazard,base_wins_vs_expected,end_of_season,pr_auc,0.149026,0.060342,0.227457
rup_positive,hazard,base_wins_vs_expected,end_of_season,brier,-0.012142,-0.019438,-0.005099
