variant,model,prob,slice,bin,lo,hi,n,n_pos,mean_pred,observed
main,logit,prob,all,1,0.000000,0.100000,5301,323,0.045775,0.060932
main,logit,prob,all,2,0.100000,0.200000,2277,397,0.143076,0.174352
main,logit,prob,all,3,0.200000,0.300000,1036,308,0.244934,0.297297
main,logit,prob,all,4,0.300000,0.400000,635,291,0.346145,0.458268
main,logit,prob,all,5,0.400000,0.500000,401,179,0.448550,0.446384
main,logit,prob,all,6,0.500000,0.600000,212,116,0.546796,0.547170
main,logit,prob,all,7,0.600000,0.700000,137,98,0.640752,0.715328
main,logit,prob,all,8,0.700000,0.800000,52,30,0.735320,0.576923
main,logit,prob,all,9,0.800000,0.900000,8,2,0.840657,0.250000
main,logit,prob,all,10,0.900000,1.000000,0,0,,
main,logit,prob,end_of_season,1,0.000000,0.100000,346,10,0.039885,0.028902
main,logit,prob,end_of_season,2,0.100000,0.200000,122,21,0.140249,0.172131
main,logit,prob,end_of_season,3,0.200000,0.300000,57,17,0.246585,0.298246
main,logit,prob,end_of_season,4,0.300000,0.400000,32,16,0.353663,0.500000
main,logit,prob,end_of_season,5,0.400000,0.500000,22,11,0.441259,0.500000
main,logit,prob,end_of_season,6,0.500000,0.600000,7,3,0.551524,0.428571
main,logit,prob,end_of_season,7,0.600000,0.700000,5,4,0.653434,0.800000
main,logit,prob,end_of_season,8,0.700000,0.800000,5,3,0.730995,0.600000
main,logit,prob,end_of_season,9,0.800000,0.900000,1,1,0.819572,1.000000
main,logit,prob,end_of_season,10,0.900000,1.000000,0,0,,
main,logit,prob_iso,all,1,0.000000,0.100000,4676,448,0.025143,0.095808
main,logit,prob_iso,all,2,0.100000,0.200000,2193,256,0.129658,0.116735
main,logit,prob_iso,all,3,0.200000,0.300000,1237,295,0.252294,0.238480
main,logit,prob_iso,all,4,0.300000,0.400000,766,223,0.333869,0.291123
main,logit,prob_iso,all,5,0.400000,0.500000,414,159,0.442163,0.384058
main,logit,prob_iso,all,6,0.500000,0.600000,350,141,0.540538,0.402857
main,logit,prob_iso,all,7,0.600000,0.700000,124,56,0.610481,0.451613
main,logit,prob_iso,all,8,0.700000,0.800000,54,31,0.726295,0.574074
main,logit,prob_iso,all,9,0.800000,0.900000,33,15,0.853266,0.454545
main,logit,prob_iso,all,10,0.900000,1.000000,212,120,0.985474,0.566038
main,logit,prob_iso,end_of_season,1,0.000000,0.100000,304,20,0.021341,0.065789
main,logit,prob_iso,end_of_season,2,0.100000,0.200000,125,13,0.127102,0.104000
main,logit,prob_iso,end_of_season,3,0.200000,0.300000,71,14,0.253638,0.197183
main,logit,prob_iso,end_of_season,4,0.300000,0.400000,36,10,0.339003,0.277778
main,logit,prob_iso,end_of_season,5,0.400000,0.500000,23,10,0.439038,0.434783
main,logit,prob_iso,end_of_season,6,0.500000,0.600000,19,7,0.536402,0.368421
main,logit,prob_iso,end_of_season,7,0.600000,0.700000,4,2,0.613230,0.500000
main,logit,prob_iso,end_of_season,8,0.700000,0.800000,3,3,0.720143,1.000000
main,logit,prob_iso,end_of_season,9,0.800000,0.900000,3,2,0.877779,0.666667
main,logit,prob_iso,end_of_season,10,0.900000,1.000000,9,5,0.992593,0.555556
main,hazard,prob,all,1,0.000000,0.100000,6113,442,0.038681,0.072305
main,hazard,prob,all,2,0.100000,0.200000,1776,408,0.143046,0.229730
main,hazard,prob,all,3,0.200000,0.300000,817,240,0.244352,0.293758
main,hazard,prob,all,4,0.300000,0.400000,525,207,0.343805,0.394286
main,hazard,prob,all,5,0.400000,0.500000,340,156,0.446390,0.458824
main,hazard,prob,all,6,0.500000,0.600000,243,128,0.550907,0.526749
main,hazard,prob,all,7,0.600000,0.700000,116,79,0.645239,0.681034
main,hazard,prob,all,8,0.700000,0.800000,73,43,0.747378,0.589041
main,hazard,prob,all,9,0.800000,0.900000,52,38,0.836583,0.730769
main,hazard,prob,all,10,0.900000,1.000000,4,3,0.923407,0.750000
main,hazard,prob,end_of_season,1,0.000000,0.100000,393,13,0.034203,0.033079
main,hazard,prob,end_of_season,2,0.100000,0.200000,88,21,0.143824,0.238636
main,hazard,prob,end_of_season,3,0.200000,0.300000,38,11,0.246832,0.289474
main,hazard,prob,end_of_season,4,0.300000,0.400000,32,16,0.338640,0.500000
main,hazard,prob,end_of_season,5,0.400000,0.500000,23,12,0.442184,0.521739
main,hazard,prob,end_of_season,6,0.500000,0.600000,8,2,0.542358,0.250000
main,hazard,prob,end_of_season,7,0.600000,0.700000,3,2,0.637029,0.666667
main,hazard,prob,end_of_season,8,0.700000,0.800000,10,7,0.753132,0.700000
main,hazard,prob,end_of_season,9,0.800000,0.900000,2,2,0.824545,1.000000
main,hazard,prob,end_of_season,10,0.900000,1.000000,0,0,,
main,lgbm,prob,all,1,0.000000,0.100000,4938,334,0.051198,0.067639
main,lgbm,prob,all,2,0.100000,0.200000,3006,551,0.137341,0.183300
main,lgbm,prob,all,3,0.200000,0.300000,1022,314,0.243966,0.307241
main,lgbm,prob,all,4,0.300000,0.400000,498,195,0.342636,0.391566
main,lgbm,prob,all,5,0.400000,0.500000,231,125,0.444435,0.541126
main,lgbm,prob,all,6,0.500000,0.600000,190,116,0.542065,0.610526
main,lgbm,prob,all,7,0.600000,0.700000,90,56,0.645191,0.622222
main,lgbm,prob,all,8,0.700000,0.800000,64,42,0.738837,0.656250
main,lgbm,prob,all,9,0.800000,0.900000,16,10,0.839693,0.625000
main,lgbm,prob,all,10,0.900000,1.000000,4,1,0.926441,0.250000
main,lgbm,prob,end_of_season,1,0.000000,0.100000,321,12,0.048550,0.037383
main,lgbm,prob,end_of_season,2,0.100000,0.200000,156,22,0.136223,0.141026
main,lgbm,prob,end_of_season,3,0.200000,0.300000,58,17,0.246410,0.293103
main,lgbm,prob,end_of_season,4,0.300000,0.400000,25,12,0.347695,0.480000
main,lgbm,prob,end_of_season,5,0.400000,0.500000,13,7,0.451036,0.538462
main,lgbm,prob,end_of_season,6,0.500000,0.600000,12,8,0.541217,0.666667
main,lgbm,prob,end_of_season,7,0.600000,0.700000,6,3,0.637356,0.500000
main,lgbm,prob,end_of_season,8,0.700000,0.800000,5,4,0.757384,0.800000
main,lgbm,prob,end_of_season,9,0.800000,0.900000,1,1,0.820866,1.000000
main,lgbm,prob,end_of_season,10,0.900000,1.000000,0,0,,
main,lgbm,prob_iso,all,1,0.000000,0.100000,5337,433,0.030520,0.081132
main,lgbm,prob_iso,all,2,0.100000,0.200000,1581,255,0.139932,0.161290
main,lgbm,prob_iso,all,3,0.200000,0.300000,1211,285,0.260827,0.235343
main,lgbm,prob_iso,all,4,0.300000,0.400000,653,223,0.343439,0.341501
main,lgbm,prob_iso,all,5,0.400000,0.500000,548,178,0.433403,0.324818
main,lgbm,prob_iso,all,6,0.500000,0.600000,212,73,0.523645,0.344340
main,lgbm,prob_iso,all,7,0.600000,0.700000,106,57,0.658942,0.537736
main,lgbm,prob_iso,all,8,0.700000,0.800000,78,47,0.786409,0.602564
main,lgbm,prob_iso,all,9,0.800000,0.900000,116,64,0.849834,0.551724
main,lgbm,prob_iso,all,10,0.900000,1.000000,217,129,0.995801,0.594470
main,lgbm,prob_iso,end_of_season,1,0.000000,0.100000,344,19,0.027112,0.055233
main,lgbm,prob_iso,end_of_season,2,0.100000,0.200000,84,8,0.139858,0.095238
main,lgbm,prob_iso,end_of_season,3,0.200000,0.300000,63,13,0.263165,0.206349
main,lgbm,prob_iso,end_of_season,4,0.300000,0.400000,32,12,0.341954,0.375000
main,lgbm,prob_iso,end_of_season,5,0.400000,0.500000,27,7,0.431674,0.259259
main,lgbm,prob_iso,end_of_season,6,0.500000,0.600000,13,5,0.523980,0.384615
main,lgbm,prob_iso,end_of_season,7,0.600000,0.700000,8,4,0.668590,0.500000
main,lgbm,prob_iso,end_of_season,8,0.700000,0.800000,4,2,0.788534,0.500000
main,lgbm,prob_iso,end_of_season,9,0.800000,0.900000,9,6,0.847226,0.666667
main,lgbm,prob_iso,end_of_season,10,0.900000,1.000000,13,10,0.986428,0.769231
main,base_win_pct,prob,all,1,0.000000,0.100000,4041,254,0.061621,0.062856
main,base_win_pct,prob,all,2,0.100000,0.200000,3590,628,0.142906,0.174930
main,base_win_pct,prob,all,3,0.200000,0.300000,1468,470,0.242890,0.320163
main,base_win_pct,prob,all,4,0.300000,0.400000,548,260,0.339176,0.474453
main,base_win_pct,prob,all,5,0.400000,0.500000,363,119,0.446178,0.327824
main,base_win_pct,prob,all,6,0.500000,0.600000,49,13,0.516471,0.265306
main,base_win_pct,prob,all,7,0.600000,0.700000,0,0,,
main,base_win_pct,prob,all,8,0.700000,0.800000,0,0,,
main,base_win_pct,prob,all,9,0.800000,0.900000,0,0,,
main,base_win_pct,prob,all,10,0.900000,1.000000,0,0,,
main,base_win_pct,prob,end_of_season,1,0.000000,0.100000,236,7,0.066462,0.029661
main,base_win_pct,prob,end_of_season,2,0.100000,0.200000,249,32,0.141356,0.128514
main,base_win_pct,prob,end_of_season,3,0.200000,0.300000,83,32,0.246127,0.385542
main,base_win_pct,prob,end_of_season,4,0.300000,0.400000,28,15,0.345329,0.535714
main,base_win_pct,prob,end_of_season,5,0.400000,0.500000,1,0,0.439574,0.000000
main,base_win_pct,prob,end_of_season,6,0.500000,0.600000,0,0,,
main,base_win_pct,prob,end_of_season,7,0.600000,0.700000,0,0,,
main,base_win_pct,prob,end_of_season,8,0.700000,0.800000,0,0,,
main,base_win_pct,prob,end_of_season,9,0.800000,0.900000,0,0,,
main,base_win_pct,prob,end_of_season,10,0.900000,1.000000,0,0,,
main,base_win_pct,prob_iso,all,1,0.000000,0.100000,4257,351,0.032210,0.082452
main,base_win_pct,prob_iso,all,2,0.100000,0.200000,2366,333,0.156422,0.140744
main,base_win_pct,prob_iso,all,3,0.200000,0.300000,1379,364,0.234450,0.263959
main,base_win_pct,prob_iso,all,4,0.300000,0.400000,1170,394,0.349088,0.336752
main,base_win_pct,prob_iso,all,5,0.400000,0.500000,387,103,0.454299,0.266150
main,base_win_pct,prob_iso,all,6,0.500000,0.600000,156,47,0.524506,0.301282
main,base_win_pct,prob_iso,all,7,0.600000,0.700000,165,66,0.626895,0.400000
main,base_win_pct,prob_iso,all,8,0.700000,0.800000,33,15,0.726717,0.454545
main,base_win_pct,prob_iso,all,9,0.800000,0.900000,146,71,0.849583,0.486301
main,base_win_pct,prob_iso,all,10,0.900000,1.000000,0,0,,
main,base_win_pct,prob_iso,end_of_season,1,0.000000,0.100000,257,15,0.033224,0.058366
main,base_win_pct,prob_iso,end_of_season,2,0.100000,0.200000,163,12,0.156687,0.073620
main,base_win_pct,prob_iso,end_of_season,3,0.200000,0.300000,78,20,0.236276,0.256410
main,base_win_pct,prob_iso,end_of_season,4,0.300000,0.400000,64,25,0.343805,0.390625
main,base_win_pct,prob_iso,end_of_season,5,0.400000,0.500000,19,6,0.460612,0.315789
main,base_win_pct,prob_iso,end_of_season,6,0.500000,0.600000,7,2,0.526915,0.285714
main,base_win_pct,prob_iso,end_of_season,7,0.600000,0.700000,4,2,0.636486,0.500000
main,base_win_pct,prob_iso,end_of_season,8,0.700000,0.800000,0,0,,
main,base_win_pct,prob_iso,end_of_season,9,0.800000,0.900000,5,4,0.848077,0.800000
main,base_win_pct,prob_iso,end_of_season,10,0.900000,1.000000,0,0,,
main,base_wins_vs_expected,prob,all,1,0.000000,0.100000,3764,234,0.063251,0.062168
main,base_wins_vs_expected,prob,all,2,0.100000,0.200000,3926,744,0.142706,0.189506
main,base_wins_vs_expected,prob,all,3,0.200000,0.300000,1509,454,0.241263,0.300861
main,base_wins_vs_expected,prob,all,4,0.300000,0.400000,562,198,0.342961,0.352313
main,base_wins_vs_expected,prob,all,5,0.400000,0.500000,212,79,0.443162,0.372642
main,base_wins_vs_expected,prob,all,6,0.500000,0.600000,66,27,0.541601,0.409091
main,base_wins_vs_expected,prob,all,7,0.600000,0.700000,18,7,0.638633,0.388889
main,base_wins_vs_expected,prob,all,8,0.700000,0.800000,2,1,0.704507,0.500000
main,base_wins_vs_expected,prob,all,9,0.800000,0.900000,0,0,,
main,base_wins_vs_expected,prob,all,10,0.900000,1.000000,0,0,,
main,base_wins_vs_expected,prob,end_of_season,1,0.000000,0.100000,259,7,0.053800,0.027027
main,base_wins_vs_expected,prob,end_of_season,2,0.100000,0.200000,165,20,0.143421,0.121212
main,base_wins_vs_expected,prob,end_of_season,3,0.200000,0.300000,83,22,0.245433,0.265060
main,base_wins_vs_expected,prob,end_of_season,4,0.300000,0.400000,42,18,0.343369,0.428571
main,base_wins_vs_expected,prob,end_of_season,5,0.400000,0.500000,29,13,0.444434,0.448276
main,base_wins_vs_expected,prob,end_of_season,6,0.500000,0.600000,12,4,0.548275,0.333333
main,base_wins_vs_expected,prob,end_of_season,7,0.600000,0.700000,6,2,0.641489,0.333333
main,base_wins_vs_expected,prob,end_of_season,8,0.700000,0.800000,1,0,0.701310,0.000000
main,base_wins_vs_expected,prob,end_of_season,9,0.800000,0.900000,0,0,,
main,base_wins_vs_expected,prob,end_of_season,10,0.900000,1.000000,0,0,,
main,base_wins_vs_expected,prob_iso,all,1,0.000000,0.100000,3756,320,0.031837,0.085197
main,base_wins_vs_expected,prob_iso,all,2,0.100000,0.200000,2074,352,0.151022,0.169720
main,base_wins_vs_expected,prob_iso,all,3,0.200000,0.300000,2686,548,0.248336,0.204021
main,base_wins_vs_expected,prob_iso,all,4,0.300000,0.400000,875,286,0.329867,0.326857
main,base_wins_vs_expected,prob_iso,all,5,0.400000,0.500000,227,83,0.447933,0.365639
main,base_wins_vs_expected,prob_iso,all,6,0.500000,0.600000,192,65,0.533261,0.338542
main,base_wins_vs_expected,prob_iso,all,7,0.600000,0.700000,67,20,0.632182,0.298507
main,base_wins_vs_expected,prob_iso,all,8,0.700000,0.800000,67,36,0.721167,0.537313
main,base_wins_vs_expected,prob_iso,all,9,0.800000,0.900000,1,0,0.817466,0.000000
main,base_wins_vs_expected,prob_iso,all,10,0.900000,1.000000,114,34,0.994041,0.298246
main,base_wins_vs_expected,prob_iso,end_of_season,1,0.000000,0.100000,253,11,0.024804,0.043478
main,base_wins_vs_expected,prob_iso,end_of_season,2,0.100000,0.200000,88,12,0.148973,0.136364
main,base_wins_vs_expected,prob_iso,end_of_season,3,0.200000,0.300000,143,26,0.250945,0.181818
main,base_wins_vs_expected,prob_iso,end_of_season,4,0.300000,0.400000,54,15,0.331678,0.277778
main,base_wins_vs_expected,prob_iso,end_of_season,5,0.400000,0.500000,21,7,0.444365,0.333333
main,base_wins_vs_expected,prob_iso,end_of_season,6,0.500000,0.600000,12,4,0.528289,0.333333
main,base_wins_vs_expected,prob_iso,end_of_season,7,0.600000,0.700000,2,1,0.633333,0.500000
main,base_wins_vs_expected,prob_iso,end_of_season,8,0.700000,0.800000,9,6,0.721429,0.666667
main,base_wins_vs_expected,prob_iso,end_of_season,9,0.800000,0.900000,0,0,,
main,base_wins_vs_expected,prob_iso,end_of_season,10,0.900000,1.000000,15,4,0.995563,0.266667
