season,positive_departures,fired_in_season,positives_week_12,positives_end_of_season,censored_coach_seasons,interim_coach_seasons
2002,5,0,5,5,0,0
2003,5,1,5,4,2,1
2004,1,0,1,1,2,2
2005,7,1,5,5,3,2
2006,4,0,4,4,3,0
2007,2,0,2,2,2,1
2008,9,3,6,6,2,3
2009,3,1,2,2,0,1
2010,8,4,6,3,0,4
2011,7,3,7,4,0,3
2012,8,0,8,8,0,2
2013,7,1,7,6,0,1
2014,6,1,5,5,1,1
2015,6,3,4,3,1,3
2016,5,3,5,2,1,3
2017,6,1,6,5,1,1
2018,8,2,7,6,0,2
2019,5,2,4,3,0,2
2020,7,3,4,4,0,3
2021,7,1,7,6,2,2
2022,5,3,3,2,0,3
2023,7,3,5,4,1,3
2024,7,3,5,4,0,3
2025,9,2,7,7,1,2
