spec,term,is_decision,coef,se,odds_ratio,or_lo_classical,or_hi_classical,or_lo_bootstrap,or_hi_bootstrap,odds_ratio_mle,term_mean,term_sd,n_rows,n_positive_rows,coach_seasons,positive_coach_seasons,n_seasons,dropped_null_rows,n_boot,boot_converged,fit_converged,perm_p,n_perm
primary,fourth_down_wp_lost_per_game,true,0.010806,0.147125,1.010865,0.757635,1.348733,0.716695,1.391814,1.010875,0.016039,0.007458,597,86,597,86,20,0,2000,2000,true,0.938062,1000
primary,wins_vs_expected,false,-1.180656,0.370428,0.307077,0.148573,0.634683,0.119935,0.756300,0.307027,0.126461,1.801297,597,86,597,86,20,0,2000,2000,true,,
primary,point_diff_per_game,false,-0.608582,0.317205,0.544122,0.292207,1.013215,0.214765,1.129494,0.544139,0.418600,6.203518,597,86,597,86,20,0,2000,2000,true,,
primary,pythag_minus_wins,false,-0.259268,0.300686,0.771617,0.428013,1.391062,0.383388,1.667204,0.771544,-0.114292,1.335702,597,86,597,86,20,0,2000,2000,true,,
primary,tenure_seasons,false,-0.065460,0.187055,0.936636,0.649157,1.351426,0.579976,1.383052,0.936615,4.500838,4.058558,597,86,597,86,20,0,2000,2000,true,,
primary,is_first_year_coach,false,-0.798169,0.216574,0.450152,0.294450,0.688189,0.274506,0.681770,0.450125,0.219430,0.414208,597,86,597,86,20,0,2000,2000,true,,
primary,is_second_year_coach,false,-0.528766,0.172064,0.589332,0.420629,0.825697,0.361764,0.878563,0.589311,0.192630,0.394695,597,86,597,86,20,0,2000,2000,true,,
primary,prev_playoff_round,false,-0.996767,0.281739,0.369071,0.212468,0.641101,0.127573,0.602781,0.369027,0.897822,1.346613,597,86,597,86,20,0,2000,2000,true,,
primary,consecutive_losing_seasons,false,0.093841,0.148527,1.098385,0.820972,1.469537,0.852931,1.487555,1.098367,0.323283,0.591617,597,86,597,86,20,0,2000,2000,true,,
primary,rookie_r1_qb_on_roster,false,0.178708,0.127956,1.195672,0.930457,1.536484,0.971101,1.422054,1.195697,0.083752,0.277248,597,86,597,86,20,0,2000,2000,true,,
primary,division_rank,false,0.149638,0.262019,1.161414,0.694954,1.940965,0.789691,1.820098,1.161389,2.343384,1.117739,597,86,597,86,20,0,2000,2000,true,,
raw,fourth_down_wp_lost_per_game,true,-0.082926,0.118712,0.920419,0.729353,1.161539,0.721988,1.151934,0.920418,0.016039,0.007458,597,86,597,86,20,0,2000,2000,true,,
performance_only,fourth_down_wp_lost_per_game,true,-0.001508,0.129909,0.998493,0.774045,1.288023,0.759959,1.276364,0.998496,0.016039,0.007458,597,86,597,86,20,0,2000,2000,true,,
performance_only,wins_vs_expected,false,-0.781882,0.279936,0.457544,0.264333,0.791982,0.247086,0.827808,0.457526,0.126461,1.801297,597,86,597,86,20,0,2000,2000,true,,
performance_only,point_diff_per_game,false,-0.798052,0.190621,0.450205,0.309851,0.654135,0.274525,0.661578,0.450203,0.418600,6.203518,597,86,597,86,20,0,2000,2000,true,,
performance_only,pythag_minus_wins,false,-0.028566,0.229335,0.971839,0.619989,1.523366,0.613131,1.618988,0.971811,-0.114292,1.335702,597,86,597,86,20,0,2000,2000,true,,
week_12,fourth_down_wp_lost_per_game,true,-0.064037,0.127078,0.937970,0.731173,1.203255,0.688056,1.213960,0.937971,0.016432,0.008485,616,104,616,104,20,0,2000,2000,true,,
week_12,wins_vs_expected,false,-0.911792,0.324830,0.401804,0.212578,0.759469,0.189147,0.804225,0.401770,0.045791,1.525033,616,104,616,104,20,0,2000,2000,true,,
week_12,point_diff_per_game,false,-0.532181,0.274150,0.587322,0.343178,1.005155,0.299367,1.093678,0.587330,0.225482,6.568065,616,104,616,104,20,0,2000,2000,true,,
week_12,pythag_minus_wins,false,-0.050306,0.270889,0.950939,0.559205,1.617088,0.557662,1.571913,0.950899,-0.065345,1.114836,616,104,616,104,20,0,2000,2000,true,,
week_12,tenure_seasons,false,-0.159036,0.176453,0.852965,0.603579,1.205393,0.523232,1.264247,0.852941,4.500000,4.038433,616,104,616,104,20,0,2000,2000,true,,
week_12,is_first_year_coach,false,-0.766628,0.193177,0.464577,0.318145,0.678406,0.308117,0.674250,0.464555,0.217532,0.412903,616,104,616,104,20,0,2000,2000,true,,
week_12,is_second_year_coach,false,-0.451196,0.152998,0.636866,0.471863,0.859568,0.453348,0.868358,0.636850,0.191558,0.393847,616,104,616,104,20,0,2000,2000,true,,
week_12,prev_playoff_round,false,-0.974959,0.249378,0.377208,0.231372,0.614966,0.180619,0.558056,0.377177,0.878247,1.333660,616,104,616,104,20,0,2000,2000,true,,
week_12,consecutive_losing_seasons,false,0.088290,0.129952,1.092305,0.846697,1.409157,0.853020,1.475146,1.092288,0.334416,0.620923,616,104,616,104,20,0,2000,2000,true,,
week_12,rookie_r1_qb_on_roster,false,0.185806,0.113744,1.204189,0.963553,1.504921,1.027610,1.398700,1.204203,0.089286,0.285387,616,104,616,104,20,0,2000,2000,true,,
week_12,division_rank,false,-0.051973,0.214698,0.949354,0.623271,1.446038,0.646198,1.411918,0.949332,2.339286,1.107322,616,104,616,104,20,0,2000,2000,true,,
hazard,fourth_down_wp_lost_per_game,true,0.101033,0.132360,1.106313,0.853519,1.433979,0.875789,1.357515,1.106319,0.016364,0.010598,10059,126,639,126,20,0,2000,2000,true,,
hazard,wins_vs_expected,false,-1.116498,0.219748,0.327424,0.212844,0.503687,0.194296,0.479086,0.327403,0.048645,1.351555,10059,126,639,126,20,0,2000,2000,true,,
hazard,point_diff_per_game,false,-0.357713,0.222846,0.699274,0.451815,1.082265,0.459216,1.108180,0.699288,0.215279,7.346982,10059,126,639,126,20,0,2000,2000,true,,
hazard,pythag_minus_wins,false,-0.321205,0.175530,0.725275,0.514152,1.023089,0.515500,0.966306,0.725246,-0.048477,0.991957,10059,126,639,126,20,0,2000,2000,true,,
hazard,tenure_seasons,false,-0.153222,0.141774,0.857940,0.649798,1.132753,0.634018,1.148775,0.857926,4.492892,4.034676,10059,126,639,126,20,0,2000,2000,true,,
hazard,is_first_year_coach,false,-0.740326,0.168006,0.476959,0.343142,0.662960,0.379798,0.575379,0.476943,0.216423,0.411826,10059,126,639,126,20,0,2000,2000,true,,
hazard,is_second_year_coach,false,-0.447609,0.128183,0.639155,0.497160,0.821705,0.479638,0.797370,0.639144,0.191271,0.393322,10059,126,639,126,20,0,2000,2000,true,,
hazard,prev_playoff_round,false,-0.816528,0.210984,0.441963,0.292278,0.668307,0.250193,0.638554,0.441939,0.877324,1.332353,10059,126,639,126,20,0,2000,2000,true,,
hazard,consecutive_losing_seasons,false,0.224601,0.099652,1.251823,1.029720,1.521831,1.011354,1.573568,1.251814,0.341585,0.628285,10059,126,639,126,20,0,2000,2000,true,,
hazard,rookie_r1_qb_on_roster,false,0.284829,0.086707,1.329535,1.121746,1.575814,1.132979,1.554757,1.329548,0.089870,0.286009,10059,126,639,126,20,0,2000,2000,true,,
hazard,division_rank,false,0.226951,0.190305,1.254768,0.864122,1.822013,0.937136,1.782473,1.254760,2.290784,1.110985,10059,126,639,126,20,0,2000,2000,true,,
hazard,games_remaining,false,-0.003685,0.185584,0.996322,0.692516,1.433407,0.643595,1.506401,0.996347,7.349438,4.331794,10059,126,639,126,20,0,2000,2000,true,,
hazard,final_interval,false,0.965711,0.089514,2.626656,2.203987,3.130382,2.199662,3.357707,2.626695,0.059350,0.236290,10059,126,639,126,20,0,2000,2000,true,,
censored_dropped,fourth_down_wp_lost_per_game,true,0.005889,0.147326,1.005906,0.753622,1.342645,0.716225,1.378519,1.005916,0.015957,0.007421,584,86,584,86,20,0,2000,2000,true,,
censored_dropped,wins_vs_expected,false,-1.191030,0.375525,0.303908,0.145578,0.634438,0.110271,0.744340,0.303856,0.129444,1.808110,584,86,584,86,20,0,2000,2000,true,,
censored_dropped,point_diff_per_game,false,-0.589417,0.324353,0.554651,0.293717,1.047393,0.216355,1.264927,0.554674,0.417437,6.253871,584,86,584,86,20,0,2000,2000,true,,
censored_dropped,pythag_minus_wins,false,-0.262291,0.303888,0.769287,0.424051,1.395592,0.372468,1.663662,0.769209,-0.117258,1.338472,584,86,584,86,20,0,2000,2000,true,,
censored_dropped,tenure_seasons,false,-0.033423,0.187034,0.967129,0.670318,1.395367,0.589031,1.477850,0.967107,4.433219,4.008866,584,86,584,86,20,0,2000,2000,true,,
censored_dropped,is_first_year_coach,false,-0.796641,0.218566,0.450841,0.293751,0.691938,0.269186,0.690322,0.450813,0.224315,0.417488,584,86,584,86,20,0,2000,2000,true,,
censored_dropped,is_second_year_coach,false,-0.519705,0.172133,0.594696,0.424400,0.833327,0.366644,0.902606,0.594676,0.191781,0.394039,584,86,584,86,20,0,2000,2000,true,,
censored_dropped,prev_playoff_round,false,-0.992733,0.282013,0.370563,0.213212,0.644038,0.124000,0.606868,0.370517,0.886986,1.334681,584,86,584,86,20,0,2000,2000,true,,
censored_dropped,consecutive_losing_seasons,false,0.103119,0.150048,1.108623,0.826158,1.487664,0.867577,1.483846,1.108605,0.321918,0.590780,584,86,584,86,20,0,2000,2000,true,,
censored_dropped,rookie_r1_qb_on_roster,false,0.170646,0.128067,1.186071,0.922784,1.524478,0.968875,1.410647,1.186096,0.083904,0.277482,584,86,584,86,20,0,2000,2000,true,,
censored_dropped,division_rank,false,0.160336,0.263875,1.173905,0.699878,1.968991,0.800489,1.835806,1.173885,2.339041,1.124245,584,86,584,86,20,0,2000,2000,true,,
rup_positive,fourth_down_wp_lost_per_game,true,0.010806,0.147125,1.010865,0.757635,1.348733,0.716695,1.391814,1.010875,0.016039,0.007458,597,86,597,86,20,0,2000,2000,true,,
rup_positive,wins_vs_expected,false,-1.180656,0.370428,0.307077,0.148573,0.634683,0.119935,0.756300,0.307027,0.126461,1.801297,597,86,597,86,20,0,2000,2000,true,,
rup_positive,point_diff_per_game,false,-0.608582,0.317205,0.544122,0.292207,1.013215,0.214765,1.129494,0.544139,0.418600,6.203518,597,86,597,86,20,0,2000,2000,true,,
rup_positive,pythag_minus_wins,false,-0.259268,0.300686,0.771617,0.428013,1.391062,0.383388,1.667204,0.771544,-0.114292,1.335702,597,86,597,86,20,0,2000,2000,true,,
rup_positive,tenure_seasons,false,-0.065460,0.187055,0.936636,0.649157,1.351426,0.579976,1.383052,0.936615,4.500838,4.058558,597,86,597,86,20,0,2000,2000,true,,
rup_positive,is_first_year_coach,false,-0.798169,0.216574,0.450152,0.294450,0.688189,0.274506,0.681770,0.450125,0.219430,0.414208,597,86,597,86,20,0,2000,2000,true,,
rup_positive,is_second_year_coach,false,-0.528766,0.172064,0.589332,0.420629,0.825697,0.361764,0.878563,0.589311,0.192630,0.394695,597,86,597,86,20,0,2000,2000,true,,
rup_positive,prev_playoff_round,false,-0.996767,0.281739,0.369071,0.212468,0.641101,0.127573,0.602781,0.369027,0.897822,1.346613,597,86,597,86,20,0,2000,2000,true,,
rup_positive,consecutive_losing_seasons,false,0.093841,0.148527,1.098385,0.820972,1.469537,0.852931,1.487555,1.098367,0.323283,0.591617,597,86,597,86,20,0,2000,2000,true,,
rup_positive,rookie_r1_qb_on_roster,false,0.178708,0.127956,1.195672,0.930457,1.536484,0.971101,1.422054,1.195697,0.083752,0.277248,597,86,597,86,20,0,2000,2000,true,,
rup_positive,division_rank,false,0.149638,0.262019,1.161414,0.694954,1.940965,0.789691,1.820098,1.161389,2.343384,1.117739,597,86,597,86,20,0,2000,2000,true,,
no_first_year,fourth_down_wp_lost_per_game,true,0.032338,0.165108,1.032866,0.747316,1.427526,0.721773,1.507614,1.032875,0.016054,0.007494,466,72,466,72,20,0,2000,2000,true,,
no_first_year,wins_vs_expected,false,-1.113509,0.418280,0.328405,0.144667,0.745503,0.134799,0.907799,0.328338,0.136529,1.764818,466,72,466,72,20,0,2000,2000,true,,
no_first_year,point_diff_per_game,false,-0.536374,0.353603,0.584865,0.292462,1.169615,0.202928,1.172466,0.584904,1.196581,6.027123,466,72,466,72,20,0,2000,2000,true,,
no_first_year,pythag_minus_wins,false,-0.171841,0.335825,0.842113,0.436029,1.626392,0.378784,2.418430,0.842013,-0.131963,1.315679,466,72,466,72,20,0,2000,2000,true,,
no_first_year,tenure_seasons,false,-0.070000,0.186101,0.932394,0.647425,1.342793,0.587204,1.368467,0.932384,5.484979,4.085220,466,72,466,72,20,0,2000,2000,true,,
no_first_year,is_second_year_coach,false,-0.590181,0.191608,0.554227,0.380707,0.806835,0.309841,0.828910,0.554212,0.246781,0.431602,466,72,466,72,20,0,2000,2000,true,,
no_first_year,prev_playoff_round,false,-1.066268,0.303642,0.344291,0.189874,0.624290,0.104395,0.563036,0.344245,1.124464,1.431430,466,72,466,72,20,0,2000,2000,true,,
no_first_year,consecutive_losing_seasons,false,0.083589,0.163360,1.087182,0.789314,1.497458,0.826454,1.497934,1.087176,0.414163,0.641012,466,72,466,72,20,0,2000,2000,true,,
no_first_year,rookie_r1_qb_on_roster,false,0.217954,0.131887,1.243530,0.960271,1.610344,1.002640,1.550922,1.243555,0.060086,0.237901,466,72,466,72,20,0,2000,2000,true,,
no_first_year,division_rank,false,0.185842,0.283821,1.204232,0.690433,2.100386,0.823032,1.844943,1.204211,2.251073,1.100952,466,72,466,72,20,0,2000,2000,true,,
all_graded,fourth_down_wp_lost_all_per_game,true,0.010627,0.146089,1.010684,0.759039,1.345758,0.710903,1.416082,1.010693,0.026381,0.008855,597,86,597,86,20,0,2000,2000,true,,
all_graded,wins_vs_expected,false,-1.181050,0.370691,0.306956,0.148437,0.634760,0.120601,0.746769,0.306906,0.126461,1.801297,597,86,597,86,20,0,2000,2000,true,,
all_graded,point_diff_per_game,false,-0.606334,0.313025,0.545346,0.295274,1.007209,0.224584,1.071969,0.545365,0.418600,6.203518,597,86,597,86,20,0,2000,2000,true,,
all_graded,pythag_minus_wins,false,-0.259158,0.300801,0.771701,0.427963,1.391526,0.382252,1.698508,0.771628,-0.114292,1.335702,597,86,597,86,20,0,2000,2000,true,,
all_graded,tenure_seasons,false,-0.065500,0.187134,0.936599,0.649030,1.351582,0.577145,1.380718,0.936577,4.500838,4.058558,597,86,597,86,20,0,2000,2000,true,,
all_graded,is_first_year_coach,false,-0.797941,0.216369,0.450255,0.294635,0.688070,0.271384,0.675882,0.450228,0.219430,0.414208,597,86,597,86,20,0,2000,2000,true,,
all_graded,is_second_year_coach,false,-0.529018,0.172467,0.589183,0.420191,0.826142,0.356056,0.887975,0.589163,0.192630,0.394695,597,86,597,86,20,0,2000,2000,true,,
all_graded,prev_playoff_round,false,-0.996831,0.281771,0.369047,0.212441,0.641099,0.121977,0.599897,0.369003,0.897822,1.346613,597,86,597,86,20,0,2000,2000,true,,
all_graded,consecutive_losing_seasons,false,0.094000,0.148517,1.098559,0.821118,1.469743,0.851806,1.475709,1.098542,0.323283,0.591617,597,86,597,86,20,0,2000,2000,true,,
all_graded,rookie_r1_qb_on_roster,false,0.178756,0.127982,1.195729,0.930453,1.536637,0.973568,1.427812,1.195754,0.083752,0.277248,597,86,597,86,20,0,2000,2000,true,,
all_graded,division_rank,false,0.149926,0.261319,1.161748,0.696109,1.938864,0.780399,1.801183,1.161725,2.343384,1.117739,597,86,597,86,20,0,2000,2000,true,,
with_clock,fourth_down_wp_lost_per_game,true,0.008000,0.147540,1.008032,0.754898,1.346049,0.715597,1.394956,1.008042,0.016039,0.007458,597,86,597,86,20,0,2000,2000,true,,
with_clock,wins_vs_expected,false,-1.186497,0.370060,0.305289,0.147814,0.630531,0.116281,0.738466,0.305239,0.126461,1.801297,597,86,597,86,20,0,2000,2000,true,,
with_clock,point_diff_per_game,false,-0.596350,0.317813,0.550819,0.295451,1.026908,0.220678,1.142093,0.550838,0.418600,6.203518,597,86,597,86,20,0,2000,2000,true,,
with_clock,pythag_minus_wins,false,-0.256182,0.300471,0.774001,0.429517,1.394771,0.382172,1.665997,0.773928,-0.114292,1.335702,597,86,597,86,20,0,2000,2000,true,,
with_clock,tenure_seasons,false,-0.071627,0.187516,0.930878,0.644584,1.344332,0.573978,1.390075,0.930857,4.500838,4.058558,597,86,597,86,20,0,2000,2000,true,,
with_clock,is_first_year_coach,false,-0.801353,0.216741,0.448721,0.293418,0.686226,0.272385,0.678081,0.448694,0.219430,0.414208,597,86,597,86,20,0,2000,2000,true,,
with_clock,is_second_year_coach,false,-0.529886,0.172153,0.588672,0.420084,0.824917,0.364557,0.883384,0.588651,0.192630,0.394695,597,86,597,86,20,0,2000,2000,true,,
with_clock,prev_playoff_round,false,-0.998871,0.282454,0.368295,0.211724,0.640651,0.126402,0.602444,0.368251,0.897822,1.346613,597,86,597,86,20,0,2000,2000,true,,
with_clock,consecutive_losing_seasons,false,0.091241,0.148586,1.095533,0.818745,1.465892,0.843642,1.496239,1.095515,0.323283,0.591617,597,86,597,86,20,0,2000,2000,true,,
with_clock,rookie_r1_qb_on_roster,false,0.174614,0.128129,1.190786,0.926339,1.530727,0.970493,1.421465,1.190811,0.083752,0.277248,597,86,597,86,20,0,2000,2000,true,,
with_clock,division_rank,false,0.162778,0.262980,1.176776,0.702821,1.970346,0.795974,1.848703,1.176754,2.343384,1.117739,597,86,597,86,20,0,2000,2000,true,,
with_clock,clock_cases_per_game,false,-0.077239,0.139832,0.925669,0.703770,1.217533,0.643688,1.144229,0.925665,0.006195,0.023443,597,86,597,86,20,0,2000,2000,true,,
