candidate_id,origin,team,last_season,change_kind,coach_name,last_game_id,last_game_date,successor_name,successor_first_game_date,interim_suspected,data_gap_suspected,departure_type,announced_date,source_url,prefill,prefill_note,verified_by_owner,notes
2002_CIN_w17_dick_lebeau,schedule,CIN,2002,offseason,Dick LeBeau,2002_17_CIN_BUF,2002-12-29,Marvin Lewis,2003-09-07,false,false,fired_after_season,,https://en.wikipedia.org/wiki/2003_NFL_season#Head_coach/front_office_changes,suggested,"season page: ""fired following the 2002 season"" | BLANK date: not on the season page (nor found on the coach page)",y,
2002_DAL_w17_dave_campo,schedule,DAL,2002,offseason,Dave Campo,2002_17_DAL_WAS,2002-12-29,Bill Parcells,2003-09-07,false,false,fired_after_season,,https://en.wikipedia.org/wiki/2003_NFL_season#Head_coach/front_office_changes,suggested,"season page: ""fired following the 2002 season"" | BLANK date: not on the season page (nor found on the coach page)",y,
2002_DET_w17_marty_mornhinweg,schedule,DET,2002,offseason,Marty Mornhinweg,2002_17_MIN_DET,2002-12-29,Steve Mariucci,2003-09-07,false,false,fired_after_season,,https://en.wikipedia.org/wiki/2003_NFL_season#Head_coach/front_office_changes,suggested,"season page: ""fired following the 2002 season"" | BLANK date: not on the season page (nor found on the coach page)",y,
2002_JAX_w17_tom_coughlin,schedule,JAX,2002,offseason,Tom Coughlin,2002_17_JAX_IND,2002-12-29,Jack Del Rio,2003-09-07,false,false,fired_after_season,,https://en.wikipedia.org/wiki/2003_NFL_season#Head_coach/front_office_changes,suggested,"season page: ""fired following the 2002 season"" | BLANK date: not on the season page (nor found on the coach page)",y,
2002_SF_w19_steve_mariucci,schedule,SF,2002,offseason,Steve Mariucci,2002_19_SF_TB,2003-01-12,Dennis Erickson,2003-09-07,false,false,fired_after_season,2003-01-15,https://en.wikipedia.org/wiki/Steve_Mariucci,suggested,"coach page: ""On January 15, 2003, the 49ers fired Mariucci"" | type also on https://en.wikipedia.org/wiki/2003_NFL_season#Head_coach/front_office_changes: season page: ""fired following the 2002 season""",y,
2003_ARI_w17_dave_mcginnis,schedule,ARI,2003,offseason,Dave McGinnis,2003_17_MIN_ARI,2003-12-28,Dennis Green,2004-09-12,false,false,fired_after_season,,https://en.wikipedia.org/wiki/2004_NFL_season#Head_coach/front_office_changes,suggested,"season page: reason ""Fired""; no date for the firing (reason cell spans ARI..OAK) | BLANK date: not on the season page (nor found on the coach page)",y,
2003_ATL_w14_dan_reeves,schedule,ATL,2003,in_season,Dan Reeves,2003_14_CAR_ATL,2003-12-07,Wade Phillips,2003-12-14,false,false,fired_in_season,,https://en.wikipedia.org/wiki/2004_NFL_season#Head_coach/front_office_changes,suggested,"season page: ""Reeves was fired after winning just three of the first thirteen games""; no date | BLANK date: not on the season page (nor found on the coach page)",y,
2003_ATL_w17_wade_phillips,schedule,ATL,2003,offseason,Wade Phillips,2003_17_JAX_ATL,2003-12-28,Jim Mora,2004-09-12,true,false,interim_not_retained,,https://en.wikipedia.org/wiki/2004_NFL_season#Head_coach/front_office_changes,suggested,"season page: Phillips ""serving as interim coach for the last three games""; Jim Mora hired | BLANK date: not on the season page",y,
2003_BUF_w17_gregg_williams,schedule,BUF,2003,offseason,Gregg Williams,2003_17_BUF_NE,2003-12-27,Mike Mularkey,2004-09-12,false,false,fired_after_season,,https://en.wikipedia.org/wiki/2004_NFL_season#Head_coach/front_office_changes,suggested,"season page: ""Williams' contract was allowed to expire after the 2003 season"" (non-renewal) (reason cell spans ARI..OAK) | BLANK date: not on the season page (nor found on the coach page)",y,
2003_CHI_w17_dick_jauron,schedule,CHI,2003,offseason,Dick Jauron,2003_17_CHI_KC,2003-12-28,Lovie Smith,2004-09-12,false,false,fired_after_season,,https://en.wikipedia.org/wiki/2004_NFL_season#Head_coach/front_office_changes,suggested,"season page: reason ""Fired"" (one cell spanning ARI..OAK rows); no date | BLANK date: not on the season page (nor found on the coach page)",y,
2003_LV_w17_bill_callahan,schedule,LV,2003,offseason,Bill Callahan,2003_17_OAK_SD,2003-12-28,Norv Turner,2004-09-12,false,false,fired_after_season,2004-01-01,https://en.wikipedia.org/wiki/2004_NFL_season#Head_coach/front_office_changes,suggested,"season page: ""Callahan was fired by Raiders owner Al Davis on January 1, 2004""",y,
2003_NYG_w17_jim_fassel,schedule,NYG,2003,offseason,Jim Fassel,2003_17_CAR_NYG,2003-12-28,Tom Coughlin,2004-09-12,false,false,resigned_under_pressure,2003-12-17,https://en.wikipedia.org/wiki/2004_NFL_season#Head_coach/front_office_changes,suggested,"season page: ""On December 17, 2003 ... knowing that the team was near certain to let him go ... Fassel announced he would resign after the season"" (the reason column, one cell spanning ARI..OAK, says ""Fired"")",y,
2003_WAS_w17_steve_spurrier,schedule,WAS,2003,offseason,Steve Spurrier,2003_17_PHI_WAS,2003-12-27,Joe Gibbs,2004-09-12,false,false,resigned,2003-12-30,https://en.wikipedia.org/wiki/2004_NFL_season#Head_coach/front_office_changes,suggested,"season page: ""Spurrier resigned on December 30, 2003""",y,
2004_CLE_w12_butch_davis,schedule,CLE,2004,in_season,Butch Davis,2004_12_CLE_CIN,2004-11-28,Terry Robiskie,2004-12-05,false,false,resigned,2004-11-30,https://en.wikipedia.org/wiki/2005_NFL_season#Head_coach/front_office_changes,suggested,"season page: reason ""Resigned""; ""Butch Davis resigned on November 30th, 2004, after a 3-8 start"" (front-office table says ""Fired"" for his GM role: owner may prefer resigned_under_pressure)",y,
2004_CLE_w17_terry_robiskie,schedule,CLE,2004,offseason,Terry Robiskie,2004_17_CLE_HOU,2005-01-02,Romeo Crennel,2005-09-11,true,false,interim_not_retained,,https://en.wikipedia.org/wiki/2005_NFL_season#Head_coach/front_office_changes,suggested,"season page: Robiskie ""led the team to a 1-4 record during his interim stint""; Crennel hired; no date | BLANK date: not on the season page",y,
2004_MIA_w09_dave_wannstedt,schedule,MIA,2004,in_season,Dave Wannstedt,2004_09_ARI_MIA,2004-11-07,Jim Bates,2004-11-21,false,false,resigned,,https://en.wikipedia.org/wiki/2005_NFL_season#Head_coach/front_office_changes,suggested,"season page: ""Wannstedt resigned as head coach midway through the 2004 season, with the Dolphins' record standing at 1-8""; no date | BLANK date: not on the season page (nor found on the coach page)",y,
2004_MIA_w17_jim_bates,schedule,MIA,2004,offseason,Jim Bates,2004_17_MIA_BAL,2005-01-02,Nick Saban,2005-09-11,true,false,interim_not_retained,,https://en.wikipedia.org/wiki/2005_NFL_season#Head_coach/front_office_changes,suggested,"season page: Bates interim (""took the underachieving Dolphins and went 3-4""); Saban accepted the job Dec 25 2004 (not Bates's departure date) | BLANK date: not on the season page",y,
2004_SF_w17_dennis_erickson,schedule,SF,2004,offseason,Dennis Erickson,2004_17_SF_NE,2005-01-02,Mike Nolan,2005-09-11,false,false,fired_after_season,,https://en.wikipedia.org/wiki/2005_NFL_season#Head_coach/front_office_changes,suggested,"season page: reason ""Fired""; ""Erickson was fired with three years remaining on his contract""; no date | BLANK date: not on the season page (nor found on the coach page)",y,
2005_BUF_w17_mike_mularkey,schedule,BUF,2005,offseason,Mike Mularkey,2005_17_BUF_NYJ,2006-01-01,Dick Jauron,2006-09-10,false,false,resigned,2006-01-12,https://en.wikipedia.org/wiki/2006_NFL_season#Head_coach/front_office_changes,suggested,"season page: ""On January 12, 2006, Mularkey resigned as head coach of the Bills, citing a disagreement in the direction of the organization""",y,
2005_DET_w12_steve_mariucci,schedule,DET,2005,in_season,Steve Mariucci,2005_12_ATL_DET,2005-11-24,Dick Jauron,2005-12-04,false,false,fired_in_season,2005-11-28,https://en.wikipedia.org/wiki/Steve_Mariucci,suggested,"coach page: Mariucci ""was fired on November 28, 2005"" | type also on https://en.wikipedia.org/wiki/2006_NFL_season#Head_coach/front_office_changes: season page: reason ""Fired""; ""Mariucci was fired after a 27-7 blowout loss on national television on Thanksgiving Day""; no date",y,
2005_DET_w17_dick_jauron,schedule,DET,2005,offseason,Dick Jauron,2005_17_DET_PIT,2006-01-01,Rod Marinelli,2006-09-10,true,false,interim_not_retained,,https://en.wikipedia.org/wiki/2006_NFL_season#Head_coach/front_office_changes,suggested,season page: Jauron listed as interim coach; Marinelli hired; no date | BLANK date: not on the season page,y,
2005_GB_w17_mike_sherman,schedule,GB,2005,offseason,Mike Sherman,2005_17_SEA_GB,2006-01-01,Mike McCarthy,2006-09-10,false,false,fired_after_season,2006-01-02,https://en.wikipedia.org/wiki/2006_NFL_season#Head_coach/front_office_changes,suggested,"season page: ""Sherman was fired by the Packers on January 2, 2006""",y,
2005_HOU_w17_dom_capers,schedule,HOU,2005,offseason,Dom Capers,2005_17_HOU_SF,2006-01-01,Gary Kubiak,2006-09-10,false,false,fired_after_season,,https://en.wikipedia.org/wiki/2006_NFL_season#Head_coach/front_office_changes,suggested,"season page: reason ""Fired"" (one cell spanning the DET, GB and HOU rows); no date | BLANK date: not on the season page (nor found on the coach page)",y,
2005_KC_w17_dick_vermeil,schedule,KC,2005,offseason,Dick Vermeil,2005_17_CIN_KC,2006-01-01,Herm Edwards,2006-09-10,false,false,retired,2005-12-31,https://en.wikipedia.org/wiki/Dick_Vermeil,suggested,"coach page: ""On December 31, Vermeil announced that he would retire at the conclusion of the 2005 season"" (year from context: the next day was the finale) | type also on https://en.wikipedia.org/wiki/2006_NFL_season#Head_coach/front_office_changes: season page: reason ""Retired""; no date",y,
2005_LA_w05_mike_martz,schedule,LA,2005,in_season,Mike Martz,2005_05_SEA_STL,2005-10-09,Joe Vitt,2005-10-17,false,false,fired_after_season,2006-01-02,https://en.wikipedia.org/wiki/2006_NFL_season#Head_coach/front_office_changes,suggested,"season page: leave of absence Oct 10 2005 (heart infection), Vitt interim; ""Martz was fired the day after the season's conclusion"" (last game New Year's Day 2006, so 2006-01-02 is derived: confirm)",y,
2005_LA_w17_joe_vitt,schedule,LA,2005,offseason,Joe Vitt,2005_17_STL_DAL,2006-01-01,Scott Linehan,2006-09-10,true,false,interim_not_retained,,https://en.wikipedia.org/wiki/2006_NFL_season#Head_coach/front_office_changes,suggested,"season page: Vitt ""becoming the interim coach for the rest of the season""; Linehan hired; no date | BLANK date: not on the season page",y,
2005_LV_w17_norv_turner,schedule,LV,2005,offseason,Norv Turner,2005_17_NYG_OAK,2005-12-31,Art Shell,2006-09-11,false,false,fired_after_season,2006-01-03,https://en.wikipedia.org/wiki/Norv_Turner,suggested,"coach page: Turner ""was fired on January 3, 2006"" | type also on https://en.wikipedia.org/wiki/2006_NFL_season#Head_coach/front_office_changes: season page: reason ""Fired""; no date",y,
2005_MIN_w17_mike_tice,schedule,MIN,2005,offseason,Mike Tice,2005_17_CHI_MIN,2006-01-01,Brad Childress,2006-09-11,false,false,fired_after_season,,https://en.wikipedia.org/wiki/2006_NFL_season#Head_coach/front_office_changes,suggested,"season page: reason ""Fired""; ""Tice's contract was allowed to expire after the last game of the 2005 season on January 1, 2006"" (the date is the last game, not clearly the announcement) | BLANK date: not on the season page (nor found on the coach page)",y,
2005_NO_w17_jim_haslett,schedule,NO,2005,offseason,Jim Haslett,2005_17_NO_TB,2006-01-01,Sean Payton,2006-09-10,false,false,fired_after_season,,https://en.wikipedia.org/wiki/2006_NFL_season#Head_coach/front_office_changes,suggested,"season page: reason ""Fired"" (one cell spanning the MIN and NO rows); no date | BLANK date: not on the season page (nor found on the coach page)",y,
2005_NYJ_w17_herm_edwards,schedule,NYJ,2005,offseason,Herm Edwards,2005_17_BUF_NYJ,2006-01-01,Eric Mangini,2006-09-10,false,false,left_for_other_job,,https://en.wikipedia.org/wiki/2006_NFL_season#Head_coach/front_office_changes,suggested,"season page: reason ""Traded"" (Edwards acquired by Kansas City for a fourth-round pick); no date | BLANK date: not on the season page (nor found on the coach page)",y,
2006_ARI_w17_dennis_green,schedule,ARI,2006,offseason,Dennis Green,2006_17_ARI_SD,2006-12-31,Ken Whisenhunt,2007-09-10,false,false,fired_after_season,,https://en.wikipedia.org/wiki/2007_NFL_season#Head_coach/front_office_changes,suggested,"season page: reason ""Fired""; no date | BLANK date: not on the season page (coach page not read: its title did not resolve)",y,
2006_ATL_w17_jim_mora,schedule,ATL,2006,offseason,Jim Mora,2006_17_ATL_PHI,2006-12-31,Bobby Petrino,2007-09-09,false,false,fired_after_season,,https://en.wikipedia.org/wiki/2007_NFL_season#Head_coach/front_office_changes,suggested,"season page: reason ""Fired""; no date | BLANK date: not on the season page (nor found on the coach page)",y,
2006_DAL_w18_bill_parcells,schedule,DAL,2006,offseason,Bill Parcells,2006_18_DAL_SEA,2007-01-06,Wade Phillips,2007-09-09,false,false,retired,2007-01-22,https://en.wikipedia.org/wiki/Bill_Parcells,suggested,"coach page: ""On January 22, 2007, he announced his retirement as head coach of the Cowboys"" | type also on https://en.wikipedia.org/wiki/2007_NFL_season#Head_coach/front_office_changes: season page: reason ""Retired""; no date",y,
2006_LAC_w19_marty_schottenheimer,schedule,LAC,2006,offseason,Marty Schottenheimer,2006_19_NE_SD,2007-01-14,Norv Turner,2007-09-09,false,false,fired_after_season,2007-02-12,https://en.wikipedia.org/wiki/Marty_Schottenheimer,suggested,"coach page: ""Schottenheimer was abruptly fired by San Diego on February 12, 2007"" | type also on https://en.wikipedia.org/wiki/2007_NFL_season#Head_coach/front_office_changes: season page: reason ""Fired"" (""a strained relationship with general manager A.J. Smith led to his ousting""); no date",y,
2006_LV_w17_art_shell,schedule,LV,2006,offseason,Art Shell,2006_17_OAK_NYJ,2006-12-31,Lane Kiffin,2007-09-09,false,false,fired_after_season,2007-01-04,https://en.wikipedia.org/wiki/Art_Shell,suggested,"coach page: ""Shell was fired for the second time as head coach of the Raiders on January 4, 2007"" | type also on https://en.wikipedia.org/wiki/2007_NFL_season#Head_coach/front_office_changes: season page: reason ""Fired""; no date",y,
2006_MIA_w17_nick_saban,schedule,MIA,2006,offseason,Nick Saban,2006_17_MIA_IND,2006-12-31,Cam Cameron,2007-09-09,false,false,left_for_other_job,,https://en.wikipedia.org/wiki/2007_NFL_season#Head_coach/front_office_changes,suggested,"season page: reason ""Resigned to coach the University of Alabama""; no date | BLANK date: not on the season page (nor found on the coach page)",y,
2006_PIT_w17_bill_cowher,schedule,PIT,2006,offseason,Bill Cowher,2006_17_PIT_CIN,2006-12-31,Mike Tomlin,2007-09-09,false,false,resigned,2007-01-05,https://en.wikipedia.org/wiki/Bill_Cowher,suggested,"coach page: ""On January 5, 2007, Cowher resigned after 15 years of being the Steelers head coach, citing a desire to spend more time with family"" | type also on https://en.wikipedia.org/wiki/2007_NFL_season#Head_coach/front_office_changes: season page: reason ""Resigned"" (""resigning and eventually retiring to become an analyst""); owner may prefer retired; no date",y,
2007_ATL_w14_bobby_petrino,schedule,ATL,2007,in_season,Bobby Petrino,2007_14_NO_ATL,2007-12-10,Emmitt Thomas,2007-12-16,false,false,left_for_other_job,2007-12-10,https://en.wikipedia.org/wiki/Bobby_Petrino,suggested,"coach page: ""On December 10, 2007, with the Falcons ... 3-10 ... Petrino resigned to become head coach at"" Arkansas | type also on https://en.wikipedia.org/wiki/2007_NFL_season#Head_coach/front_office_changes: season page (in-season): reason ""Resigned""; ""Petrino resigned after going 3-10 to take job at University of Arkansas""; no date | H1b: schedule fields re-derived after the coach corrections (was candidate_id 2007_ATL_w13_bobby_petrino, last_game_id 2007_13_ATL_STL, last_game_date 2007-12-02, successor_first_game_date 2007-12-10)",y,
2007_ATL_w17_emmitt_thomas,schedule,ATL,2007,offseason,Emmitt Thomas,2007_17_SEA_ATL,2007-12-30,Mike Smith,2008-09-07,true,false,interim_not_retained,,https://en.wikipedia.org/wiki/2008_NFL_season#Head_coach/front_office_changes,suggested,"season page: ""Emmitt Thomas, interim for 3 games""; stayed as special assistant; Mike Smith hired; no date | BLANK date: not on the season page",y,
2007_BAL_w17_brian_billick,schedule,BAL,2007,offseason,Brian Billick,2007_17_PIT_BAL,2007-12-30,John Harbaugh,2008-09-07,false,false,fired_after_season,2007-12-31,https://en.wikipedia.org/wiki/Brian_Billick,suggested,"coach page: ""Billick was fired on December 31, 2007, one day after the conclusion of a 5-11 season"" | type also on https://en.wikipedia.org/wiki/2008_NFL_season#Head_coach/front_office_changes: season page: reason ""Fired""; no date",y,
2007_MIA_w17_cam_cameron,schedule,MIA,2007,offseason,Cam Cameron,2007_17_CIN_MIA,2007-12-30,Tony Sparano,2008-09-07,false,false,fired_after_season,2008-01-03,https://en.wikipedia.org/wiki/Cam_Cameron,suggested,"coach page: ""On January 3, 2008, newly hired general manager Jeff Ireland announced Cameron had been fired"" | type also on https://en.wikipedia.org/wiki/2008_NFL_season#Head_coach/front_office_changes: season page: reason ""Fired""; no date",y,
2007_WAS_w18_joe_gibbs,schedule,WAS,2007,offseason,Joe Gibbs,2007_18_WAS_SEA,2008-01-05,Jim Zorn,2008-09-04,false,false,retired,,https://en.wikipedia.org/wiki/2008_NFL_season#Head_coach/front_office_changes,suggested,"season page: reason ""Retired""; no date | BLANK date: not on the season page (nor found on the coach page)",y,
2008_CLE_w17_romeo_crennel,schedule,CLE,2008,offseason,Romeo Crennel,2008_17_CLE_PIT,2008-12-28,Eric Mangini,2009-09-13,false,false,fired_after_season,2008-12-29,https://en.wikipedia.org/wiki/Romeo_Crennel,suggested,"coach page: ""On December 29, 2008, following a disappointing 4-12 season, Crennel was fired by the Browns"" | type also on https://en.wikipedia.org/wiki/2009_NFL_season#Head_coach/front_office_changes: season page: reason ""Fired""; no date",y,
2008_DEN_w17_mike_shanahan,schedule,DEN,2008,offseason,Mike Shanahan,2008_17_DEN_SD,2008-12-28,Josh McDaniels,2009-09-13,false,false,fired_after_season,,https://en.wikipedia.org/wiki/2009_NFL_season#Head_coach/front_office_changes,suggested,"season page: reason ""Fired"" (""was relieved of his duties""); no date | BLANK date: not on the season page (nor found on the coach page)",y,
2008_DET_w17_rod_marinelli,schedule,DET,2008,offseason,Rod Marinelli,2008_17_DET_GB,2008-12-28,Jim Schwartz,2009-09-13,false,false,fired_after_season,2008-12-29,https://en.wikipedia.org/wiki/Rod_Marinelli,suggested,"coach page: ""On December 29, 2008, Marinelli was fired"" | type also on https://en.wikipedia.org/wiki/2009_NFL_season#Head_coach/front_office_changes: season page: reason ""Fired""; no date",y,
2008_IND_w18_tony_dungy,schedule,IND,2008,offseason,Tony Dungy,2008_18_IND_SD,2009-01-03,Jim Caldwell,2009-09-13,false,false,retired,2009-01-12,https://en.wikipedia.org/wiki/2009_NFL_season#Head_coach/front_office_changes,suggested,"season page: ""Dungy retired on January 12"" (year from the 2009-offseason context)",y,
2008_KC_w17_herm_edwards,schedule,KC,2008,offseason,Herm Edwards,2008_17_KC_CIN,2008-12-28,Todd Haley,2009-09-13,false,false,fired_after_season,2009-01-23,https://en.wikipedia.org/wiki/2009_NFL_season#Head_coach/front_office_changes,suggested,"season page: ""Edwards was released on January 23 by new team general manager Scott Pioli"" (year from the 2009-offseason context)",y,
2008_LA_w04_scott_linehan,schedule,LA,2008,in_season,Scott Linehan,2008_04_BUF_STL,2008-09-28,Jim Haslett,2008-10-12,false,false,fired_in_season,2008-09-29,https://en.wikipedia.org/wiki/2008_NFL_season#Head_coach/front_office_changes,suggested,"season page (in-season): ""Dismissed September 29 four games into the season""",y,
2008_LA_w17_jim_haslett,schedule,LA,2008,offseason,Jim Haslett,2008_17_STL_ATL,2008-12-28,Steve Spagnuolo,2009-09-13,true,false,interim_not_retained,2009-01-15,https://en.wikipedia.org/wiki/2008_NFL_season#Head_coach/front_office_changes,suggested,"season page: interim; ""On January 15, 2009, Haslett learned he would not be considered for the permanent head coach position""",y,
2008_LV_w04_lane_kiffin,schedule,LV,2008,in_season,Lane Kiffin,2008_04_SD_OAK,2008-09-28,Tom Cable,2008-10-12,false,false,fired_in_season,2008-09-30,https://en.wikipedia.org/wiki/2008_NFL_season#Head_coach/front_office_changes,suggested,"season page (in-season): ""Relieved of duties September 30 after four games""",y,
2008_NYJ_w17_eric_mangini,schedule,NYJ,2008,offseason,Eric Mangini,2008_17_MIA_NYJ,2008-12-28,Rex Ryan,2009-09-13,false,false,fired_after_season,,https://en.wikipedia.org/wiki/2009_NFL_season#Head_coach/front_office_changes,suggested,"season page: reason ""Fired""; no date | BLANK date: not on the season page (nor found on the coach page)",y,
2008_SEA_w17_mike_holmgren,schedule,SEA,2008,offseason,Mike Holmgren,2008_17_SEA_ARI,2008-12-28,Jim Mora,2009-09-13,false,false,retired,,https://en.wikipedia.org/wiki/2009_NFL_season#Head_coach/front_office_changes,suggested,"season page: reason ""Retired""; ""it was announced that Holmgren would step down as head coach after the 2008 season"" (announced in advance; no date) | BLANK date: not on the season page (nor found on the coach page)",y,
2008_SF_w07_mike_nolan,schedule,SF,2008,in_season,Mike Nolan,2008_07_SF_NYG,2008-10-19,Mike Singletary,2008-10-26,false,false,fired_in_season,2008-10-20,https://en.wikipedia.org/wiki/2008_NFL_season#Head_coach/front_office_changes,suggested,"season page (in-season): ""Fired October 20 after seven games""",y,
2008_TB_w17_jon_gruden,schedule,TB,2008,offseason,Jon Gruden,2008_17_OAK_TB,2008-12-28,Raheem Morris,2009-09-13,false,false,fired_after_season,2009-01-16,https://en.wikipedia.org/wiki/Jon_Gruden,suggested,"coach page: ""Gruden was fired by the Buccaneers on January 16, 2009"" | type also on https://en.wikipedia.org/wiki/2009_NFL_season#Head_coach/front_office_changes: season page: reason ""Fired""; no date",y,
2009_BUF_w10_dick_jauron,schedule,BUF,2009,in_season,Dick Jauron,2009_10_BUF_TEN,2009-11-15,Perry Fewell,2009-11-22,false,false,fired_in_season,2009-11-17,https://en.wikipedia.org/wiki/2009_NFL_season#Head_coach/front_office_changes,suggested,"season page (in-season): ""Fired Nov 17 after 9 games""",y,
2009_BUF_w17_perry_fewell,schedule,BUF,2009,offseason,Perry Fewell,2009_17_IND_BUF,2010-01-03,Chan Gailey,2010-09-12,true,false,interim_not_retained,,https://en.wikipedia.org/wiki/2010_NFL_season#Head_coach/front_office_changes,suggested,"season page: Fewell ""was the interim head coach for the rest of the season""; hired as Giants DC January 14; Gailey hired; no date for the interim's end | BLANK date: not on the season page",y,
2009_SEA_w17_jim_mora,schedule,SEA,2009,offseason,Jim Mora,2009_17_TEN_SEA,2010-01-03,Pete Carroll,2010-09-12,false,false,fired_after_season,2010-01-08,https://en.wikipedia.org/wiki/Jim_L._Mora,suggested,"coach page: ""Mora was fired on January 8, 2010"" | type also on https://en.wikipedia.org/wiki/2010_NFL_season#Head_coach/front_office_changes: season page: ""Mora was fired after compiling a 5-11 (.313) record in his only season""; no date",y,
2009_WAS_w17_jim_zorn,schedule,WAS,2009,offseason,Jim Zorn,2009_17_WAS_SD,2010-01-03,Mike Shanahan,2010-09-12,false,false,fired_after_season,2010-01-04,https://en.wikipedia.org/wiki/Jim_Zorn,suggested,"coach page: ""In the early morning of January 4, 2010, it was reported that Zorn had been fired after the final game of the regular season"" (reported date) | type also on https://en.wikipedia.org/wiki/2010_NFL_season#Head_coach/front_office_changes: season page: ""He was relieved of his duties following the completion of the 2009 season""; no date",y,
2010_CAR_w17_john_fox,schedule,CAR,2010,offseason,John Fox,2010_17_CAR_ATL,2011-01-02,Ron Rivera,2011-09-11,false,false,fired_after_season,2010-12-31,https://en.wikipedia.org/wiki/2011_NFL_season#Head_coach/front_office_changes,suggested,"season page: reason ""Expired contract""; ""The Panthers announced on December 31, 2010, two days before the final game of the 2010 season, that his contract will not be renewed"" (non-renewal announced before the finale)",y,
2010_CLE_w17_eric_mangini,schedule,CLE,2010,offseason,Eric Mangini,2010_17_PIT_CLE,2011-01-02,Pat Shurmur,2011-09-11,false,false,fired_after_season,2011-01-03,https://en.wikipedia.org/wiki/2011_NFL_season#Head_coach/front_office_changes,suggested,"season page: reason ""Fired""; ""The Browns announced on Monday January 3, 2011 ... that Eric Mangini will not be returning""",y,
2010_DAL_w09_wade_phillips,schedule,DAL,2010,in_season,Wade Phillips,2010_09_DAL_GB,2010-11-07,Jason Garrett,2010-11-14,false,false,fired_in_season,2010-11-08,https://en.wikipedia.org/wiki/2010_NFL_season#Head_coach/front_office_changes,suggested,"season page (in-season): ""Phillips ... was fired on November 8 following a 45-7 Week 9 loss""",y,
2010_DEN_w13_josh_mcdaniels,schedule,DEN,2010,in_season,Josh McDaniels,2010_13_DEN_KC,2010-12-05,Eric Studesville,2010-12-12,false,false,fired_in_season,2010-12-05,https://en.wikipedia.org/wiki/2010_NFL_season#Head_coach/front_office_changes,suggested,"season page (in-season): ""McDaniels was fired on December 5, following a 10-6 loss to the Kansas City Chiefs in Week 13""",y,
2010_DEN_w17_eric_studesville,schedule,DEN,2010,offseason,Eric Studesville,2010_17_SD_DEN,2011-01-02,John Fox,2011-09-12,true,false,interim_not_retained,,https://en.wikipedia.org/wiki/2011_NFL_season#Head_coach/front_office_changes,suggested,"season page: interim head coach ""retained as running back coach""; John Fox hired; no date | BLANK date: not on the season page",y,
2010_LV_w17_tom_cable,schedule,LV,2010,offseason,Tom Cable,2010_17_OAK_KC,2011-01-02,Hue Jackson,2011-09-12,false,false,fired_after_season,2011-01-04,https://en.wikipedia.org/wiki/2011_NFL_season#Head_coach/front_office_changes,suggested,"season page: reason ""Expired contract""; ""The Raiders announced on Tuesday January 4, 2011, that they will not exercise the option on Tom Cable's contract""",y,
2010_MIN_w11_brad_childress,schedule,MIN,2010,in_season,Brad Childress,2010_11_GB_MIN,2010-11-21,Leslie Frazier,2010-11-28,false,false,fired_in_season,2010-11-22,https://en.wikipedia.org/wiki/2010_NFL_season#Head_coach/front_office_changes,suggested,"season page (in-season): ""Childress was fired on November 22 following a Week 11 loss""",y,
2010_SF_w16_mike_singletary,schedule,SF,2010,in_season,Mike Singletary,2010_16_SF_STL,2010-12-26,Jim Tomsula,2011-01-02,false,false,fired_in_season,2010-12-26,https://en.wikipedia.org/wiki/2010_NFL_season#Head_coach/front_office_changes,suggested,"season page (in-season): ""Singletary was fired on December 26, following a 25-17 loss to the St. Louis Rams in Week 16""",y,
2010_SF_w17_jim_tomsula,schedule,SF,2010,offseason,Jim Tomsula,2010_17_ARI_SF,2011-01-02,Jim Harbaugh,2011-09-11,true,false,interim_not_retained,,https://en.wikipedia.org/wiki/2011_NFL_season#Head_coach/front_office_changes,suggested,"season page: interim head coach ""retained as defensive line coach""; Jim Harbaugh hired; no date | BLANK date: not on the season page",y,
2010_TEN_w17_jeff_fisher,schedule,TEN,2010,offseason,Jeff Fisher,2010_17_TEN_IND,2011-01-02,Mike Munchak,2011-09-11,false,false,mutual_parting,2011-01-27,https://en.wikipedia.org/wiki/Jeff_Fisher,suggested,"coach page: ""on January 27, 2011 ... it was formally announced that Fisher and the Titans had mutually agreed to part ways following a buyout"" (reviewer, 2026-10-01; the season page conflicted) | was: BLANK type: season page conflicts (reason column ""Resigned"", text ""the time of his dismissal""); ""On January 27, it was formally announced ... that Jeff Fisher would not return"" (year from context)",y,
2011_IND_w17_jim_caldwell,schedule,IND,2011,offseason,Jim Caldwell,2011_17_IND_JAX,2012-01-01,Chuck Pagano,2012-09-09,false,false,fired_after_season,,https://en.wikipedia.org/wiki/2012_NFL_season#Head_coach/front_office_changes,suggested,"season page: reason ""Fired""; ""Caldwell was fired after compiling a 28-24 (.538) record""; no date | BLANK date: not on the season page (coach page not read: its title did not resolve)",y,
2011_JAX_w12_jack_del_rio,schedule,JAX,2011,in_season,Jack Del Rio,2011_12_HOU_JAX,2011-11-27,Mel Tucker,2011-12-05,false,false,fired_in_season,2011-11-29,https://en.wikipedia.org/wiki/Jack_Del_Rio,suggested,"coach page: ""On November 29, 2011, Del Rio was fired as Jacksonville's head coach"" | type also on https://en.wikipedia.org/wiki/2011_NFL_season#Head_coach/front_office_changes: season page (in-season): reason ""Fired""; no date",y,
2011_JAX_w17_mel_tucker,schedule,JAX,2011,offseason,Mel Tucker,2011_17_IND_JAX,2012-01-01,Mike Mularkey,2012-09-09,true,false,interim_not_retained,,https://en.wikipedia.org/wiki/2012_NFL_season#Head_coach/front_office_changes,suggested,"season page: Tucker interim head coach; ""Tucker remains on the Jaguars staff""; Mularkey hired; no date | BLANK date: not on the season page",y,
2011_KC_w14_todd_haley,schedule,KC,2011,in_season,Todd Haley,2011_14_KC_NYJ,2011-12-11,Romeo Crennel,2011-12-18,false,false,fired_in_season,2011-12-12,https://en.wikipedia.org/wiki/Todd_Haley,suggested,"coach page: ""Haley was fired on December 12, 2011"" | type also on https://en.wikipedia.org/wiki/2011_NFL_season#Head_coach/front_office_changes: season page (in-season): reason ""Fired""; no date",y,
2011_LA_w17_steve_spagnuolo,schedule,LA,2011,offseason,Steve Spagnuolo,2011_17_SF_STL,2012-01-01,Jeff Fisher,2012-09-09,false,false,fired_after_season,2012-01-02,https://en.wikipedia.org/wiki/2012_NFL_season#Head_coach/front_office_changes,suggested,"season page: reason ""Fired"" (cell spans 7 rows); ""He and general manager Billy Devaney were dismissed concurrently on January 2"" (year from context)",y,
2011_LV_w17_hue_jackson,schedule,LV,2011,offseason,Hue Jackson,2011_17_SD_OAK,2012-01-01,Dennis Allen,2012-09-10,false,false,fired_after_season,2012-01-10,https://en.wikipedia.org/wiki/2012_NFL_season#Head_coach/front_office_changes,suggested,"season page: reason ""Fired""; front-office table: McKenzie hired January 5, 2012 and ""Jackson was fired by McKenzie five days later"" (date derived: confirm)",y,
2011_MIA_w14_tony_sparano,schedule,MIA,2011,in_season,Tony Sparano,2011_14_PHI_MIA,2011-12-11,Todd Bowles,2011-12-18,false,false,fired_in_season,2011-12-12,https://en.wikipedia.org/wiki/Tony_Sparano,suggested,"coach page: ""on December 12, 2011, hours after a week 14 loss to the Philadelphia Eagles, Sparano was fired"" | type also on https://en.wikipedia.org/wiki/2011_NFL_season#Head_coach/front_office_changes: season page (in-season): reason ""Fired"" (""dismiss Sparano prior to the end of the season""); no date",y,
2011_MIA_w17_todd_bowles,schedule,MIA,2011,offseason,Todd Bowles,2011_17_NYJ_MIA,2012-01-01,Joe Philbin,2012-09-09,true,false,interim_not_retained,,https://en.wikipedia.org/wiki/2012_NFL_season#Head_coach/front_office_changes,suggested,"season page: Bowles interim head coach; ""Bowles joined the staff of the Philadelphia Eagles""; Philbin hired; no date | BLANK date: not on the season page",y,
2011_NO_w19_sean_payton,schedule,NO,2011,offseason,Sean Payton,2011_19_NO_SF,2012-01-14,Aaron Kromer,2012-09-09,false,false,other,2012-03-21,https://en.wikipedia.org/wiki/2012_NFL_season#Head_coach/front_office_changes,suggested,"season page: reason ""Suspended""; ""Payton was suspended on March 21, 2012 for the 2012 season"" (bounty scandal); he returns in 2013",y,
2011_TB_w17_raheem_morris,schedule,TB,2011,offseason,Raheem Morris,2011_17_TB_ATL,2012-01-01,Greg Schiano,2012-09-09,false,false,fired_after_season,2012-01-02,https://en.wikipedia.org/wiki/Raheem_Morris,suggested,"coach page: ""On January 2, 2012, Morris was fired as head coach of the Buccaneers"" | type also on https://en.wikipedia.org/wiki/2012_NFL_season#Head_coach/front_office_changes: season page: reason ""Fired"" (cell spans 7 rows); no date",y,
2012_ARI_w17_ken_whisenhunt,schedule,ARI,2012,offseason,Ken Whisenhunt,2012_17_ARI_SF,2012-12-30,Bruce Arians,2013-09-08,false,false,fired_after_season,2012-12-31,https://en.wikipedia.org/wiki/Ken_Whisenhunt,suggested,"coach page: ""On December 31, 2012, Whisenhunt was fired"" | type also on https://en.wikipedia.org/wiki/2013_NFL_season#Head_coach/front_office_changes: season page: reason ""Fired"" (one cell spanning ARI..SD rows); no date",y,
2012_BUF_w17_chan_gailey,schedule,BUF,2012,offseason,Chan Gailey,2012_17_NYJ_BUF,2012-12-30,Doug Marrone,2013-09-08,false,false,fired_after_season,2012-12-31,https://en.wikipedia.org/wiki/Chan_Gailey,suggested,"coach page: ""On December 31, 2012, Gailey was relieved of his duties"" | type also on https://en.wikipedia.org/wiki/2013_NFL_season#Head_coach/front_office_changes: season page: reason ""Fired"" (one cell spanning ARI..SD rows); no date",y,
2012_CHI_w17_lovie_smith,schedule,CHI,2012,offseason,Lovie Smith,2012_17_CHI_DET,2012-12-30,Marc Trestman,2013-09-08,false,false,fired_after_season,2012-12-31,https://en.wikipedia.org/wiki/Lovie_Smith,suggested,"coach page: ""On December 31, 2012, Smith was fired as head coach of the Chicago Bears"" | type also on https://en.wikipedia.org/wiki/2013_NFL_season#Head_coach/front_office_changes: season page: reason ""Fired"" (one cell spanning ARI..SD rows); no date",y,
2012_CLE_w17_pat_shurmur,schedule,CLE,2012,offseason,Pat Shurmur,2012_17_CLE_PIT,2012-12-30,Rob Chudzinski,2013-09-08,false,false,fired_after_season,,https://en.wikipedia.org/wiki/2013_NFL_season#Head_coach/front_office_changes,suggested,"season page: reason ""Fired"" (one cell spanning ARI..SD rows); no date | BLANK date: not on the season page (nor found on the coach page)",y,
2012_JAX_w17_mike_mularkey,schedule,JAX,2012,offseason,Mike Mularkey,2012_17_JAX_TEN,2012-12-30,Gus Bradley,2013-09-08,false,false,fired_after_season,2013-01-10,https://en.wikipedia.org/wiki/Mike_Mularkey,suggested,"coach page: ""he was fired after only one season on January 10, 2013"" | type also on https://en.wikipedia.org/wiki/2013_NFL_season#Head_coach/front_office_changes: season page: reason ""Fired"" (one cell spanning ARI..SD rows); no date",y,
2012_KC_w17_romeo_crennel,schedule,KC,2012,offseason,Romeo Crennel,2012_17_KC_DEN,2012-12-30,Andy Reid,2013-09-08,false,false,fired_after_season,2012-12-31,https://en.wikipedia.org/wiki/Romeo_Crennel,suggested,"coach page: ""On December 31, 2012, Crennel was fired as head coach"" | type also on https://en.wikipedia.org/wiki/2013_NFL_season#Head_coach/front_office_changes: season page: reason ""Fired"" (one cell spanning ARI..SD rows); no date",y,
2012_LAC_w17_norv_turner,schedule,LAC,2012,offseason,Norv Turner,2012_17_OAK_SD,2012-12-30,Mike McCoy,2013-09-09,false,false,fired_after_season,2012-12-31,https://en.wikipedia.org/wiki/Norv_Turner,suggested,"coach page: ""Turner and Smith were both fired by the San Diego Chargers on December 31, 2012"" | type also on https://en.wikipedia.org/wiki/2013_NFL_season#Head_coach/front_office_changes: season page: reason ""Fired"" (one cell spanning ARI..SD rows); no date",y,
2012_NO_w07_aaron_kromer,schedule,NO,2012,in_season,Aaron Kromer,2012_07_NO_TB,2012-10-21,Joe Vitt,2012-10-28,false,false,interim_not_retained,,https://en.wikipedia.org/wiki/2012_NFL_season#Head_coach/front_office_changes,suggested,"season page: Vitt began his six-game suspension and ""Kromer ... took over as interim coach until Vitt's suspension ended""; no date | BLANK date: not on the season page",y,
2012_NO_w17_joe_vitt,schedule,NO,2012,offseason,Joe Vitt,2012_17_CAR_NO,2012-12-30,Sean Payton,2013-09-08,true,false,interim_not_retained,,https://en.wikipedia.org/wiki/2013_NFL_season#Head_coach/front_office_changes,suggested,"season page: Vitt led the 2012 team as interim (Payton suspended); reason ""Reinstated"" (Payton ""reinstated on January 22""; not Vitt's own announcement date) | BLANK date: not on the season page",y,
2012_PHI_w17_andy_reid,schedule,PHI,2012,offseason,Andy Reid,2012_17_PHI_NYG,2012-12-30,Chip Kelly,2013-09-09,false,false,fired_after_season,,https://en.wikipedia.org/wiki/2013_NFL_season#Head_coach/front_office_changes,suggested,"season page: reason ""Fired"" (one cell spanning ARI..SD rows); no date | BLANK date: not on the season page (nor found on the coach page)",y,
2013_CLE_w17_rob_chudzinski,schedule,CLE,2013,offseason,Rob Chudzinski,2013_17_CLE_PIT,2013-12-29,Mike Pettine,2014-09-07,false,false,fired_after_season,2013-12-29,https://en.wikipedia.org/wiki/2014_NFL_season#Head_coach/front_office_personnel_changes,suggested,"season page: ""Chudzinski was fired on December 29, 2013""",y,
2013_DET_w17_jim_schwartz,schedule,DET,2013,offseason,Jim Schwartz,2013_17_DET_MIN,2013-12-29,Jim Caldwell,2014-09-08,false,false,fired_after_season,2013-12-30,https://en.wikipedia.org/wiki/2014_NFL_season#Head_coach/front_office_personnel_changes,suggested,"season page: ""Schwartz was fired on December 30, 2013""",y,
2013_HOU_w14_gary_kubiak,schedule,HOU,2013,in_season,Gary Kubiak,2013_14_HOU_JAX,2013-12-05,Wade Phillips,2013-12-15,false,false,fired_in_season,2013-12-06,https://en.wikipedia.org/wiki/2013_NFL_season#Head_coach/front_office_changes,suggested,"season page (in-season): ""Kubiak was fired on December 6, after a loss to the Jaguars""; earlier medical leave weeks 9-10",y,
2013_HOU_w17_wade_phillips,schedule,HOU,2013,offseason,Wade Phillips,2013_17_HOU_TEN,2013-12-29,Bill O'Brien,2014-09-07,true,false,interim_not_retained,,https://en.wikipedia.org/wiki/2014_NFL_season#Head_coach/front_office_personnel_changes,suggested,"season page: ""Wade Phillips was named the interim head coach for the remainder of the 2013 season""; O'Brien hired; no date | BLANK date: not on the season page",y,
2013_MIN_w17_leslie_frazier,schedule,MIN,2013,offseason,Leslie Frazier,2013_17_DET_MIN,2013-12-29,Mike Zimmer,2014-09-07,false,false,fired_after_season,2013-12-30,https://en.wikipedia.org/wiki/2014_NFL_season#Head_coach/front_office_personnel_changes,suggested,"season page: ""Frazier was fired on December 30, 2013""",y,
2013_TB_w17_greg_schiano,schedule,TB,2013,offseason,Greg Schiano,2013_17_TB_NO,2013-12-29,Lovie Smith,2014-09-07,false,false,fired_after_season,2013-12-30,https://en.wikipedia.org/wiki/2014_NFL_season#Head_coach/front_office_personnel_changes,suggested,"season page: ""Schiano was fired on December 30, 2013, along with GM Mark Dominik""",y,
2013_TEN_w17_mike_munchak,schedule,TEN,2013,offseason,Mike Munchak,2013_17_HOU_TEN,2013-12-29,Ken Whisenhunt,2014-09-07,false,false,fired_after_season,2014-01-04,https://en.wikipedia.org/wiki/2014_NFL_season#Head_coach/front_office_personnel_changes,suggested,"season page: ""Munchak was fired on January 4, 2014""",y,
2013_WAS_w17_mike_shanahan,schedule,WAS,2013,offseason,Mike Shanahan,2013_17_WAS_NYG,2013-12-29,Jay Gruden,2014-09-07,false,false,fired_after_season,2013-12-30,https://en.wikipedia.org/wiki/2014_NFL_season#Head_coach/front_office_personnel_changes,suggested,"season page: ""Shanahan and his staff ... were fired on December 30, 2013""",y,
2014_ATL_w17_mike_smith,schedule,ATL,2014,offseason,Mike Smith,2014_17_CAR_ATL,2014-12-28,Dan Quinn,2015-09-14,false,false,fired_after_season,2014-12-29,https://en.wikipedia.org/wiki/Mike_Smith_(American_football_coach),suggested,"coach page: ""On December 28, 2014, multiple media outlets reported ... The next day, Smith was fired"" (date derived: confirm) | type also on https://en.wikipedia.org/wiki/2015_NFL_season#Head_coach/front_office_personnel_changes: season page: reason ""Fired""; no date",y,
2014_BUF_w17_doug_marrone,schedule,BUF,2014,offseason,Doug Marrone,2014_17_BUF_NE,2014-12-28,Rex Ryan,2015-09-13,false,false,resigned,2014-12-31,https://en.wikipedia.org/wiki/2015_NFL_season#Head_coach/front_office_personnel_changes,suggested,"season page: reason ""Resigned""; Marrone ""resigned on December 31, 2014"" (contract opt-out clause)",y,
2014_CHI_w17_marc_trestman,schedule,CHI,2014,offseason,Marc Trestman,2014_17_CHI_MIN,2014-12-28,John Fox,2015-09-13,false,false,fired_after_season,2014-12-29,https://en.wikipedia.org/wiki/2015_NFL_season#Head_coach/front_office_personnel_changes,suggested,"season page: reason ""Fired""; ""He and general manager Phil Emery were both dismissed on December 29, 2014""",y,
2014_DEN_w19_john_fox,schedule,DEN,2014,offseason,John Fox,2014_19_IND_DEN,2015-01-11,Gary Kubiak,2015-09-13,false,false,mutual_parting,2015-01-12,https://en.wikipedia.org/wiki/2015_NFL_season#Head_coach/front_office_personnel_changes,suggested,"season page: reason ""Mutual decision""; ""By mutual agreement, Fox left the team on January 12, 2015""",y,
2014_LV_w04_dennis_allen,schedule,LV,2014,in_season,Dennis Allen,2014_04_MIA_OAK,2014-09-28,Tony Sparano,2014-10-12,false,false,fired_in_season,2014-09-29,https://en.wikipedia.org/wiki/2014_NFL_season#Head_coach/front_office_personnel_changes,suggested,"season page (in-season): ""Allen was fired on September 29 after ... an 0-4 start to the season""",y,
2014_LV_w17_tony_sparano,schedule,LV,2014,offseason,Tony Sparano,2014_17_OAK_DEN,2014-12-28,Jack Del Rio,2015-09-13,true,false,interim_not_retained,,https://en.wikipedia.org/wiki/2015_NFL_season#Head_coach/front_office_personnel_changes,suggested,"season page: Sparano ""finished the season as interim head coach""; then 49ers tight ends coach; Del Rio hired; no date | BLANK date: not on the season page",y,
2014_NYJ_w17_rex_ryan,schedule,NYJ,2014,offseason,Rex Ryan,2014_17_NYJ_MIA,2014-12-28,Todd Bowles,2015-09-13,false,false,fired_after_season,2014-12-29,https://en.wikipedia.org/wiki/2015_NFL_season#Head_coach/front_office_personnel_changes,suggested,"season page: reason ""Fired""; ""He and general manager John Idzik, Jr. were both dismissed on December 29, 2014""",y,
2014_SF_w17_jim_harbaugh,schedule,SF,2014,offseason,Jim Harbaugh,2014_17_ARI_SF,2014-12-28,Jim Tomsula,2015-09-14,false,false,mutual_parting,2014-12-28,https://en.wikipedia.org/wiki/Jim_Harbaugh,suggested,"coach page: ""On December 28, 2014, the 49ers announced that they had mutually agreed to part ways with Harbaugh"" | type also on https://en.wikipedia.org/wiki/2015_NFL_season#Head_coach/front_office_personnel_changes: season page: reason ""Mutually Part Ways""; Harbaugh ""left to become head coach at ... the University of Michigan"" (left_for_other_job is the alternative); no date",y,
2015_CLE_w17_mike_pettine,schedule,CLE,2015,offseason,Mike Pettine,2015_17_PIT_CLE,2016-01-03,Hue Jackson,2016-09-11,false,false,fired_after_season,2016-01-03,https://en.wikipedia.org/wiki/Mike_Pettine,suggested,"coach page: ""On January 3, 2016, the same day the Browns lost their last game of the season ... Pettine was fired"" (the season page says the decision came the day before) | type also on https://en.wikipedia.org/wiki/2016_NFL_season#Head_coach/front_office_personnel_changes: season page: reason ""Fired""; ""The decision to fire Pettine came the day before the end of the regular season"" (no calendar date given)",y,
2015_MIA_w04_joe_philbin,schedule,MIA,2015,in_season,Joe Philbin,2015_04_NYJ_MIA,2015-10-04,Dan Campbell,2015-10-18,false,false,fired_in_season,,https://en.wikipedia.org/wiki/2015_NFL_season#Head_coach/front_office_personnel_changes,suggested,"season page (in-season table): reason ""Fired""; 1-3 start ""led to Philbin's firing""; interim Dan Campbell ""took over for the rest of the season"". SCHEDULE GAP: nflverse lists Philbin all season; no date | BLANK date: not on the season page (nor found on the coach page) | H1b: schedule fields re-derived after the coach corrections (was candidate_id 2015_MIA_w17_joe_philbin, change_kind offseason, last_game_id 2015_17_NE_MIA, last_game_date 2016-01-03, successor_name Adam Gase, successor_first_game_date 2016-09-11)",y,
2015_MIA_w17_dan_campbell,schedule,MIA,2015,offseason,Dan Campbell,2015_17_NE_MIA,2016-01-03,Adam Gase,2016-09-11,true,false,interim_not_retained,,https://en.wikipedia.org/wiki/2016_NFL_season#Head_coach/front_office_personnel_changes,suggested,"season page: ""Campbell ... took over for the rest of the season; following the season, he joined the New Orleans Saints as tight ends coach""; Gase hired; schedule never lists Campbell; no date | BLANK date: not on the season page | H1b: the corrected schedule (data/manual/coach_corrections.csv) now shows this change (was source_only)",y,
2015_NYG_w17_tom_coughlin,schedule,NYG,2015,offseason,Tom Coughlin,2015_17_PHI_NYG,2016-01-03,Ben McAdoo,2016-09-11,false,false,resigned,2016-01-04,https://en.wikipedia.org/wiki/Tom_Coughlin,suggested,"coach page: ""On January 4, 2016, Coughlin announced his resignation as head coach for the Giants"" | type also on https://en.wikipedia.org/wiki/2016_NFL_season#Head_coach/front_office_personnel_changes: season page: reason ""Resigned"" (""immediately prior to Coughlin's resignation""); no date",y,
2015_PHI_w16_chip_kelly,schedule,PHI,2015,in_season,Chip Kelly,2015_16_WAS_PHI,2015-12-26,Pat Shurmur,2016-01-03,false,false,fired_in_season,2015-12-29,https://en.wikipedia.org/wiki/2016_NFL_season#Head_coach/front_office_personnel_changes,suggested,"2016 season page: reason ""Fired""; ""Kelly was released on December 29, 2015, one week prior to the end of the regular season""",y,
2015_PHI_w17_pat_shurmur,schedule,PHI,2015,offseason,Pat Shurmur,2015_17_PHI_NYG,2016-01-03,Doug Pederson,2016-09-11,true,false,interim_not_retained,,https://en.wikipedia.org/wiki/2016_NFL_season#Head_coach/front_office_personnel_changes,suggested,"season page: ""Pat Shurmur served as interim replacement for week 17""; Pederson hired; no date | BLANK date: not on the season page",y,
2015_SF_w17_jim_tomsula,schedule,SF,2015,offseason,Jim Tomsula,2015_17_STL_SF,2016-01-03,Chip Kelly,2016-09-12,false,false,fired_after_season,2016-01-03,https://en.wikipedia.org/wiki/Jim_Tomsula,suggested,"coach page: ""On January 3, 2016, Tomsula was fired just a few hours after the regular-season finale"" | type also on https://en.wikipedia.org/wiki/2016_NFL_season#Head_coach/front_office_personnel_changes: season page: reason ""Fired"" (cell spans MIA..TEN rows); no date",y,
2015_TB_w17_lovie_smith,schedule,TB,2015,offseason,Lovie Smith,2015_17_TB_CAR,2016-01-03,Dirk Koetter,2016-09-11,false,false,fired_after_season,2016-01-06,https://en.wikipedia.org/wiki/Lovie_Smith,suggested,"coach page: ""On January 6, 2016, Smith was fired"" | type also on https://en.wikipedia.org/wiki/2016_NFL_season#Head_coach/front_office_personnel_changes: season page: reason ""Fired"" (cell spans MIA..TEN rows); no date",y,
2015_TEN_w08_ken_whisenhunt,schedule,TEN,2015,in_season,Ken Whisenhunt,2015_08_TEN_HOU,2015-11-01,Mike Mularkey,2015-11-08,false,false,fired_in_season,2015-11-03,https://en.wikipedia.org/wiki/Ken_Whisenhunt,suggested,"coach page: ""On November 3, 2015, after starting the season 1-6, the Titans fired Whisenhunt and named Mike Mularkey the interim head coach"" | type also on https://en.wikipedia.org/wiki/2015_NFL_season#Head_coach/front_office_personnel_changes: season page (in-season table): reason ""Fired"" (cell spans TEN and PHI); ""resulting in Whisenhunt's dismissal""; interim Mike Mularkey (retained for 2016). SCHEDULE GAP: nflverse lists Whisenhunt all season; no date | H1b: schedule fields re-derived after the coach corrections (was candidate_id 2015_TEN_w17_ken_whisenhunt, change_kind offseason, last_game_id 2015_17_TEN_IND, last_game_date 2016-01-03, successor_first_game_date 2016-09-11)",y,
2016_BUF_w16_rex_ryan,schedule,BUF,2016,in_season,Rex Ryan,2016_16_MIA_BUF,2016-12-24,Anthony Lynn,2017-01-01,false,false,fired_in_season,,https://en.wikipedia.org/wiki/2016_NFL_season#Head_coach/front_office_personnel_changes,suggested,"season page (in-season table): ""Ryan was fired after two seasons""; Anthony Lynn interim; no date | BLANK date: not on the season page (nor found on the coach page)",y,
2016_BUF_w17_anthony_lynn,schedule,BUF,2016,offseason,Anthony Lynn,2016_17_BUF_NYJ,2017-01-01,Sean McDermott,2017-09-10,true,false,interim_not_retained,,https://en.wikipedia.org/wiki/2017_NFL_season#Head_coaching_and_front_office_personnel_changes,suggested,"season page: Lynn interim head coach for one game; hired by the Chargers January 12, 2017 (left_for_other_job is the alternative); McDermott hired; no date for the interim's end | BLANK date: not on the season page",y,
2016_DEN_w17_gary_kubiak,schedule,DEN,2016,offseason,Gary Kubiak,2016_17_OAK_DEN,2017-01-01,Vance Joseph,2017-09-11,false,false,retired,,https://en.wikipedia.org/wiki/2017_NFL_season#Head_coaching_and_front_office_personnel_changes,suggested,"season page: reason ""Retired""; ""Kubiak retired from coaching after two seasons due to health concerns"" (health is the alternative); no date | BLANK date: not on the season page (nor found on the coach page)",y,
2016_JAX_w15_gus_bradley,schedule,JAX,2016,in_season,Gus Bradley,2016_15_JAX_HOU,2016-12-18,Doug Marrone,2016-12-24,false,false,fired_in_season,2016-12-18,https://en.wikipedia.org/wiki/Gus_Bradley,suggested,"coach page: ""On December 18, 2016, the Jaguars relieved Bradley of his duties as head coach"" | type also on https://en.wikipedia.org/wiki/2016_NFL_season#Head_coach/front_office_personnel_changes: season page (in-season table): ""Bradley was fired after four seasons and a 14-48 (.226) record""; no date",y,
2016_LA_w14_jeff_fisher,schedule,LA,2016,in_season,Jeff Fisher,2016_14_ATL_LA,2016-12-11,John Fassel,2016-12-15,false,false,fired_in_season,,https://en.wikipedia.org/wiki/2016_NFL_season#Head_coach/front_office_personnel_changes,suggested,"season page (in-season table): reason ""Fired""; ""Fisher was fired after going 4-9 in the season""; interim John Fassel. SCHEDULE GAP: nflverse lists Fisher all season; no date | BLANK date: not on the season page (nor found on the coach page) | H1b: schedule fields re-derived after the coach corrections (was candidate_id 2016_LA_w17_jeff_fisher, change_kind offseason, last_game_id 2016_17_ARI_LA, last_game_date 2017-01-01, successor_name Sean McVay, successor_first_game_date 2017-09-10)",y,
2016_LA_w17_john_fassel,schedule,LA,2016,offseason,John Fassel,2016_17_ARI_LA,2017-01-01,Sean McVay,2017-09-10,true,false,interim_not_retained,,https://en.wikipedia.org/wiki/2017_NFL_season#Head_coaching_and_front_office_personnel_changes,suggested,"season page: Fassel interim after Fisher was fired, ""he went 0-3 in the interim""; McVay named head coach January 12; schedule never lists Fassel; no date | BLANK date: not on the season page | H1b: the corrected schedule (data/manual/coach_corrections.csv) now shows this change (was source_only)",y,
2016_LAC_w17_mike_mccoy,schedule,LAC,2016,offseason,Mike McCoy,2016_17_KC_SD,2017-01-01,Anthony Lynn,2017-09-11,false,false,fired_after_season,,https://en.wikipedia.org/wiki/2017_NFL_season#Head_coaching_and_front_office_personnel_changes,suggested,"season page: reason ""Fired""; no date | BLANK date: not on the season page (coach page not read: its title did not resolve)",y,
2016_SF_w17_chip_kelly,schedule,SF,2016,offseason,Chip Kelly,2016_17_SEA_SF,2017-01-01,Kyle Shanahan,2017-09-10,false,false,fired_after_season,,https://en.wikipedia.org/wiki/2017_NFL_season#Head_coaching_and_front_office_personnel_changes,suggested,"season page: reason ""Fired""; ""Kelly was fired after one season with a 2-14 record""; no date | BLANK date: not on the season page (nor found on the coach page)",y,
2017_ARI_w17_bruce_arians,schedule,ARI,2017,offseason,Bruce Arians,2017_17_ARI_SEA,2017-12-31,Steve Wilks,2018-09-09,false,false,retired,,https://en.wikipedia.org/wiki/2018_NFL_season#Head_coaching_and_front_office_personnel_changes,suggested,"season page: reason ""Retired""; ""Arians retired from coaching following the 2017 season""; no date | BLANK date: not on the season page (nor found on the coach page)",y,
2017_CHI_w17_john_fox,schedule,CHI,2017,offseason,John Fox,2017_17_CHI_MIN,2017-12-31,Matt Nagy,2018-09-09,false,false,fired_after_season,,https://en.wikipedia.org/wiki/2018_NFL_season#Head_coaching_and_front_office_personnel_changes,suggested,"season page: reason ""Fired""; ""Fox was fired after the final game of the 2017 season"" (no calendar date) | BLANK date: not on the season page (nor found on the coach page)",y,
2017_DET_w17_jim_caldwell,schedule,DET,2017,offseason,Jim Caldwell,2017_17_GB_DET,2017-12-31,Matt Patricia,2018-09-10,false,false,fired_after_season,,https://en.wikipedia.org/wiki/2018_NFL_season#Head_coaching_and_front_office_personnel_changes,suggested,"season page: reason ""Fired""; ""Caldwell was fired after the final game of the 2017 season"" (no calendar date) | BLANK date: not on the season page (coach page not read: its title did not resolve)",y,
2017_IND_w17_chuck_pagano,schedule,IND,2017,offseason,Chuck Pagano,2017_17_HOU_IND,2017-12-31,Frank Reich,2018-09-09,false,false,fired_after_season,2017-12-31,https://en.wikipedia.org/wiki/Chuck_Pagano,suggested,"coach page: ""On December 31, 2017, an hour after defeating the Houston Texans ... Pagano was fired"" | type also on https://en.wikipedia.org/wiki/2018_NFL_season#Head_coaching_and_front_office_personnel_changes: season page: reason ""Fired""; ""Pagano was fired after the final game of the 2017 season"" (no calendar date)",y,
2017_LV_w17_jack_del_rio,schedule,LV,2017,offseason,Jack Del Rio,2017_17_OAK_LAC,2017-12-31,Jon Gruden,2018-09-10,false,false,fired_after_season,,https://en.wikipedia.org/wiki/2018_NFL_season#Head_coaching_and_front_office_personnel_changes,suggested,"season page: reason ""Fired""; ""Del Rio was fired after the 2017 season"" (no calendar date) | BLANK date: not on the season page (nor found on the coach page)",y,
2017_NYG_w13_ben_mcadoo,schedule,NYG,2017,in_season,Ben McAdoo,2017_13_NYG_OAK,2017-12-03,Steve Spagnuolo,2017-12-10,false,false,fired_in_season,2017-12-04,https://en.wikipedia.org/wiki/2017_NFL_season#Head_coaching_and_front_office_personnel_changes,suggested,"season page (in-season): ""he was fired on December 4, and replaced in the interim by ... Steve Spagnuolo""",y,
2017_NYG_w17_steve_spagnuolo,schedule,NYG,2017,offseason,Steve Spagnuolo,2017_17_WAS_NYG,2017-12-31,Pat Shurmur,2018-09-09,true,false,interim_not_retained,,https://en.wikipedia.org/wiki/2018_NFL_season#Head_coaching_and_front_office_personnel_changes,suggested,"season page: McAdoo ""replaced in the interim by defensive coordinator Steve Spagnuolo""; Shurmur announced January 22; no date for the interim's end | BLANK date: not on the season page",y,
2017_TEN_w19_mike_mularkey,schedule,TEN,2017,offseason,Mike Mularkey,2017_19_TEN_NE,2018-01-13,Mike Vrabel,2018-09-09,false,false,mutual_parting,2018-01-15,https://en.wikipedia.org/wiki/Mike_Mularkey,suggested,"coach page: ""Mularkey and the Titans agreed to part ways on January 15, 2018"" | type also on https://en.wikipedia.org/wiki/2018_NFL_season#Head_coaching_and_front_office_personnel_changes: season page: reason ""Mutual decision""; ""Mularkey and the Titans agreed to part ways ... two days after the Titans' playoff loss to the Patriots"" (no calendar date)",y,
2018_ARI_w17_steve_wilks,schedule,ARI,2018,offseason,Steve Wilks,2018_17_ARI_SEA,2018-12-30,Kliff Kingsbury,2019-09-08,false,false,fired_after_season,2018-12-31,https://en.wikipedia.org/wiki/2019_NFL_season#Head_coaching_and_front_office_personnel_changes,suggested,"season page: ""Wilks was fired on December 31, 2018""",y,
2018_CIN_w17_marvin_lewis,schedule,CIN,2018,offseason,Marvin Lewis,2018_17_CIN_PIT,2018-12-30,Zac Taylor,2019-09-08,false,false,mutual_parting,2018-12-31,https://en.wikipedia.org/wiki/2019_NFL_season#Head_coaching_and_front_office_personnel_changes,suggested,"season page: reason ""Mutual decision""; ""Lewis and the Bengals mutually agreed to part ways on December 31"" (year from context)",y,
2018_CLE_w08_hue_jackson,schedule,CLE,2018,in_season,Hue Jackson,2018_08_CLE_PIT,2018-10-28,Gregg Williams,2018-11-04,false,false,fired_in_season,2018-10-29,https://en.wikipedia.org/wiki/2018_NFL_season#Head_coaching_and_front_office_personnel_changes,suggested,"season page (in-season): ""Jackson was fired on October 29""",y,
2018_CLE_w17_gregg_williams,schedule,CLE,2018,offseason,Gregg Williams,2018_17_CLE_BAL,2018-12-30,Freddie Kitchens,2019-09-08,true,false,interim_not_retained,,https://en.wikipedia.org/wiki/2019_NFL_season#Head_coaching_and_front_office_personnel_changes,suggested,"season page: Williams ""finished out the 2018 season"" as interim; Kitchens promoted January 12, 2019; no date | BLANK date: not on the season page",y,
2018_DEN_w17_vance_joseph,schedule,DEN,2018,offseason,Vance Joseph,2018_17_LAC_DEN,2018-12-30,Vic Fangio,2019-09-09,false,false,fired_after_season,2018-12-31,https://en.wikipedia.org/wiki/2019_NFL_season#Head_coaching_and_front_office_personnel_changes,suggested,"season page: ""Joseph was fired on December 31, 2018""",y,
2018_GB_w13_mike_mccarthy,schedule,GB,2018,in_season,Mike McCarthy,2018_13_ARI_GB,2018-12-02,Joe Philbin,2018-12-09,false,false,fired_in_season,2018-12-02,https://en.wikipedia.org/wiki/2018_NFL_season#Head_coaching_and_front_office_personnel_changes,suggested,"season page (in-season): ""McCarthy was fired on December 2, shortly after the Packers loss to the Arizona Cardinals""",y,
2018_GB_w17_joe_philbin,schedule,GB,2018,offseason,Joe Philbin,2018_17_DET_GB,2018-12-30,Matt LaFleur,2019-09-05,true,false,interim_not_retained,,https://en.wikipedia.org/wiki/2019_NFL_season#Head_coaching_and_front_office_personnel_changes,suggested,"season page: Philbin ""finished the season as interim coach""; LaFleur hired January 8, 2019; no date | BLANK date: not on the season page",y,
2018_MIA_w17_adam_gase,schedule,MIA,2018,offseason,Adam Gase,2018_17_MIA_BUF,2018-12-30,Brian Flores,2019-09-08,false,false,fired_after_season,2018-12-31,https://en.wikipedia.org/wiki/2019_NFL_season#Head_coaching_and_front_office_personnel_changes,suggested,"season page: ""Gase was fired on December 31, 2018""",y,
2018_NYJ_w17_todd_bowles,schedule,NYJ,2018,offseason,Todd Bowles,2018_17_NYJ_NE,2018-12-30,Adam Gase,2019-09-08,false,false,fired_after_season,2018-12-30,https://en.wikipedia.org/wiki/2019_NFL_season#Head_coaching_and_front_office_personnel_changes,suggested,"season page: ""Bowles was fired on December 30, 2018""",y,
2018_TB_w17_dirk_koetter,schedule,TB,2018,offseason,Dirk Koetter,2018_17_ATL_TB,2018-12-30,Bruce Arians,2019-09-08,false,false,fired_after_season,2018-12-30,https://en.wikipedia.org/wiki/2019_NFL_season#Head_coaching_and_front_office_personnel_changes,suggested,"season page: ""Koetter was fired on December 30, 2018""",y,
2019_CAR_w13_ron_rivera,schedule,CAR,2019,in_season,Ron Rivera,2019_13_WAS_CAR,2019-12-01,Perry Fewell,2019-12-08,false,false,fired_in_season,2019-12-03,https://en.wikipedia.org/wiki/2019_NFL_season#Head_coaching_and_front_office_personnel_changes,suggested,"season page (in-season): ""Rivera was fired on December 3""; interim Perry Fewell. SCHEDULE GAP: nflverse lists Rivera all season | H1b: schedule fields re-derived after the coach corrections (was candidate_id 2019_CAR_w17_ron_rivera, change_kind offseason, last_game_id 2019_17_NO_CAR, last_game_date 2019-12-29, successor_name Matt Rhule, successor_first_game_date 2020-09-13)",y,
2019_CAR_w17_perry_fewell,schedule,CAR,2019,offseason,Perry Fewell,2019_17_NO_CAR,2019-12-29,Matt Rhule,2020-09-13,true,false,interim_not_retained,,https://en.wikipedia.org/wiki/2020_NFL_season#Head_coaching_and_front_office_personnel_changes,suggested,"season page: Fewell ""took over on an interim basis and went 0-4 the rest of the season""; Rhule hired January 7; schedule never lists Fewell; no date | BLANK date: not on the season page | H1b: the corrected schedule (data/manual/coach_corrections.csv) now shows this change (was source_only)",y,
2019_CLE_w17_freddie_kitchens,schedule,CLE,2019,offseason,Freddie Kitchens,2019_17_CLE_CIN,2019-12-29,Kevin Stefanski,2020-09-13,false,false,fired_after_season,2019-12-29,https://en.wikipedia.org/wiki/2020_NFL_season#Head_coaching_and_front_office_personnel_changes,suggested,"season page: ""Kitchens was fired on December 29, 2019""",y,
2019_DAL_w17_jason_garrett,schedule,DAL,2019,offseason,Jason Garrett,2019_17_WAS_DAL,2019-12-29,Mike McCarthy,2020-09-13,false,false,fired_after_season,2020-01-05,https://en.wikipedia.org/wiki/2020_NFL_season#Head_coaching_and_front_office_personnel_changes,suggested,"season page: reason ""Contract expired""; ""On January 5, the Cowboys announced they would not renew Garrett's contract"" (non-renewal; year from context)",y,
2019_NYG_w17_pat_shurmur,schedule,NYG,2019,offseason,Pat Shurmur,2019_17_PHI_NYG,2019-12-29,Joe Judge,2020-09-14,false,false,fired_after_season,2019-12-30,https://en.wikipedia.org/wiki/2020_NFL_season#Head_coaching_and_front_office_personnel_changes,suggested,"season page: ""Shurmur was fired on December 30, 2019""",y,
2019_WAS_w05_jay_gruden,schedule,WAS,2019,in_season,Jay Gruden,2019_05_NE_WAS,2019-10-06,Bill Callahan,2019-10-13,false,false,fired_in_season,2019-10-07,https://en.wikipedia.org/wiki/2019_NFL_season#Head_coaching_and_front_office_personnel_changes,suggested,"season page (in-season): ""After an 0-5 start, Gruden was fired on October 7""",y,
2019_WAS_w17_bill_callahan,schedule,WAS,2019,offseason,Bill Callahan,2019_17_WAS_DAL,2019-12-29,Ron Rivera,2020-09-13,true,false,interim_not_retained,,https://en.wikipedia.org/wiki/2020_NFL_season#Head_coaching_and_front_office_personnel_changes,suggested,"season page: Callahan interim, ""he finished out the 2019 season""; Rivera hired January 1, 2020; no date | BLANK date: not on the season page",y,
2020_ATL_w05_dan_quinn,schedule,ATL,2020,in_season,Dan Quinn,2020_05_CAR_ATL,2020-10-11,Raheem Morris,2020-10-18,false,false,fired_in_season,2020-10-11,https://en.wikipedia.org/wiki/2020_NFL_season#Head_coaching_and_front_office_personnel_changes,suggested,"season page (in-season): ""After an 0-5 start, Quinn was fired on October 11""",y,
2020_ATL_w17_raheem_morris,schedule,ATL,2020,offseason,Raheem Morris,2020_17_ATL_TB,2021-01-03,Arthur Smith,2021-09-12,true,false,interim_not_retained,,https://en.wikipedia.org/wiki/2021_NFL_season#Head_coaching_and_front_office_changes,suggested,"season page: Morris interim, ""He finished out the 2020 season with a 4-7 (.364) record""; Arthur Smith hired; no date | BLANK date: not on the season page",y,
2020_DET_w12_matt_patricia,schedule,DET,2020,in_season,Matt Patricia,2020_12_HOU_DET,2020-11-26,Darrell Bevell,2020-12-06,false,false,fired_in_season,2020-11-28,https://en.wikipedia.org/wiki/2020_NFL_season#Head_coaching_and_front_office_personnel_changes,suggested,"season page (in-season): ""Patricia was fired on November 28""",y,
2020_DET_w17_darrell_bevell,schedule,DET,2020,offseason,Darrell Bevell,2020_17_MIN_DET,2021-01-03,Dan Campbell,2021-09-12,true,false,interim_not_retained,,https://en.wikipedia.org/wiki/2021_NFL_season#Head_coaching_and_front_office_changes,suggested,"season page: Bevell ""promoted to interim head coach ... finished out the 2020 season""; Dan Campbell hired; no date | BLANK date: not on the season page",y,
2020_HOU_w04_bill_o_brien,schedule,HOU,2020,in_season,Bill O'Brien,2020_04_MIN_HOU,2020-10-04,Romeo Crennel,2020-10-11,false,false,fired_in_season,2020-10-05,https://en.wikipedia.org/wiki/2020_NFL_season#Head_coaching_and_front_office_personnel_changes,suggested,"season page (in-season): ""After an 0-4 start, O'Brien was fired on October 5""",y,
2020_HOU_w17_romeo_crennel,schedule,HOU,2020,offseason,Romeo Crennel,2020_17_TEN_HOU,2021-01-03,David Culley,2021-09-12,true,false,interim_not_retained,,https://en.wikipedia.org/wiki/2021_NFL_season#Head_coaching_and_front_office_changes,suggested,"season page: Crennel interim, ""He finished out the 2020 season with a 4-8 (.333) record""; Culley hired; no date | BLANK date: not on the season page",y,
2020_JAX_w17_doug_marrone,schedule,JAX,2020,offseason,Doug Marrone,2020_17_JAX_IND,2021-01-03,Urban Meyer,2021-09-12,false,false,fired_after_season,2021-01-04,https://en.wikipedia.org/wiki/2021_NFL_season#Head_coaching_and_front_office_changes,suggested,"season page: ""Marrone was fired on January 4"" (year from context)",y,
2020_LAC_w17_anthony_lynn,schedule,LAC,2020,offseason,Anthony Lynn,2020_17_LAC_KC,2021-01-03,Brandon Staley,2021-09-12,false,false,fired_after_season,2021-01-04,https://en.wikipedia.org/wiki/2021_NFL_season#Head_coaching_and_front_office_changes,suggested,"season page: ""Lynn was fired on January 4 after four seasons"" (year from context)",y,
2020_NYJ_w17_adam_gase,schedule,NYJ,2020,offseason,Adam Gase,2020_17_NYJ_NE,2021-01-03,Robert Saleh,2021-09-12,false,false,fired_after_season,2021-01-03,https://en.wikipedia.org/wiki/2021_NFL_season#Head_coaching_and_front_office_changes,suggested,"season page: ""Gase was fired on January 3 after finishing the 2020 season 2-14"" (year from context)",y,
2020_PHI_w17_doug_pederson,schedule,PHI,2020,offseason,Doug Pederson,2020_17_WAS_PHI,2021-01-03,Nick Sirianni,2021-09-12,false,false,fired_after_season,2021-01-11,https://en.wikipedia.org/wiki/2021_NFL_season#Head_coaching_and_front_office_changes,suggested,"season page: ""Pederson was fired on January 11 after 5 seasons"" (year from context)",y,
2021_CHI_w18_matt_nagy,schedule,CHI,2021,offseason,Matt Nagy,2021_18_CHI_MIN,2022-01-09,Matt Eberflus,2022-09-11,false,false,fired_after_season,2022-01-10,https://en.wikipedia.org/wiki/2022_NFL_season#Head_coaching_and_front_office_changes,suggested,"season page: ""Nagy was fired on January 10 after four seasons"" (year from context)",y,
2021_DEN_w18_vic_fangio,schedule,DEN,2021,offseason,Vic Fangio,2021_18_KC_DEN,2022-01-08,Nathaniel Hackett,2022-09-12,false,false,fired_after_season,2022-01-09,https://en.wikipedia.org/wiki/2022_NFL_season#Head_coaching_and_front_office_changes,suggested,"season page: ""Fangio was fired on January 9 after three seasons"" (year from context)",y,
2021_HOU_w18_david_culley,schedule,HOU,2021,offseason,David Culley,2021_18_TEN_HOU,2022-01-09,Lovie Smith,2022-09-11,false,false,fired_after_season,2022-01-13,https://en.wikipedia.org/wiki/2022_NFL_season#Head_coaching_and_front_office_changes,suggested,"season page: ""Culley was fired on January 13 after one season"" (year from context)",y,
2021_JAX_w14_urban_meyer,schedule,JAX,2021,in_season,Urban Meyer,2021_14_JAX_TEN,2021-12-12,Darrell Bevell,2021-12-19,false,false,fired_in_season,,https://en.wikipedia.org/wiki/2021_NFL_season#Head_coaching_and_front_office_changes,suggested,"BLANK date: sources conflict (2021 season page ""fired on December 15""; 2022 season page ""fired on December 16, 2021""); 2021 page in-season: ""Meyer was fired""",y,
2021_JAX_w18_darrell_bevell,schedule,JAX,2021,offseason,Darrell Bevell,2021_18_IND_JAX,2022-01-09,Doug Pederson,2022-09-11,true,false,interim_not_retained,,https://en.wikipedia.org/wiki/2022_NFL_season#Head_coaching_and_front_office_changes,suggested,"season page: Bevell ""promoted to interim head coach ... He finished out the 2021 season""; Pederson hired; no date | BLANK date: not on the season page",y,
2021_LV_w05_jon_gruden,schedule,LV,2021,in_season,Jon Gruden,2021_05_CHI_LV,2021-10-10,Rich Bisaccia,2021-10-17,false,false,resigned,2021-10-11,https://en.wikipedia.org/wiki/2022_NFL_season#Head_coaching_and_front_office_changes,suggested,"2022 season page: reason ""Resigned""; ""Gruden resigned on October 11, 2021, due to the publication of controversial emails"" (owner may prefer resigned_under_pressure)",y,
2021_LV_w19_rich_bisaccia,schedule,LV,2021,offseason,Rich Bisaccia,2021_19_LV_CIN,2022-01-15,Josh McDaniels,2022-09-11,true,false,interim_not_retained,,https://en.wikipedia.org/wiki/2022_NFL_season#Head_coaching_and_front_office_changes,suggested,"season page: Bisaccia ""was promoted to interim head coach""; McDaniels hired; no date | BLANK date: not on the season page",y,
2021_MIA_w18_brian_flores,schedule,MIA,2021,offseason,Brian Flores,2021_18_NE_MIA,2022-01-09,Mike McDaniel,2022-09-11,false,false,fired_after_season,2022-01-10,https://en.wikipedia.org/wiki/2022_NFL_season#Head_coaching_and_front_office_changes,suggested,"season page: ""Flores was fired on January 10 after three seasons"" (year from context)",y,
2021_MIN_w18_mike_zimmer,schedule,MIN,2021,offseason,Mike Zimmer,2021_18_CHI_MIN,2022-01-09,Kevin O'Connell,2022-09-11,false,false,fired_after_season,2022-01-10,https://en.wikipedia.org/wiki/2022_NFL_season#Head_coaching_and_front_office_changes,suggested,"season page: ""Zimmer was fired on January 10 after eight seasons"" (year from context)",y,
2021_NO_w18_sean_payton,schedule,NO,2021,offseason,Sean Payton,2021_18_NO_ATL,2022-01-09,Dennis Allen,2022-09-11,false,false,retired,2022-01-25,https://en.wikipedia.org/wiki/2022_NFL_season#Head_coaching_and_front_office_changes,suggested,"season page: reason ""Retired""; ""Payton retired on January 25 after 15 seasons"" (year from context)",y,
2021_NYG_w18_joe_judge,schedule,NYG,2021,offseason,Joe Judge,2021_18_WAS_NYG,2022-01-09,Brian Daboll,2022-09-11,false,false,fired_after_season,2022-01-11,https://en.wikipedia.org/wiki/2022_NFL_season#Head_coaching_and_front_office_changes,suggested,"season page: ""Judge was fired on January 11 after two seasons"" (year from context)",y,
2021_TB_w20_bruce_arians,schedule,TB,2021,offseason,Bruce Arians,2021_20_LA_TB,2022-01-23,Todd Bowles,2022-09-11,false,false,retired,2022-03-30,https://en.wikipedia.org/wiki/2022_NFL_season#Head_coaching_and_front_office_changes,suggested,"season page: reason ""Retired""; ""Arians announced his retirement on March 30"" (year from context)",y,
2022_ARI_w18_kliff_kingsbury,schedule,ARI,2022,offseason,Kliff Kingsbury,2022_18_ARI_SF,2023-01-08,Jonathan Gannon,2023-09-10,false,false,fired_after_season,2023-01-09,https://en.wikipedia.org/wiki/2023_NFL_season#Head_coaching_and_front_office_changes,suggested,"season page: ""Kingsbury was fired on January 9, after four seasons"" (year from context)",y,
2022_CAR_w05_matt_rhule,schedule,CAR,2022,in_season,Matt Rhule,2022_05_SF_CAR,2022-10-09,Steve Wilks,2022-10-16,false,false,fired_in_season,2022-10-10,https://en.wikipedia.org/wiki/2022_NFL_season#Head_coaching_and_front_office_changes,suggested,"season page (in-season): ""After a 1-4 start, Rhule was fired October 10""",y,
2022_CAR_w18_steve_wilks,schedule,CAR,2022,offseason,Steve Wilks,2022_18_CAR_NO,2023-01-08,Frank Reich,2023-09-10,true,false,interim_not_retained,,https://en.wikipedia.org/wiki/2023_NFL_season#Head_coaching_and_front_office_changes,suggested,"season page: Wilks ""took over as interim coach""; Reich hired January 26; no date | BLANK date: not on the season page",y,
2022_DEN_w16_nathaniel_hackett,schedule,DEN,2022,in_season,Nathaniel Hackett,2022_16_DEN_LA,2022-12-25,Jerry Rosburg,2023-01-01,false,false,fired_in_season,2022-12-26,https://en.wikipedia.org/wiki/2022_NFL_season#Head_coaching_and_front_office_changes,suggested,"season page (in-season): ""Hackett was fired on December 26""; interim ""Jerry Rosburg"" (nflverse spells him Jay Rosburg) | H1b: schedule fields re-derived after the coach corrections (was successor_name Jay Rosburg)",y,
2022_DEN_w18_jerry_rosburg,schedule,DEN,2022,offseason,Jerry Rosburg,2022_18_LAC_DEN,2023-01-08,Sean Payton,2023-09-10,true,false,interim_not_retained,,https://en.wikipedia.org/wiki/2023_NFL_season#Head_coaching_and_front_office_changes,suggested,"season page: ""Jerry Rosburg"" (nflverse: Jay Rosburg) ""was named interim head coach""; Payton hired February 3; no date | BLANK date: not on the season page | H1b: schedule fields re-derived after the coach corrections (was candidate_id 2022_DEN_w18_jay_rosburg, coach_name Jay Rosburg)",y,
2022_HOU_w18_lovie_smith,schedule,HOU,2022,offseason,Lovie Smith,2022_18_HOU_IND,2023-01-08,DeMeco Ryans,2023-09-10,false,false,fired_after_season,2023-01-08,https://en.wikipedia.org/wiki/2023_NFL_season#Head_coaching_and_front_office_changes,suggested,"season page: ""Smith was fired on January 8 after one season"" (year from context)",y,
2022_IND_w09_frank_reich,schedule,IND,2022,in_season,Frank Reich,2022_09_IND_NE,2022-11-06,Jeff Saturday,2022-11-13,false,false,fired_in_season,2022-11-07,https://en.wikipedia.org/wiki/2022_NFL_season#Head_coaching_and_front_office_changes,suggested,"season page (in-season): ""Reich was fired on November 7 after starting the season 3-5-1""",y,
2022_IND_w18_jeff_saturday,schedule,IND,2022,offseason,Jeff Saturday,2022_18_HOU_IND,2023-01-08,Shane Steichen,2023-09-10,true,false,interim_not_retained,,https://en.wikipedia.org/wiki/2023_NFL_season#Head_coaching_and_front_office_changes,suggested,"season page: Saturday ""was named interim head coach""; Steichen hired; no date | BLANK date: not on the season page",y,
2023_ATL_w18_arthur_smith,schedule,ATL,2023,offseason,Arthur Smith,2023_18_ATL_NO,2024-01-07,Raheem Morris,2024-09-08,false,false,fired_after_season,2024-01-08,https://en.wikipedia.org/wiki/2024_NFL_season#Head_coaching_and_general_manager_changes,suggested,"season page: ""Smith was fired on January 8, after three seasons"" (year from context)",y,
2023_CAR_w12_frank_reich,schedule,CAR,2023,in_season,Frank Reich,2023_12_CAR_TEN,2023-11-26,Chris Tabor,2023-12-03,false,false,fired_in_season,2023-11-27,https://en.wikipedia.org/wiki/2023_NFL_season#Head_coaching_and_front_office_changes,suggested,"season page (in-season): ""On November 27, Reich was fired after 1-10 (.091) start""",y,
2023_CAR_w18_chris_tabor,schedule,CAR,2023,offseason,Chris Tabor,2023_18_TB_CAR,2024-01-07,Dave Canales,2024-09-08,true,false,interim_not_retained,,https://en.wikipedia.org/wiki/2024_NFL_season#Head_coaching_and_general_manager_changes,suggested,"season page: Tabor ""elevated as interim head coach ... He finished the season with a 1-5 (.167) record""; Canales hired; no date | BLANK date: not on the season page",y,
2023_LAC_w15_brandon_staley,schedule,LAC,2023,in_season,Brandon Staley,2023_15_LAC_LV,2023-12-14,Giff Smith,2023-12-23,false,false,fired_in_season,2023-12-15,https://en.wikipedia.org/wiki/2023_NFL_season#Head_coaching_and_front_office_changes,suggested,"season page (in-season): ""Staley was fired on December 15""",y,
2023_LAC_w18_giff_smith,schedule,LAC,2023,offseason,Giff Smith,2023_18_KC_LAC,2024-01-07,Jim Harbaugh,2024-09-08,true,false,interim_not_retained,,https://en.wikipedia.org/wiki/2024_NFL_season#Head_coaching_and_general_manager_changes,suggested,"season page: Smith ""elevated as interim head coach ... He finished the season with an 0-3 (.000) record""; Harbaugh hired; no date | BLANK date: not on the season page",y,
2023_LV_w08_josh_mcdaniels,schedule,LV,2023,in_season,Josh McDaniels,2023_08_LV_DET,2023-10-30,Antonio Pierce,2023-11-05,false,false,fired_in_season,2023-10-31,https://en.wikipedia.org/wiki/2023_NFL_season#Head_coaching_and_front_office_changes,suggested,"season page (in-season): ""McDaniels was fired on October 31""",y,
2023_NE_w18_bill_belichick,schedule,NE,2023,offseason,Bill Belichick,2023_18_NYJ_NE,2024-01-07,Jerod Mayo,2024-09-08,false,false,mutual_parting,2024-01-11,https://en.wikipedia.org/wiki/2024_NFL_season#Head_coaching_and_general_manager_changes,suggested,"season page: reason ""Mutual agreement""; ""On January 11, Belichick and the Patriots mutually agreed to part ways"" (year from context)",y,
2023_SEA_w18_pete_carroll,schedule,SEA,2023,offseason,Pete Carroll,2023_18_SEA_ARI,2024-01-07,Mike Macdonald,2024-09-08,false,false,other,2024-01-10,https://en.wikipedia.org/wiki/2024_NFL_season#Head_coaching_and_general_manager_changes,suggested,"season page: reason ""Reassigned""; ""On January 10, Carroll was reassigned to an advisor role"" (no category fits; owner decides; year from context)",y,
2023_TEN_w18_mike_vrabel,schedule,TEN,2023,offseason,Mike Vrabel,2023_18_JAX_TEN,2024-01-07,Brian Callahan,2024-09-08,false,false,fired_after_season,2024-01-09,https://en.wikipedia.org/wiki/2024_NFL_season#Head_coaching_and_general_manager_changes,suggested,"season page: ""On January 9, Vrabel was fired after six seasons"" (year from context)",y,
2023_WAS_w18_ron_rivera,schedule,WAS,2023,offseason,Ron Rivera,2023_18_DAL_WAS,2024-01-07,Dan Quinn,2024-09-08,false,false,fired_after_season,2024-01-08,https://en.wikipedia.org/wiki/2024_NFL_season#Head_coaching_and_general_manager_changes,suggested,"season page: ""On January 8, Rivera was fired after four seasons"" (year from context)",y,
2024_CHI_w13_matt_eberflus,schedule,CHI,2024,in_season,Matt Eberflus,2024_13_CHI_DET,2024-11-28,Thomas Brown,2024-12-08,false,false,fired_in_season,2024-11-29,https://en.wikipedia.org/wiki/2024_NFL_season#Head_coaching_and_general_manager_changes,suggested,"season page (in-season): ""Eberflus was fired as head coach on November 29""; interim Thomas Brown. SCHEDULE GAP: nflverse lists Eberflus all season | H1b: schedule fields re-derived after the coach corrections (was candidate_id 2024_CHI_w18_matt_eberflus, change_kind offseason, last_game_id 2024_18_CHI_GB, last_game_date 2025-01-05, successor_name Ben Johnson, successor_first_game_date 2025-09-08, data_gap_suspected true)",y,
2024_CHI_w18_thomas_brown,schedule,CHI,2024,offseason,Thomas Brown,2024_18_CHI_GB,2025-01-05,Ben Johnson,2025-09-08,true,true,interim_not_retained,,https://en.wikipedia.org/wiki/2025_NFL_season#Head_coaching_and_general_manager_changes,suggested,"season page: Brown ""was named as interim head coach ... He finished the season with a 1-4 (.200) record""; Ben Johnson hired; schedule never lists Brown; no date | BLANK date: not on the season page | H1b: the corrected schedule (data/manual/coach_corrections.csv) now shows this change (was source_only)",y,
2024_DAL_w18_mike_mccarthy,schedule,DAL,2024,offseason,Mike McCarthy,2024_18_WAS_DAL,2025-01-05,Brian Schottenheimer,2025-09-04,false,true,fired_after_season,2025-01-13,https://en.wikipedia.org/wiki/2025_NFL_season#Head_coaching_and_general_manager_changes,suggested,"season page: reason ""Contract expired""; ""McCarthy's contract was not renewed by the Cowboys on January 13"" (non-renewal; year from context)",y,
2024_JAX_w18_doug_pederson,schedule,JAX,2024,offseason,Doug Pederson,2024_18_JAX_IND,2025-01-05,Liam Coen,2025-09-07,false,true,fired_after_season,2025-01-06,https://en.wikipedia.org/wiki/2025_NFL_season#Head_coaching_and_general_manager_changes,suggested,"season page: ""Pederson was fired on January 6, after three seasons"" (year from context)",y,
2024_LV_w18_antonio_pierce,schedule,LV,2024,offseason,Antonio Pierce,2024_18_LAC_LV,2025-01-05,Pete Carroll,2025-09-07,false,true,fired_after_season,2025-01-07,https://en.wikipedia.org/wiki/2025_NFL_season#Head_coaching_and_general_manager_changes,suggested,"season page: ""Pierce was fired on January 7, after one and a half seasons"" (year from context)",y,
2024_NE_w18_jerod_mayo,schedule,NE,2024,offseason,Jerod Mayo,2024_18_BUF_NE,2025-01-05,Mike Vrabel,2025-09-07,false,true,fired_after_season,2025-01-05,https://en.wikipedia.org/wiki/2025_NFL_season#Head_coaching_and_general_manager_changes,suggested,"season page: ""Mayo was fired on January 5, after one 4-13 (.235) season"" (year from context)",y,
2024_NO_w09_dennis_allen,schedule,NO,2024,in_season,Dennis Allen,2024_09_NO_CAR,2024-11-03,Darren Rizzi,2024-11-10,false,false,fired_in_season,2024-11-04,https://en.wikipedia.org/wiki/2024_NFL_season#Head_coaching_and_general_manager_changes,suggested,"season page (in-season): ""Allen was fired on November 4""; interim Darren Rizzi. SCHEDULE GAP: nflverse lists Allen all season | H1b: schedule fields re-derived after the coach corrections (was candidate_id 2024_NO_w18_dennis_allen, change_kind offseason, last_game_id 2024_18_NO_TB, last_game_date 2025-01-05, successor_name Kellen Moore, successor_first_game_date 2025-09-07, data_gap_suspected true)",y,
2024_NO_w18_darren_rizzi,schedule,NO,2024,offseason,Darren Rizzi,2024_18_NO_TB,2025-01-05,Kellen Moore,2025-09-07,true,true,interim_not_retained,,https://en.wikipedia.org/wiki/2025_NFL_season#Head_coaching_and_general_manager_changes,suggested,"season page: Rizzi ""was elevated as interim head coach. He finished the season with a 3-5 (.375) record""; Kellen Moore hired February 11; schedule never lists Rizzi; no date | BLANK date: not on the season page | H1b: the corrected schedule (data/manual/coach_corrections.csv) now shows this change (was source_only)",y,
2024_NYJ_w05_robert_saleh,schedule,NYJ,2024,in_season,Robert Saleh,2024_05_NYJ_MIN,2024-10-06,Jeff Ulbrich,2024-10-14,false,false,fired_in_season,2024-10-08,https://en.wikipedia.org/wiki/2024_NFL_season#Head_coaching_and_general_manager_changes,suggested,"season page (in-season): ""Saleh was fired as head coach on October 8""; interim Jeff Ulbrich. SCHEDULE GAP: nflverse lists Saleh all season | H1b: schedule fields re-derived after the coach corrections (was candidate_id 2024_NYJ_w18_robert_saleh, change_kind offseason, last_game_id 2024_18_MIA_NYJ, last_game_date 2025-01-05, successor_name Aaron Glenn, successor_first_game_date 2025-09-07, data_gap_suspected true)",y,
2024_NYJ_w18_jeff_ulbrich,schedule,NYJ,2024,offseason,Jeff Ulbrich,2024_18_MIA_NYJ,2025-01-05,Aaron Glenn,2025-09-07,true,true,interim_not_retained,,https://en.wikipedia.org/wiki/2025_NFL_season#Head_coaching_and_general_manager_changes,suggested,"season page: Ulbrich ""was named interim head coach ... He finished the season with a 3-9 (.250) record""; Aaron Glenn hired January 22; schedule never lists Ulbrich; no date | BLANK date: not on the season page | H1b: the corrected schedule (data/manual/coach_corrections.csv) now shows this change (was source_only)",y,
2025_ARI_w18_jonathan_gannon,schedule,ARI,2025,offseason,Jonathan Gannon,2025_18_ARI_LA,2026-01-04,Mike LaFleur,2026-09-13,false,true,fired_after_season,2026-01-05,https://en.wikipedia.org/wiki/2026_NFL_season#Head_coaching_and_general_manager_changes,suggested,"season page: ""Gannon was fired on January 5, after three seasons"" (year from context); Mike LaFleur hired. SCHEDULE ERROR: nflverse still lists Gannon for every 2026 ARI game | H1b: the corrected schedule (data/manual/coach_corrections.csv) now shows this change (was source_only)",y,
2025_ATL_w18_raheem_morris,schedule,ATL,2025,offseason,Raheem Morris,2025_18_NO_ATL,2026-01-04,Kevin Stefanski,2026-09-13,false,true,fired_after_season,2026-01-04,https://en.wikipedia.org/wiki/2026_NFL_season#Head_coaching_and_general_manager_changes,suggested,"season page: ""Morris was fired on January 4, after two seasons"" (year from context); Kevin Stefanski hired. SCHEDULE ERROR: nflverse still lists Morris for every 2026 ATL game | H1b: the corrected schedule (data/manual/coach_corrections.csv) now shows this change (was source_only)",y,
2025_BAL_w18_john_harbaugh,schedule,BAL,2025,offseason,John Harbaugh,2025_18_BAL_PIT,2026-01-04,Jesse Minter,2026-09-13,false,true,fired_after_season,2026-01-06,https://en.wikipedia.org/wiki/2026_NFL_season#Head_coaching_and_general_manager_changes,suggested,"season page: ""Harbaugh was fired on January 6, after 18 seasons with the Ravens"" (year from context)",y,
2025_BUF_w20_sean_mcdermott,schedule,BUF,2025,offseason,Sean McDermott,2025_20_BUF_DEN,2026-01-17,Joe Brady,2026-09-13,false,false,fired_after_season,2026-01-19,https://en.wikipedia.org/wiki/2026_NFL_season#Head_coaching_and_general_manager_changes,suggested,"season page: ""McDermott was fired on January 19, after nine seasons"" (year from context); Joe Brady promoted. SCHEDULE ERROR: nflverse still lists McDermott for every 2026 BUF game | H1b: the corrected schedule (data/manual/coach_corrections.csv) now shows this change (was source_only)",y,
2025_CLE_w18_kevin_stefanski,schedule,CLE,2025,offseason,Kevin Stefanski,2025_18_CLE_CIN,2026-01-04,Todd Monken,2026-09-13,false,true,fired_after_season,2026-01-05,https://en.wikipedia.org/wiki/2026_NFL_season#Head_coaching_and_general_manager_changes,suggested,"season page: ""Stefanski was fired on January 5, after six seasons"" (year from context)",y,
2025_LV_w18_pete_carroll,schedule,LV,2025,offseason,Pete Carroll,2025_18_KC_LV,2026-01-04,Klint Kubiak,2026-09-13,false,true,fired_after_season,2026-01-05,https://en.wikipedia.org/wiki/2026_NFL_season#Head_coaching_and_general_manager_changes,suggested,"season page: ""Carroll was fired on January 5"" (year from context); successor ""Klint Kubiak"" (nflverse spells him Klint Kubliak) | H1b: schedule fields re-derived after the coach corrections (was successor_name Klint Kubliak)",y,
2025_MIA_w18_mike_mcdaniel,schedule,MIA,2025,offseason,Mike McDaniel,2025_18_MIA_NE,2026-01-04,Jeff Hafley,2026-09-13,false,true,fired_after_season,2026-01-08,https://en.wikipedia.org/wiki/2026_NFL_season#Head_coaching_and_general_manager_changes,suggested,"season page: ""McDaniel was fired on January 8"" (year from context)",y,
2025_NYG_w10_brian_daboll,schedule,NYG,2025,in_season,Brian Daboll,2025_10_NYG_CHI,2025-11-09,Mike Kafka,2025-11-16,false,false,fired_in_season,2025-11-10,https://en.wikipedia.org/wiki/2025_NFL_season#Head_coaching_and_general_manager_changes,suggested,"season page (in-season): ""Daboll was fired as head coach on November 10""; interim Mike Kafka. SCHEDULE GAP: nflverse lists Daboll all season | H1b: schedule fields re-derived after the coach corrections (was candidate_id 2025_NYG_w18_brian_daboll, change_kind offseason, last_game_id 2025_18_DAL_NYG, last_game_date 2026-01-04, successor_name John Harbaugh, successor_first_game_date 2026-09-13, data_gap_suspected true)",y,
2025_NYG_w18_mike_kafka,schedule,NYG,2025,offseason,Mike Kafka,2025_18_DAL_NYG,2026-01-04,John Harbaugh,2026-09-13,true,true,interim_not_retained,,https://en.wikipedia.org/wiki/2026_NFL_season#Head_coaching_and_general_manager_changes,suggested,"season page: Kafka ""took over as interim coach ... He finished the season with a 2-5 (.286) record""; John Harbaugh hired January 17; schedule never lists Kafka; no date | BLANK date: not on the season page | H1b: the corrected schedule (data/manual/coach_corrections.csv) now shows this change (was source_only)",y,
2025_PIT_w19_mike_tomlin,schedule,PIT,2025,offseason,Mike Tomlin,2025_19_HOU_PIT,2026-01-12,Mike McCarthy,2026-09-13,false,false,resigned,2026-01-13,https://en.wikipedia.org/wiki/2026_NFL_season#Head_coaching_and_general_manager_changes,suggested,"season page: reason ""Resigned""; ""Tomlin resigned on January 13"" (year from context)",y,
2025_TEN_w06_brian_callahan,schedule,TEN,2025,in_season,Brian Callahan,2025_06_TEN_LV,2025-10-12,Mike McCoy,2025-10-19,false,false,fired_in_season,2025-10-13,https://en.wikipedia.org/wiki/2025_NFL_season#Head_coaching_and_general_manager_changes,suggested,"season page (in-season): ""Callahan was fired as head coach on October 13""; interim Mike McCoy. SCHEDULE GAP: nflverse lists Callahan all season | H1b: schedule fields re-derived after the coach corrections (was candidate_id 2025_TEN_w18_brian_callahan, change_kind offseason, last_game_id 2025_18_TEN_JAX, last_game_date 2026-01-04, successor_name Robert Saleh, successor_first_game_date 2026-09-13, data_gap_suspected true)",y,
2025_TEN_w18_mike_mccoy,schedule,TEN,2025,offseason,Mike McCoy,2025_18_TEN_JAX,2026-01-04,Robert Saleh,2026-09-13,true,true,interim_not_retained,,https://en.wikipedia.org/wiki/2026_NFL_season#Head_coaching_and_general_manager_changes,suggested,"season page: McCoy ""took over as interim coach ... He finished the season with a 2-9 (.182) record""; Robert Saleh hired; schedule never lists McCoy; no date | BLANK date: not on the season page | H1b: the corrected schedule (data/manual/coach_corrections.csv) now shows this change (was source_only)",y,
