candidate_id,team,last_season,change_kind,coach_id,coach_name,last_game_id,last_game_date,last_week,last_season_type,successor_id,successor_name,successor_first_game_id,successor_first_game_date,team_record,coach_games_in_season,tenure_first_season,interim_suspected,data_gap_suspected,coach_returns,auto_note
2002_CIN_w17_dick_lebeau,CIN,2002,offseason,dick_lebeau,Dick LeBeau,2002_17_CIN_BUF,2002-12-29,17,REG,marvin_lewis,Marvin Lewis,2003_01_DEN_CIN,2003-09-07,2-14-0,16,2000,false,false,false,
2002_DAL_w17_dave_campo,DAL,2002,offseason,dave_campo,Dave Campo,2002_17_DAL_WAS,2002-12-29,17,REG,bill_parcells,Bill Parcells,2003_01_ATL_DAL,2003-09-07,5-11-0,16,2000,false,false,false,
2002_DET_w17_marty_mornhinweg,DET,2002,offseason,marty_mornhinweg,Marty Mornhinweg,2002_17_MIN_DET,2002-12-29,17,REG,steve_mariucci,Steve Mariucci,2003_01_ARI_DET,2003-09-07,3-13-0,16,2001,false,false,false,
2002_JAX_w17_tom_coughlin,JAX,2002,offseason,tom_coughlin,Tom Coughlin,2002_17_JAX_IND,2002-12-29,17,REG,jack_del_rio,Jack Del Rio,2003_01_JAX_CAR,2003-09-07,6-10-0,16,1999,false,false,false,
2002_SF_w19_steve_mariucci,SF,2002,offseason,steve_mariucci,Steve Mariucci,2002_19_SF_TB,2003-01-12,19,POST,dennis_erickson,Dennis Erickson,2003_01_CHI_SF,2003-09-07,10-6-0,18,1999,false,false,false,
2003_ARI_w17_dave_mcginnis,ARI,2003,offseason,dave_mcginnis,Dave McGinnis,2003_17_MIN_ARI,2003-12-28,17,REG,dennis_green,Dennis Green,2004_01_ARI_STL,2004-09-12,4-12-0,16,2000,false,false,false,
2003_ATL_w14_dan_reeves,ATL,2003,in_season,dan_reeves,Dan Reeves,2003_14_CAR_ATL,2003-12-07,14,REG,wade_phillips,Wade Phillips,2003_15_ATL_IND,2003-12-14,5-11-0,13,1999,false,false,false,
2003_ATL_w17_wade_phillips,ATL,2003,offseason,wade_phillips,Wade Phillips,2003_17_JAX_ATL,2003-12-28,17,REG,jim_mora,Jim Mora,2004_01_ATL_SF,2004-09-12,5-11-0,3,2003,true,false,false,took over in season 2003 week 15
2003_BUF_w17_gregg_williams,BUF,2003,offseason,gregg_williams,Gregg Williams,2003_17_BUF_NE,2003-12-27,17,REG,mike_mularkey,Mike Mularkey,2004_01_JAX_BUF,2004-09-12,6-10-0,16,2001,false,false,false,
2003_CHI_w17_dick_jauron,CHI,2003,offseason,dick_jauron,Dick Jauron,2003_17_CHI_KC,2003-12-28,17,REG,lovie_smith,Lovie Smith,2004_01_DET_CHI,2004-09-12,7-9-0,16,1999,false,false,false,
2003_LV_w17_bill_callahan,LV,2003,offseason,bill_callahan,Bill Callahan,2003_17_OAK_SD,2003-12-28,17,REG,norv_turner,Norv Turner,2004_01_OAK_PIT,2004-09-12,4-12-0,16,2002,false,false,false,
2003_NYG_w17_jim_fassel,NYG,2003,offseason,jim_fassel,Jim Fassel,2003_17_CAR_NYG,2003-12-28,17,REG,tom_coughlin,Tom Coughlin,2004_01_NYG_PHI,2004-09-12,4-12-0,16,1999,false,false,false,
2003_WAS_w17_steve_spurrier,WAS,2003,offseason,steve_spurrier,Steve Spurrier,2003_17_PHI_WAS,2003-12-27,17,REG,joe_gibbs,Joe Gibbs,2004_01_TB_WAS,2004-09-12,5-11-0,16,2002,false,false,false,
2004_CLE_w12_butch_davis,CLE,2004,in_season,butch_davis,Butch Davis,2004_12_CLE_CIN,2004-11-28,12,REG,terry_robiskie,Terry Robiskie,2004_13_NE_CLE,2004-12-05,4-12-0,11,2001,false,false,false,
2004_CLE_w17_terry_robiskie,CLE,2004,offseason,terry_robiskie,Terry Robiskie,2004_17_CLE_HOU,2005-01-02,17,REG,romeo_crennel,Romeo Crennel,2005_01_CIN_CLE,2005-09-11,4-12-0,5,2004,true,false,false,took over in season 2004 week 13
2004_MIA_w09_dave_wannstedt,MIA,2004,in_season,dave_wannstedt,Dave Wannstedt,2004_09_ARI_MIA,2004-11-07,9,REG,jim_bates,Jim Bates,2004_11_MIA_SEA,2004-11-21,4-12-0,9,2000,false,false,false,
2004_MIA_w17_jim_bates,MIA,2004,offseason,jim_bates,Jim Bates,2004_17_MIA_BAL,2005-01-02,17,REG,nick_saban,Nick Saban,2005_01_DEN_MIA,2005-09-11,4-12-0,7,2004,true,false,false,took over in season 2004 week 11
2004_SF_w17_dennis_erickson,SF,2004,offseason,dennis_erickson,Dennis Erickson,2004_17_SF_NE,2005-01-02,17,REG,mike_nolan,Mike Nolan,2005_01_STL_SF,2005-09-11,2-14-0,16,2003,false,false,false,
2005_BUF_w17_mike_mularkey,BUF,2005,offseason,mike_mularkey,Mike Mularkey,2005_17_BUF_NYJ,2006-01-01,17,REG,dick_jauron,Dick Jauron,2006_01_BUF_NE,2006-09-10,5-11-0,16,2004,false,false,false,
2005_DET_w12_steve_mariucci,DET,2005,in_season,steve_mariucci,Steve Mariucci,2005_12_ATL_DET,2005-11-24,12,REG,dick_jauron,Dick Jauron,2005_13_MIN_DET,2005-12-04,5-11-0,11,2003,false,false,false,
2005_DET_w17_dick_jauron,DET,2005,offseason,dick_jauron,Dick Jauron,2005_17_DET_PIT,2006-01-01,17,REG,rod_marinelli,Rod Marinelli,2006_01_SEA_DET,2006-09-10,5-11-0,5,2005,true,false,false,took over in season 2005 week 13
2005_GB_w17_mike_sherman,GB,2005,offseason,mike_sherman,Mike Sherman,2005_17_SEA_GB,2006-01-01,17,REG,mike_mccarthy,Mike McCarthy,2006_01_CHI_GB,2006-09-10,4-12-0,16,2000,false,false,false,
2005_HOU_w17_dom_capers,HOU,2005,offseason,dom_capers,Dom Capers,2005_17_HOU_SF,2006-01-01,17,REG,gary_kubiak,Gary Kubiak,2006_01_PHI_HOU,2006-09-10,2-14-0,16,2002,false,false,false,
2005_KC_w17_dick_vermeil,KC,2005,offseason,dick_vermeil,Dick Vermeil,2005_17_CIN_KC,2006-01-01,17,REG,herm_edwards,Herm Edwards,2006_01_CIN_KC,2006-09-10,10-6-0,16,2001,false,false,false,
2005_LA_w05_mike_martz,LA,2005,in_season,mike_martz,Mike Martz,2005_05_SEA_STL,2005-10-09,5,REG,joe_vitt,Joe Vitt,2005_06_STL_IND,2005-10-17,6-10-0,5,2000,false,false,false,
2005_LA_w17_joe_vitt,LA,2005,offseason,joe_vitt,Joe Vitt,2005_17_STL_DAL,2006-01-01,17,REG,scott_linehan,Scott Linehan,2006_01_DEN_STL,2006-09-10,6-10-0,11,2005,true,false,false,took over in season 2005 week 6
2005_LV_w17_norv_turner,LV,2005,offseason,norv_turner,Norv Turner,2005_17_NYG_OAK,2005-12-31,17,REG,art_shell,Art Shell,2006_01_SD_OAK,2006-09-11,4-12-0,16,2004,false,false,false,
2005_MIN_w17_mike_tice,MIN,2005,offseason,mike_tice,Mike Tice,2005_17_CHI_MIN,2006-01-01,17,REG,brad_childress,Brad Childress,2006_01_MIN_WAS,2006-09-11,9-7-0,16,2001,false,false,false,
2005_NO_w17_jim_haslett,NO,2005,offseason,jim_haslett,Jim Haslett,2005_17_NO_TB,2006-01-01,17,REG,sean_payton,Sean Payton,2006_01_NO_CLE,2006-09-10,3-13-0,16,2000,false,false,false,
2005_NYJ_w17_herm_edwards,NYJ,2005,offseason,herm_edwards,Herm Edwards,2005_17_BUF_NYJ,2006-01-01,17,REG,eric_mangini,Eric Mangini,2006_01_NYJ_TEN,2006-09-10,4-12-0,16,2001,false,false,false,
2006_ARI_w17_dennis_green,ARI,2006,offseason,dennis_green,Dennis Green,2006_17_ARI_SD,2006-12-31,17,REG,ken_whisenhunt,Ken Whisenhunt,2007_01_ARI_SF,2007-09-10,5-11-0,16,2004,false,false,false,
2006_ATL_w17_jim_mora,ATL,2006,offseason,jim_mora,Jim Mora,2006_17_ATL_PHI,2006-12-31,17,REG,bobby_petrino,Bobby Petrino,2007_01_ATL_MIN,2007-09-09,7-9-0,16,2004,false,false,false,
2006_DAL_w18_bill_parcells,DAL,2006,offseason,bill_parcells,Bill Parcells,2006_18_DAL_SEA,2007-01-06,18,POST,wade_phillips,Wade Phillips,2007_01_NYG_DAL,2007-09-09,9-7-0,17,2003,false,false,false,
2006_LAC_w19_marty_schottenheimer,LAC,2006,offseason,marty_schottenheimer,Marty Schottenheimer,2006_19_NE_SD,2007-01-14,19,POST,norv_turner,Norv Turner,2007_01_CHI_SD,2007-09-09,14-2-0,17,2002,false,false,false,
2006_LV_w17_art_shell,LV,2006,offseason,art_shell,Art Shell,2006_17_OAK_NYJ,2006-12-31,17,REG,lane_kiffin,Lane Kiffin,2007_01_DET_OAK,2007-09-09,2-14-0,16,2006,false,false,false,
2006_MIA_w17_nick_saban,MIA,2006,offseason,nick_saban,Nick Saban,2006_17_MIA_IND,2006-12-31,17,REG,cam_cameron,Cam Cameron,2007_01_MIA_WAS,2007-09-09,6-10-0,16,2005,false,false,false,
2006_PIT_w17_bill_cowher,PIT,2006,offseason,bill_cowher,Bill Cowher,2006_17_PIT_CIN,2006-12-31,17,REG,mike_tomlin,Mike Tomlin,2007_01_PIT_CLE,2007-09-09,8-8-0,16,1999,false,false,false,
2007_ATL_w13_bobby_petrino,ATL,2007,in_season,bobby_petrino,Bobby Petrino,2007_13_ATL_STL,2007-12-02,13,REG,emmitt_thomas,Emmitt Thomas,2007_14_NO_ATL,2007-12-10,4-12-0,12,2007,false,false,false,
2007_ATL_w17_emmitt_thomas,ATL,2007,offseason,emmitt_thomas,Emmitt Thomas,2007_17_SEA_ATL,2007-12-30,17,REG,mike_smith,Mike Smith,2008_01_DET_ATL,2008-09-07,4-12-0,4,2007,true,false,false,took over in season 2007 week 14
2007_BAL_w17_brian_billick,BAL,2007,offseason,brian_billick,Brian Billick,2007_17_PIT_BAL,2007-12-30,17,REG,john_harbaugh,John Harbaugh,2008_01_CIN_BAL,2008-09-07,5-11-0,16,1999,false,false,false,
2007_MIA_w17_cam_cameron,MIA,2007,offseason,cam_cameron,Cam Cameron,2007_17_CIN_MIA,2007-12-30,17,REG,tony_sparano,Tony Sparano,2008_01_NYJ_MIA,2008-09-07,1-15-0,16,2007,false,false,false,
2007_WAS_w18_joe_gibbs,WAS,2007,offseason,joe_gibbs,Joe Gibbs,2007_18_WAS_SEA,2008-01-05,18,POST,jim_zorn,Jim Zorn,2008_01_WAS_NYG,2008-09-04,9-7-0,17,2004,false,false,false,
2008_CLE_w17_romeo_crennel,CLE,2008,offseason,romeo_crennel,Romeo Crennel,2008_17_CLE_PIT,2008-12-28,17,REG,eric_mangini,Eric Mangini,2009_01_MIN_CLE,2009-09-13,4-12-0,16,2005,false,false,false,
2008_DEN_w17_mike_shanahan,DEN,2008,offseason,mike_shanahan,Mike Shanahan,2008_17_DEN_SD,2008-12-28,17,REG,josh_mcdaniels,Josh McDaniels,2009_01_DEN_CIN,2009-09-13,8-8-0,16,1999,false,false,false,
2008_DET_w17_rod_marinelli,DET,2008,offseason,rod_marinelli,Rod Marinelli,2008_17_DET_GB,2008-12-28,17,REG,jim_schwartz,Jim Schwartz,2009_01_DET_NO,2009-09-13,0-16-0,16,2006,false,false,false,
2008_IND_w18_tony_dungy,IND,2008,offseason,tony_dungy,Tony Dungy,2008_18_IND_SD,2009-01-03,18,POST,jim_caldwell,Jim Caldwell,2009_01_JAX_IND,2009-09-13,12-4-0,17,2002,false,false,false,
2008_KC_w17_herm_edwards,KC,2008,offseason,herm_edwards,Herm Edwards,2008_17_KC_CIN,2008-12-28,17,REG,todd_haley,Todd Haley,2009_01_KC_BAL,2009-09-13,2-14-0,16,2006,false,false,false,
2008_LA_w04_scott_linehan,LA,2008,in_season,scott_linehan,Scott Linehan,2008_04_BUF_STL,2008-09-28,4,REG,jim_haslett,Jim Haslett,2008_06_STL_WAS,2008-10-12,2-14-0,4,2006,false,false,false,
2008_LA_w17_jim_haslett,LA,2008,offseason,jim_haslett,Jim Haslett,2008_17_STL_ATL,2008-12-28,17,REG,steve_spagnuolo,Steve Spagnuolo,2009_01_STL_SEA,2009-09-13,2-14-0,12,2008,true,false,false,took over in season 2008 week 6
2008_LV_w04_lane_kiffin,LV,2008,in_season,lane_kiffin,Lane Kiffin,2008_04_SD_OAK,2008-09-28,4,REG,tom_cable,Tom Cable,2008_06_OAK_NO,2008-10-12,5-11-0,4,2007,false,false,false,
2008_NYJ_w17_eric_mangini,NYJ,2008,offseason,eric_mangini,Eric Mangini,2008_17_MIA_NYJ,2008-12-28,17,REG,rex_ryan,Rex Ryan,2009_01_NYJ_HOU,2009-09-13,9-7-0,16,2006,false,false,false,
2008_SEA_w17_mike_holmgren,SEA,2008,offseason,mike_holmgren,Mike Holmgren,2008_17_SEA_ARI,2008-12-28,17,REG,jim_mora,Jim Mora,2009_01_STL_SEA,2009-09-13,4-12-0,16,1999,false,false,false,
2008_SF_w07_mike_nolan,SF,2008,in_season,mike_nolan,Mike Nolan,2008_07_SF_NYG,2008-10-19,7,REG,mike_singletary,Mike Singletary,2008_08_SEA_SF,2008-10-26,7-9-0,7,2005,false,false,false,
2008_TB_w17_jon_gruden,TB,2008,offseason,jon_gruden,Jon Gruden,2008_17_OAK_TB,2008-12-28,17,REG,raheem_morris,Raheem Morris,2009_01_DAL_TB,2009-09-13,9-7-0,16,2002,false,false,false,
2009_BUF_w10_dick_jauron,BUF,2009,in_season,dick_jauron,Dick Jauron,2009_10_BUF_TEN,2009-11-15,10,REG,perry_fewell,Perry Fewell,2009_11_BUF_JAX,2009-11-22,6-10-0,9,2006,false,false,false,
2009_BUF_w17_perry_fewell,BUF,2009,offseason,perry_fewell,Perry Fewell,2009_17_IND_BUF,2010-01-03,17,REG,chan_gailey,Chan Gailey,2010_01_MIA_BUF,2010-09-12,6-10-0,7,2009,true,false,false,took over in season 2009 week 11
2009_SEA_w17_jim_mora,SEA,2009,offseason,jim_mora,Jim Mora,2009_17_TEN_SEA,2010-01-03,17,REG,pete_carroll,Pete Carroll,2010_01_SF_SEA,2010-09-12,5-11-0,16,2009,false,false,false,
2009_WAS_w17_jim_zorn,WAS,2009,offseason,jim_zorn,Jim Zorn,2009_17_WAS_SD,2010-01-03,17,REG,mike_shanahan,Mike Shanahan,2010_01_DAL_WAS,2010-09-12,4-12-0,16,2008,false,false,false,
2010_CAR_w17_john_fox,CAR,2010,offseason,john_fox,John Fox,2010_17_CAR_ATL,2011-01-02,17,REG,ron_rivera,Ron Rivera,2011_01_CAR_ARI,2011-09-11,2-14-0,16,2002,false,false,false,
2010_CLE_w17_eric_mangini,CLE,2010,offseason,eric_mangini,Eric Mangini,2010_17_PIT_CLE,2011-01-02,17,REG,pat_shurmur,Pat Shurmur,2011_01_CIN_CLE,2011-09-11,5-11-0,16,2009,false,false,false,
2010_DAL_w09_wade_phillips,DAL,2010,in_season,wade_phillips,Wade Phillips,2010_09_DAL_GB,2010-11-07,9,REG,jason_garrett,Jason Garrett,2010_10_DAL_NYG,2010-11-14,6-10-0,8,2007,false,false,false,
2010_DEN_w13_josh_mcdaniels,DEN,2010,in_season,josh_mcdaniels,Josh McDaniels,2010_13_DEN_KC,2010-12-05,13,REG,eric_studesville,Eric Studesville,2010_14_DEN_ARI,2010-12-12,4-12-0,12,2009,false,false,false,
2010_DEN_w17_eric_studesville,DEN,2010,offseason,eric_studesville,Eric Studesville,2010_17_SD_DEN,2011-01-02,17,REG,john_fox,John Fox,2011_01_OAK_DEN,2011-09-12,4-12-0,4,2010,true,false,false,took over in season 2010 week 14
2010_LV_w17_tom_cable,LV,2010,offseason,tom_cable,Tom Cable,2010_17_OAK_KC,2011-01-02,17,REG,hue_jackson,Hue Jackson,2011_01_OAK_DEN,2011-09-12,8-8-0,16,2008,false,false,false,
2010_MIN_w11_brad_childress,MIN,2010,in_season,brad_childress,Brad Childress,2010_11_GB_MIN,2010-11-21,11,REG,leslie_frazier,Leslie Frazier,2010_12_MIN_WAS,2010-11-28,6-10-0,10,2006,false,false,false,
2010_SF_w16_mike_singletary,SF,2010,in_season,mike_singletary,Mike Singletary,2010_16_SF_STL,2010-12-26,16,REG,jim_tomsula,Jim Tomsula,2010_17_ARI_SF,2011-01-02,6-10-0,15,2008,false,false,false,
2010_SF_w17_jim_tomsula,SF,2010,offseason,jim_tomsula,Jim Tomsula,2010_17_ARI_SF,2011-01-02,17,REG,jim_harbaugh,Jim Harbaugh,2011_01_SEA_SF,2011-09-11,6-10-0,1,2010,true,false,true,took over in season 2010 week 17; coaches SF again from 2015 week 1
2010_TEN_w17_jeff_fisher,TEN,2010,offseason,jeff_fisher,Jeff Fisher,2010_17_TEN_IND,2011-01-02,17,REG,mike_munchak,Mike Munchak,2011_01_TEN_JAX,2011-09-11,6-10-0,16,1999,false,false,false,
2011_IND_w17_jim_caldwell,IND,2011,offseason,jim_caldwell,Jim Caldwell,2011_17_IND_JAX,2012-01-01,17,REG,chuck_pagano,Chuck Pagano,2012_01_IND_CHI,2012-09-09,2-14-0,16,2009,false,false,false,
2011_JAX_w12_jack_del_rio,JAX,2011,in_season,jack_del_rio,Jack Del Rio,2011_12_HOU_JAX,2011-11-27,12,REG,mel_tucker,Mel Tucker,2011_13_SD_JAX,2011-12-05,5-11-0,11,2003,false,false,false,
2011_JAX_w17_mel_tucker,JAX,2011,offseason,mel_tucker,Mel Tucker,2011_17_IND_JAX,2012-01-01,17,REG,mike_mularkey,Mike Mularkey,2012_01_JAX_MIN,2012-09-09,5-11-0,5,2011,true,false,false,took over in season 2011 week 13
2011_KC_w14_todd_haley,KC,2011,in_season,todd_haley,Todd Haley,2011_14_KC_NYJ,2011-12-11,14,REG,romeo_crennel,Romeo Crennel,2011_15_GB_KC,2011-12-18,7-9-0,13,2009,false,false,false,
2011_LA_w17_steve_spagnuolo,LA,2011,offseason,steve_spagnuolo,Steve Spagnuolo,2011_17_SF_STL,2012-01-01,17,REG,jeff_fisher,Jeff Fisher,2012_01_STL_DET,2012-09-09,2-14-0,16,2009,false,false,false,
2011_LV_w17_hue_jackson,LV,2011,offseason,hue_jackson,Hue Jackson,2011_17_SD_OAK,2012-01-01,17,REG,dennis_allen,Dennis Allen,2012_01_SD_OAK,2012-09-10,8-8-0,16,2011,false,false,false,
2011_MIA_w14_tony_sparano,MIA,2011,in_season,tony_sparano,Tony Sparano,2011_14_PHI_MIA,2011-12-11,14,REG,todd_bowles,Todd Bowles,2011_15_MIA_BUF,2011-12-18,6-10-0,13,2008,false,false,false,
2011_MIA_w17_todd_bowles,MIA,2011,offseason,todd_bowles,Todd Bowles,2011_17_NYJ_MIA,2012-01-01,17,REG,joe_philbin,Joe Philbin,2012_01_MIA_HOU,2012-09-09,6-10-0,3,2011,true,false,false,took over in season 2011 week 15
2011_NO_w19_sean_payton,NO,2011,offseason,sean_payton,Sean Payton,2011_19_NO_SF,2012-01-14,19,POST,aaron_kromer,Aaron Kromer,2012_01_WAS_NO,2012-09-09,13-3-0,18,2006,false,false,true,coaches NO again from 2013 week 1
2011_TB_w17_raheem_morris,TB,2011,offseason,raheem_morris,Raheem Morris,2011_17_TB_ATL,2012-01-01,17,REG,greg_schiano,Greg Schiano,2012_01_CAR_TB,2012-09-09,4-12-0,16,2009,false,false,false,
2012_ARI_w17_ken_whisenhunt,ARI,2012,offseason,ken_whisenhunt,Ken Whisenhunt,2012_17_ARI_SF,2012-12-30,17,REG,bruce_arians,Bruce Arians,2013_01_ARI_STL,2013-09-08,5-11-0,16,2007,false,false,false,
2012_BUF_w17_chan_gailey,BUF,2012,offseason,chan_gailey,Chan Gailey,2012_17_NYJ_BUF,2012-12-30,17,REG,doug_marrone,Doug Marrone,2013_01_NE_BUF,2013-09-08,6-10-0,16,2010,false,false,false,
2012_CHI_w17_lovie_smith,CHI,2012,offseason,lovie_smith,Lovie Smith,2012_17_CHI_DET,2012-12-30,17,REG,marc_trestman,Marc Trestman,2013_01_CIN_CHI,2013-09-08,10-6-0,16,2004,false,false,false,
2012_CLE_w17_pat_shurmur,CLE,2012,offseason,pat_shurmur,Pat Shurmur,2012_17_CLE_PIT,2012-12-30,17,REG,rob_chudzinski,Rob Chudzinski,2013_01_MIA_CLE,2013-09-08,5-11-0,16,2011,false,false,false,
2012_JAX_w17_mike_mularkey,JAX,2012,offseason,mike_mularkey,Mike Mularkey,2012_17_JAX_TEN,2012-12-30,17,REG,gus_bradley,Gus Bradley,2013_01_KC_JAX,2013-09-08,2-14-0,16,2012,false,false,false,
2012_KC_w17_romeo_crennel,KC,2012,offseason,romeo_crennel,Romeo Crennel,2012_17_KC_DEN,2012-12-30,17,REG,andy_reid,Andy Reid,2013_01_KC_JAX,2013-09-08,2-14-0,16,2011,false,false,false,
2012_LAC_w17_norv_turner,LAC,2012,offseason,norv_turner,Norv Turner,2012_17_OAK_SD,2012-12-30,17,REG,mike_mccoy,Mike McCoy,2013_01_HOU_SD,2013-09-09,7-9-0,16,2007,false,false,false,
2012_NO_w07_aaron_kromer,NO,2012,in_season,aaron_kromer,Aaron Kromer,2012_07_NO_TB,2012-10-21,7,REG,joe_vitt,Joe Vitt,2012_08_NO_DEN,2012-10-28,7-9-0,6,2012,false,false,false,
2012_NO_w17_joe_vitt,NO,2012,offseason,joe_vitt,Joe Vitt,2012_17_CAR_NO,2012-12-30,17,REG,sean_payton,Sean Payton,2013_01_ATL_NO,2013-09-08,7-9-0,10,2012,true,false,false,took over in season 2012 week 8
2012_PHI_w17_andy_reid,PHI,2012,offseason,andy_reid,Andy Reid,2012_17_PHI_NYG,2012-12-30,17,REG,chip_kelly,Chip Kelly,2013_01_PHI_WAS,2013-09-09,4-12-0,16,1999,false,false,false,
2013_CLE_w17_rob_chudzinski,CLE,2013,offseason,rob_chudzinski,Rob Chudzinski,2013_17_CLE_PIT,2013-12-29,17,REG,mike_pettine,Mike Pettine,2014_01_CLE_PIT,2014-09-07,4-12-0,16,2013,false,false,false,
2013_DET_w17_jim_schwartz,DET,2013,offseason,jim_schwartz,Jim Schwartz,2013_17_DET_MIN,2013-12-29,17,REG,jim_caldwell,Jim Caldwell,2014_01_NYG_DET,2014-09-08,7-9-0,16,2009,false,false,false,
2013_HOU_w14_gary_kubiak,HOU,2013,in_season,gary_kubiak,Gary Kubiak,2013_14_HOU_JAX,2013-12-05,14,REG,wade_phillips,Wade Phillips,2013_15_HOU_IND,2013-12-15,2-14-0,13,2006,false,false,false,
2013_HOU_w17_wade_phillips,HOU,2013,offseason,wade_phillips,Wade Phillips,2013_17_HOU_TEN,2013-12-29,17,REG,bill_o_brien,Bill O'Brien,2014_01_WAS_HOU,2014-09-07,2-14-0,3,2013,true,false,false,took over in season 2013 week 15
2013_MIN_w17_leslie_frazier,MIN,2013,offseason,leslie_frazier,Leslie Frazier,2013_17_DET_MIN,2013-12-29,17,REG,mike_zimmer,Mike Zimmer,2014_01_MIN_STL,2014-09-07,5-10-1,16,2010,false,false,false,
2013_TB_w17_greg_schiano,TB,2013,offseason,greg_schiano,Greg Schiano,2013_17_TB_NO,2013-12-29,17,REG,lovie_smith,Lovie Smith,2014_01_CAR_TB,2014-09-07,4-12-0,16,2012,false,false,false,
2013_TEN_w17_mike_munchak,TEN,2013,offseason,mike_munchak,Mike Munchak,2013_17_HOU_TEN,2013-12-29,17,REG,ken_whisenhunt,Ken Whisenhunt,2014_01_TEN_KC,2014-09-07,7-9-0,16,2011,false,false,false,
2013_WAS_w17_mike_shanahan,WAS,2013,offseason,mike_shanahan,Mike Shanahan,2013_17_WAS_NYG,2013-12-29,17,REG,jay_gruden,Jay Gruden,2014_01_WAS_HOU,2014-09-07,3-13-0,16,2010,false,false,false,
2014_ATL_w17_mike_smith,ATL,2014,offseason,mike_smith,Mike Smith,2014_17_CAR_ATL,2014-12-28,17,REG,dan_quinn,Dan Quinn,2015_01_PHI_ATL,2015-09-14,6-10-0,16,2008,false,false,false,
2014_BUF_w17_doug_marrone,BUF,2014,offseason,doug_marrone,Doug Marrone,2014_17_BUF_NE,2014-12-28,17,REG,rex_ryan,Rex Ryan,2015_01_IND_BUF,2015-09-13,9-7-0,16,2013,false,false,false,
2014_CHI_w17_marc_trestman,CHI,2014,offseason,marc_trestman,Marc Trestman,2014_17_CHI_MIN,2014-12-28,17,REG,john_fox,John Fox,2015_01_GB_CHI,2015-09-13,5-11-0,16,2013,false,false,false,
2014_DEN_w19_john_fox,DEN,2014,offseason,john_fox,John Fox,2014_19_IND_DEN,2015-01-11,19,POST,gary_kubiak,Gary Kubiak,2015_01_BAL_DEN,2015-09-13,12-4-0,17,2011,false,false,false,
2014_LV_w04_dennis_allen,LV,2014,in_season,dennis_allen,Dennis Allen,2014_04_MIA_OAK,2014-09-28,4,REG,tony_sparano,Tony Sparano,2014_06_SD_OAK,2014-10-12,3-13-0,4,2012,false,false,false,
2014_LV_w17_tony_sparano,LV,2014,offseason,tony_sparano,Tony Sparano,2014_17_OAK_DEN,2014-12-28,17,REG,jack_del_rio,Jack Del Rio,2015_01_CIN_OAK,2015-09-13,3-13-0,12,2014,true,false,false,took over in season 2014 week 6
2014_NYJ_w17_rex_ryan,NYJ,2014,offseason,rex_ryan,Rex Ryan,2014_17_NYJ_MIA,2014-12-28,17,REG,todd_bowles,Todd Bowles,2015_01_CLE_NYJ,2015-09-13,4-12-0,16,2009,false,false,false,
2014_SF_w17_jim_harbaugh,SF,2014,offseason,jim_harbaugh,Jim Harbaugh,2014_17_ARI_SF,2014-12-28,17,REG,jim_tomsula,Jim Tomsula,2015_01_MIN_SF,2015-09-14,8-8-0,16,2011,false,false,false,
2015_CLE_w17_mike_pettine,CLE,2015,offseason,mike_pettine,Mike Pettine,2015_17_PIT_CLE,2016-01-03,17,REG,hue_jackson,Hue Jackson,2016_01_CLE_PHI,2016-09-11,3-13-0,16,2014,false,false,false,
2015_MIA_w17_joe_philbin,MIA,2015,offseason,joe_philbin,Joe Philbin,2015_17_NE_MIA,2016-01-03,17,REG,adam_gase,Adam Gase,2016_01_MIA_SEA,2016-09-11,6-10-0,16,2012,false,false,false,
2015_NYG_w17_tom_coughlin,NYG,2015,offseason,tom_coughlin,Tom Coughlin,2015_17_PHI_NYG,2016-01-03,17,REG,ben_mcadoo,Ben McAdoo,2016_01_NYG_DAL,2016-09-11,6-10-0,16,2004,false,false,false,
2015_PHI_w16_chip_kelly,PHI,2015,in_season,chip_kelly,Chip Kelly,2015_16_WAS_PHI,2015-12-26,16,REG,pat_shurmur,Pat Shurmur,2015_17_PHI_NYG,2016-01-03,7-9-0,15,2013,false,false,false,
2015_PHI_w17_pat_shurmur,PHI,2015,offseason,pat_shurmur,Pat Shurmur,2015_17_PHI_NYG,2016-01-03,17,REG,doug_pederson,Doug Pederson,2016_01_CLE_PHI,2016-09-11,7-9-0,1,2015,true,false,false,took over in season 2015 week 17
2015_SF_w17_jim_tomsula,SF,2015,offseason,jim_tomsula,Jim Tomsula,2015_17_STL_SF,2016-01-03,17,REG,chip_kelly,Chip Kelly,2016_01_LA_SF,2016-09-12,5-11-0,16,2015,false,false,false,
2015_TB_w17_lovie_smith,TB,2015,offseason,lovie_smith,Lovie Smith,2015_17_TB_CAR,2016-01-03,17,REG,dirk_koetter,Dirk Koetter,2016_01_TB_ATL,2016-09-11,6-10-0,16,2014,false,false,false,
2015_TEN_w17_ken_whisenhunt,TEN,2015,offseason,ken_whisenhunt,Ken Whisenhunt,2015_17_TEN_IND,2016-01-03,17,REG,mike_mularkey,Mike Mularkey,2016_01_MIN_TEN,2016-09-11,3-13-0,16,2014,false,false,false,
2016_BUF_w16_rex_ryan,BUF,2016,in_season,rex_ryan,Rex Ryan,2016_16_MIA_BUF,2016-12-24,16,REG,anthony_lynn,Anthony Lynn,2016_17_BUF_NYJ,2017-01-01,7-9-0,15,2015,false,false,false,
2016_BUF_w17_anthony_lynn,BUF,2016,offseason,anthony_lynn,Anthony Lynn,2016_17_BUF_NYJ,2017-01-01,17,REG,sean_mcdermott,Sean McDermott,2017_01_NYJ_BUF,2017-09-10,7-9-0,1,2016,true,false,false,took over in season 2016 week 17
2016_DEN_w17_gary_kubiak,DEN,2016,offseason,gary_kubiak,Gary Kubiak,2016_17_OAK_DEN,2017-01-01,17,REG,vance_joseph,Vance Joseph,2017_01_LAC_DEN,2017-09-11,9-7-0,16,2015,false,false,false,
2016_JAX_w15_gus_bradley,JAX,2016,in_season,gus_bradley,Gus Bradley,2016_15_JAX_HOU,2016-12-18,15,REG,doug_marrone,Doug Marrone,2016_16_TEN_JAX,2016-12-24,3-13-0,14,2013,false,false,false,
2016_LA_w17_jeff_fisher,LA,2016,offseason,jeff_fisher,Jeff Fisher,2016_17_ARI_LA,2017-01-01,17,REG,sean_mcvay,Sean McVay,2017_01_IND_LA,2017-09-10,4-12-0,16,2012,false,false,false,
2016_LAC_w17_mike_mccoy,LAC,2016,offseason,mike_mccoy,Mike McCoy,2016_17_KC_SD,2017-01-01,17,REG,anthony_lynn,Anthony Lynn,2017_01_LAC_DEN,2017-09-11,5-11-0,16,2013,false,false,false,
2016_SF_w17_chip_kelly,SF,2016,offseason,chip_kelly,Chip Kelly,2016_17_SEA_SF,2017-01-01,17,REG,kyle_shanahan,Kyle Shanahan,2017_01_CAR_SF,2017-09-10,2-14-0,16,2016,false,false,false,
2017_ARI_w17_bruce_arians,ARI,2017,offseason,bruce_arians,Bruce Arians,2017_17_ARI_SEA,2017-12-31,17,REG,steve_wilks,Steve Wilks,2018_01_WAS_ARI,2018-09-09,8-8-0,16,2013,false,false,false,
2017_CHI_w17_john_fox,CHI,2017,offseason,john_fox,John Fox,2017_17_CHI_MIN,2017-12-31,17,REG,matt_nagy,Matt Nagy,2018_01_CHI_GB,2018-09-09,5-11-0,16,2015,false,false,false,
2017_DET_w17_jim_caldwell,DET,2017,offseason,jim_caldwell,Jim Caldwell,2017_17_GB_DET,2017-12-31,17,REG,matt_patricia,Matt Patricia,2018_01_NYJ_DET,2018-09-10,9-7-0,16,2014,false,false,false,
2017_IND_w17_chuck_pagano,IND,2017,offseason,chuck_pagano,Chuck Pagano,2017_17_HOU_IND,2017-12-31,17,REG,frank_reich,Frank Reich,2018_01_CIN_IND,2018-09-09,4-12-0,16,2012,false,false,false,
2017_LV_w17_jack_del_rio,LV,2017,offseason,jack_del_rio,Jack Del Rio,2017_17_OAK_LAC,2017-12-31,17,REG,jon_gruden,Jon Gruden,2018_01_LA_OAK,2018-09-10,6-10-0,16,2015,false,false,false,
2017_NYG_w13_ben_mcadoo,NYG,2017,in_season,ben_mcadoo,Ben McAdoo,2017_13_NYG_OAK,2017-12-03,13,REG,steve_spagnuolo,Steve Spagnuolo,2017_14_DAL_NYG,2017-12-10,3-13-0,12,2016,false,false,false,
2017_NYG_w17_steve_spagnuolo,NYG,2017,offseason,steve_spagnuolo,Steve Spagnuolo,2017_17_WAS_NYG,2017-12-31,17,REG,pat_shurmur,Pat Shurmur,2018_01_JAX_NYG,2018-09-09,3-13-0,4,2017,true,false,false,took over in season 2017 week 14
2017_TEN_w19_mike_mularkey,TEN,2017,offseason,mike_mularkey,Mike Mularkey,2017_19_TEN_NE,2018-01-13,19,POST,mike_vrabel,Mike Vrabel,2018_01_TEN_MIA,2018-09-09,9-7-0,18,2016,false,false,false,
2018_ARI_w17_steve_wilks,ARI,2018,offseason,steve_wilks,Steve Wilks,2018_17_ARI_SEA,2018-12-30,17,REG,kliff_kingsbury,Kliff Kingsbury,2019_01_DET_ARI,2019-09-08,3-13-0,16,2018,false,false,false,
2018_CIN_w17_marvin_lewis,CIN,2018,offseason,marvin_lewis,Marvin Lewis,2018_17_CIN_PIT,2018-12-30,17,REG,zac_taylor,Zac Taylor,2019_01_CIN_SEA,2019-09-08,6-10-0,16,2003,false,false,false,
2018_CLE_w08_hue_jackson,CLE,2018,in_season,hue_jackson,Hue Jackson,2018_08_CLE_PIT,2018-10-28,8,REG,gregg_williams,Gregg Williams,2018_09_KC_CLE,2018-11-04,7-8-1,8,2016,false,false,false,
2018_CLE_w17_gregg_williams,CLE,2018,offseason,gregg_williams,Gregg Williams,2018_17_CLE_BAL,2018-12-30,17,REG,freddie_kitchens,Freddie Kitchens,2019_01_TEN_CLE,2019-09-08,7-8-1,8,2018,true,false,false,took over in season 2018 week 9
2018_DEN_w17_vance_joseph,DEN,2018,offseason,vance_joseph,Vance Joseph,2018_17_LAC_DEN,2018-12-30,17,REG,vic_fangio,Vic Fangio,2019_01_DEN_OAK,2019-09-09,6-10-0,16,2017,false,false,false,
2018_GB_w13_mike_mccarthy,GB,2018,in_season,mike_mccarthy,Mike McCarthy,2018_13_ARI_GB,2018-12-02,13,REG,joe_philbin,Joe Philbin,2018_14_ATL_GB,2018-12-09,6-9-1,12,2006,false,false,false,
2018_GB_w17_joe_philbin,GB,2018,offseason,joe_philbin,Joe Philbin,2018_17_DET_GB,2018-12-30,17,REG,matt_lafleur,Matt LaFleur,2019_01_GB_CHI,2019-09-05,6-9-1,4,2018,true,false,false,took over in season 2018 week 14
2018_MIA_w17_adam_gase,MIA,2018,offseason,adam_gase,Adam Gase,2018_17_MIA_BUF,2018-12-30,17,REG,brian_flores,Brian Flores,2019_01_BAL_MIA,2019-09-08,7-9-0,16,2016,false,false,false,
2018_NYJ_w17_todd_bowles,NYJ,2018,offseason,todd_bowles,Todd Bowles,2018_17_NYJ_NE,2018-12-30,17,REG,adam_gase,Adam Gase,2019_01_BUF_NYJ,2019-09-08,4-12-0,16,2015,false,false,false,
2018_TB_w17_dirk_koetter,TB,2018,offseason,dirk_koetter,Dirk Koetter,2018_17_ATL_TB,2018-12-30,17,REG,bruce_arians,Bruce Arians,2019_01_SF_TB,2019-09-08,5-11-0,16,2016,false,false,false,
2019_CAR_w17_ron_rivera,CAR,2019,offseason,ron_rivera,Ron Rivera,2019_17_NO_CAR,2019-12-29,17,REG,matt_rhule,Matt Rhule,2020_01_LV_CAR,2020-09-13,5-11-0,16,2011,false,false,false,
2019_CLE_w17_freddie_kitchens,CLE,2019,offseason,freddie_kitchens,Freddie Kitchens,2019_17_CLE_CIN,2019-12-29,17,REG,kevin_stefanski,Kevin Stefanski,2020_01_CLE_BAL,2020-09-13,6-10-0,16,2019,false,false,false,
2019_DAL_w17_jason_garrett,DAL,2019,offseason,jason_garrett,Jason Garrett,2019_17_WAS_DAL,2019-12-29,17,REG,mike_mccarthy,Mike McCarthy,2020_01_DAL_LA,2020-09-13,8-8-0,16,2010,false,false,false,
2019_NYG_w17_pat_shurmur,NYG,2019,offseason,pat_shurmur,Pat Shurmur,2019_17_PHI_NYG,2019-12-29,17,REG,joe_judge,Joe Judge,2020_01_PIT_NYG,2020-09-14,4-12-0,16,2018,false,false,false,
2019_WAS_w05_jay_gruden,WAS,2019,in_season,jay_gruden,Jay Gruden,2019_05_NE_WAS,2019-10-06,5,REG,bill_callahan,Bill Callahan,2019_06_WAS_MIA,2019-10-13,3-13-0,5,2014,false,false,false,
2019_WAS_w17_bill_callahan,WAS,2019,offseason,bill_callahan,Bill Callahan,2019_17_WAS_DAL,2019-12-29,17,REG,ron_rivera,Ron Rivera,2020_01_PHI_WAS,2020-09-13,3-13-0,11,2019,true,false,false,took over in season 2019 week 6
2020_ATL_w05_dan_quinn,ATL,2020,in_season,dan_quinn,Dan Quinn,2020_05_CAR_ATL,2020-10-11,5,REG,raheem_morris,Raheem Morris,2020_06_ATL_MIN,2020-10-18,4-12-0,5,2015,false,false,false,
2020_ATL_w17_raheem_morris,ATL,2020,offseason,raheem_morris,Raheem Morris,2020_17_ATL_TB,2021-01-03,17,REG,arthur_smith,Arthur Smith,2021_01_PHI_ATL,2021-09-12,4-12-0,11,2020,true,false,true,took over in season 2020 week 6; coaches ATL again from 2024 week 1
2020_DET_w12_matt_patricia,DET,2020,in_season,matt_patricia,Matt Patricia,2020_12_HOU_DET,2020-11-26,12,REG,darrell_bevell,Darrell Bevell,2020_13_DET_CHI,2020-12-06,5-11-0,11,2018,false,false,false,
2020_DET_w17_darrell_bevell,DET,2020,offseason,darrell_bevell,Darrell Bevell,2020_17_MIN_DET,2021-01-03,17,REG,dan_campbell,Dan Campbell,2021_01_SF_DET,2021-09-12,5-11-0,5,2020,true,false,false,took over in season 2020 week 13
2020_HOU_w04_bill_o_brien,HOU,2020,in_season,bill_o_brien,Bill O'Brien,2020_04_MIN_HOU,2020-10-04,4,REG,romeo_crennel,Romeo Crennel,2020_05_JAX_HOU,2020-10-11,4-12-0,4,2014,false,false,false,
2020_HOU_w17_romeo_crennel,HOU,2020,offseason,romeo_crennel,Romeo Crennel,2020_17_TEN_HOU,2021-01-03,17,REG,david_culley,David Culley,2021_01_JAX_HOU,2021-09-12,4-12-0,12,2020,true,false,false,took over in season 2020 week 5
2020_JAX_w17_doug_marrone,JAX,2020,offseason,doug_marrone,Doug Marrone,2020_17_JAX_IND,2021-01-03,17,REG,urban_meyer,Urban Meyer,2021_01_JAX_HOU,2021-09-12,1-15-0,16,2016,false,false,false,
2020_LAC_w17_anthony_lynn,LAC,2020,offseason,anthony_lynn,Anthony Lynn,2020_17_LAC_KC,2021-01-03,17,REG,brandon_staley,Brandon Staley,2021_01_LAC_WAS,2021-09-12,7-9-0,16,2017,false,false,false,
2020_NYJ_w17_adam_gase,NYJ,2020,offseason,adam_gase,Adam Gase,2020_17_NYJ_NE,2021-01-03,17,REG,robert_saleh,Robert Saleh,2021_01_NYJ_CAR,2021-09-12,2-14-0,16,2019,false,false,false,
2020_PHI_w17_doug_pederson,PHI,2020,offseason,doug_pederson,Doug Pederson,2020_17_WAS_PHI,2021-01-03,17,REG,nick_sirianni,Nick Sirianni,2021_01_PHI_ATL,2021-09-12,4-11-1,16,2016,false,false,false,
2021_CHI_w18_matt_nagy,CHI,2021,offseason,matt_nagy,Matt Nagy,2021_18_CHI_MIN,2022-01-09,18,REG,matt_eberflus,Matt Eberflus,2022_01_SF_CHI,2022-09-11,6-11-0,17,2018,false,false,false,
2021_DEN_w18_vic_fangio,DEN,2021,offseason,vic_fangio,Vic Fangio,2021_18_KC_DEN,2022-01-08,18,REG,nathaniel_hackett,Nathaniel Hackett,2022_01_DEN_SEA,2022-09-12,7-10-0,17,2019,false,false,false,
2021_HOU_w18_david_culley,HOU,2021,offseason,david_culley,David Culley,2021_18_TEN_HOU,2022-01-09,18,REG,lovie_smith,Lovie Smith,2022_01_IND_HOU,2022-09-11,4-13-0,17,2021,false,false,false,
2021_JAX_w14_urban_meyer,JAX,2021,in_season,urban_meyer,Urban Meyer,2021_14_JAX_TEN,2021-12-12,14,REG,darrell_bevell,Darrell Bevell,2021_15_HOU_JAX,2021-12-19,3-14-0,13,2021,false,false,false,
2021_JAX_w18_darrell_bevell,JAX,2021,offseason,darrell_bevell,Darrell Bevell,2021_18_IND_JAX,2022-01-09,18,REG,doug_pederson,Doug Pederson,2022_01_JAX_WAS,2022-09-11,3-14-0,4,2021,true,false,false,took over in season 2021 week 15
2021_LV_w05_jon_gruden,LV,2021,in_season,jon_gruden,Jon Gruden,2021_05_CHI_LV,2021-10-10,5,REG,rich_bisaccia,Rich Bisaccia,2021_06_LV_DEN,2021-10-17,10-7-0,5,2018,false,false,false,
2021_LV_w19_rich_bisaccia,LV,2021,offseason,rich_bisaccia,Rich Bisaccia,2021_19_LV_CIN,2022-01-15,19,POST,josh_mcdaniels,Josh McDaniels,2022_01_LV_LAC,2022-09-11,10-7-0,13,2021,true,false,false,took over in season 2021 week 6
2021_MIA_w18_brian_flores,MIA,2021,offseason,brian_flores,Brian Flores,2021_18_NE_MIA,2022-01-09,18,REG,mike_mcdaniel,Mike McDaniel,2022_01_NE_MIA,2022-09-11,9-8-0,17,2019,false,false,false,
2021_MIN_w18_mike_zimmer,MIN,2021,offseason,mike_zimmer,Mike Zimmer,2021_18_CHI_MIN,2022-01-09,18,REG,kevin_o_connell,Kevin O'Connell,2022_01_GB_MIN,2022-09-11,8-9-0,17,2014,false,false,false,
2021_NO_w18_sean_payton,NO,2021,offseason,sean_payton,Sean Payton,2021_18_NO_ATL,2022-01-09,18,REG,dennis_allen,Dennis Allen,2022_01_NO_ATL,2022-09-11,9-8-0,17,2013,false,false,false,
2021_NYG_w18_joe_judge,NYG,2021,offseason,joe_judge,Joe Judge,2021_18_WAS_NYG,2022-01-09,18,REG,brian_daboll,Brian Daboll,2022_01_NYG_TEN,2022-09-11,4-13-0,17,2020,false,false,false,
2021_TB_w20_bruce_arians,TB,2021,offseason,bruce_arians,Bruce Arians,2021_20_LA_TB,2022-01-23,20,POST,todd_bowles,Todd Bowles,2022_01_TB_DAL,2022-09-11,13-4-0,19,2019,false,false,false,
2022_ARI_w18_kliff_kingsbury,ARI,2022,offseason,kliff_kingsbury,Kliff Kingsbury,2022_18_ARI_SF,2023-01-08,18,REG,jonathan_gannon,Jonathan Gannon,2023_01_ARI_WAS,2023-09-10,4-13-0,17,2019,false,false,false,
2022_CAR_w05_matt_rhule,CAR,2022,in_season,matt_rhule,Matt Rhule,2022_05_SF_CAR,2022-10-09,5,REG,steve_wilks,Steve Wilks,2022_06_CAR_LA,2022-10-16,7-10-0,5,2020,false,false,false,
2022_CAR_w18_steve_wilks,CAR,2022,offseason,steve_wilks,Steve Wilks,2022_18_CAR_NO,2023-01-08,18,REG,frank_reich,Frank Reich,2023_01_CAR_ATL,2023-09-10,7-10-0,12,2022,true,false,false,took over in season 2022 week 6
2022_DEN_w16_nathaniel_hackett,DEN,2022,in_season,nathaniel_hackett,Nathaniel Hackett,2022_16_DEN_LA,2022-12-25,16,REG,jay_rosburg,Jay Rosburg,2022_17_DEN_KC,2023-01-01,5-12-0,15,2022,false,false,false,
2022_DEN_w18_jay_rosburg,DEN,2022,offseason,jay_rosburg,Jay Rosburg,2022_18_LAC_DEN,2023-01-08,18,REG,sean_payton,Sean Payton,2023_01_LV_DEN,2023-09-10,5-12-0,2,2022,true,false,false,took over in season 2022 week 17
2022_HOU_w18_lovie_smith,HOU,2022,offseason,lovie_smith,Lovie Smith,2022_18_HOU_IND,2023-01-08,18,REG,demeco_ryans,DeMeco Ryans,2023_01_HOU_BAL,2023-09-10,3-13-1,17,2022,false,false,false,
2022_IND_w09_frank_reich,IND,2022,in_season,frank_reich,Frank Reich,2022_09_IND_NE,2022-11-06,9,REG,jeff_saturday,Jeff Saturday,2022_10_IND_LV,2022-11-13,4-12-1,9,2018,false,false,false,
2022_IND_w18_jeff_saturday,IND,2022,offseason,jeff_saturday,Jeff Saturday,2022_18_HOU_IND,2023-01-08,18,REG,shane_steichen,Shane Steichen,2023_01_JAX_IND,2023-09-10,4-12-1,8,2022,true,false,false,took over in season 2022 week 10
2023_ATL_w18_arthur_smith,ATL,2023,offseason,arthur_smith,Arthur Smith,2023_18_ATL_NO,2024-01-07,18,REG,raheem_morris,Raheem Morris,2024_01_PIT_ATL,2024-09-08,7-10-0,17,2021,false,false,false,
2023_CAR_w12_frank_reich,CAR,2023,in_season,frank_reich,Frank Reich,2023_12_CAR_TEN,2023-11-26,12,REG,chris_tabor,Chris Tabor,2023_13_CAR_TB,2023-12-03,2-15-0,11,2023,false,false,false,
2023_CAR_w18_chris_tabor,CAR,2023,offseason,chris_tabor,Chris Tabor,2023_18_TB_CAR,2024-01-07,18,REG,dave_canales,Dave Canales,2024_01_CAR_NO,2024-09-08,2-15-0,6,2023,true,false,false,took over in season 2023 week 13
2023_LAC_w15_brandon_staley,LAC,2023,in_season,brandon_staley,Brandon Staley,2023_15_LAC_LV,2023-12-14,15,REG,giff_smith,Giff Smith,2023_16_BUF_LAC,2023-12-23,5-12-0,14,2021,false,false,false,
2023_LAC_w18_giff_smith,LAC,2023,offseason,giff_smith,Giff Smith,2023_18_KC_LAC,2024-01-07,18,REG,jim_harbaugh,Jim Harbaugh,2024_01_LV_LAC,2024-09-08,5-12-0,3,2023,true,false,false,took over in season 2023 week 16
2023_LV_w08_josh_mcdaniels,LV,2023,in_season,josh_mcdaniels,Josh McDaniels,2023_08_LV_DET,2023-10-30,8,REG,antonio_pierce,Antonio Pierce,2023_09_NYG_LV,2023-11-05,8-9-0,8,2022,false,false,false,
2023_NE_w18_bill_belichick,NE,2023,offseason,bill_belichick,Bill Belichick,2023_18_NYJ_NE,2024-01-07,18,REG,jerod_mayo,Jerod Mayo,2024_01_NE_CIN,2024-09-08,4-13-0,17,2000,false,false,false,
2023_SEA_w18_pete_carroll,SEA,2023,offseason,pete_carroll,Pete Carroll,2023_18_SEA_ARI,2024-01-07,18,REG,mike_macdonald,Mike Macdonald,2024_01_DEN_SEA,2024-09-08,9-8-0,17,2010,false,false,false,
2023_TEN_w18_mike_vrabel,TEN,2023,offseason,mike_vrabel,Mike Vrabel,2023_18_JAX_TEN,2024-01-07,18,REG,brian_callahan,Brian Callahan,2024_01_TEN_CHI,2024-09-08,6-11-0,17,2018,false,false,false,
2023_WAS_w18_ron_rivera,WAS,2023,offseason,ron_rivera,Ron Rivera,2023_18_DAL_WAS,2024-01-07,18,REG,dan_quinn,Dan Quinn,2024_01_WAS_TB,2024-09-08,4-13-0,17,2020,false,false,false,
2024_CHI_w18_matt_eberflus,CHI,2024,offseason,matt_eberflus,Matt Eberflus,2024_18_CHI_GB,2025-01-05,18,REG,ben_johnson,Ben Johnson,2025_01_MIN_CHI,2025-09-08,5-12-0,17,2022,false,true,false,"2024+ schedule lists one coach all season; losing record 5-12-0: check for an in-season firing, unnamed interim"
2024_DAL_w18_mike_mccarthy,DAL,2024,offseason,mike_mccarthy,Mike McCarthy,2024_18_WAS_DAL,2025-01-05,18,REG,brian_schottenheimer,Brian Schottenheimer,2025_01_DAL_PHI,2025-09-04,7-10-0,17,2020,false,true,false,"2024+ schedule lists one coach all season; losing record 7-10-0: check for an in-season firing, unnamed interim"
2024_JAX_w18_doug_pederson,JAX,2024,offseason,doug_pederson,Doug Pederson,2024_18_JAX_IND,2025-01-05,18,REG,liam_coen,Liam Coen,2025_01_CAR_JAX,2025-09-07,4-13-0,17,2022,false,true,false,"2024+ schedule lists one coach all season; losing record 4-13-0: check for an in-season firing, unnamed interim"
2024_LV_w18_antonio_pierce,LV,2024,offseason,antonio_pierce,Antonio Pierce,2024_18_LAC_LV,2025-01-05,18,REG,pete_carroll,Pete Carroll,2025_01_LV_NE,2025-09-07,4-13-0,17,2023,false,true,false,"2024+ schedule lists one coach all season; losing record 4-13-0: check for an in-season firing, unnamed interim"
2024_NE_w18_jerod_mayo,NE,2024,offseason,jerod_mayo,Jerod Mayo,2024_18_BUF_NE,2025-01-05,18,REG,mike_vrabel,Mike Vrabel,2025_01_LV_NE,2025-09-07,4-13-0,17,2024,false,true,false,"2024+ schedule lists one coach all season; losing record 4-13-0: check for an in-season firing, unnamed interim"
2024_NO_w18_dennis_allen,NO,2024,offseason,dennis_allen,Dennis Allen,2024_18_NO_TB,2025-01-05,18,REG,kellen_moore,Kellen Moore,2025_01_ARI_NO,2025-09-07,5-12-0,17,2022,false,true,false,"2024+ schedule lists one coach all season; losing record 5-12-0: check for an in-season firing, unnamed interim"
2024_NYJ_w18_robert_saleh,NYJ,2024,offseason,robert_saleh,Robert Saleh,2024_18_MIA_NYJ,2025-01-05,18,REG,aaron_glenn,Aaron Glenn,2025_01_PIT_NYJ,2025-09-07,5-12-0,17,2021,false,true,false,"2024+ schedule lists one coach all season; losing record 5-12-0: check for an in-season firing, unnamed interim"
2025_BAL_w18_john_harbaugh,BAL,2025,offseason,john_harbaugh,John Harbaugh,2025_18_BAL_PIT,2026-01-04,18,REG,jesse_minter,Jesse Minter,2026_01_BAL_IND,2026-09-13,8-9-0,17,2008,false,true,false,"2024+ schedule lists one coach all season; losing record 8-9-0: check for an in-season firing, unnamed interim"
2025_CLE_w18_kevin_stefanski,CLE,2025,offseason,kevin_stefanski,Kevin Stefanski,2025_18_CLE_CIN,2026-01-04,18,REG,todd_monken,Todd Monken,2026_01_CLE_JAX,2026-09-13,5-12-0,17,2020,false,true,false,"2024+ schedule lists one coach all season; losing record 5-12-0: check for an in-season firing, unnamed interim"
2025_LV_w18_pete_carroll,LV,2025,offseason,pete_carroll,Pete Carroll,2025_18_KC_LV,2026-01-04,18,REG,klint_kubliak,Klint Kubliak,2026_01_MIA_LV,2026-09-13,3-14-0,17,2025,false,true,false,"2024+ schedule lists one coach all season; losing record 3-14-0: check for an in-season firing, unnamed interim"
2025_MIA_w18_mike_mcdaniel,MIA,2025,offseason,mike_mcdaniel,Mike McDaniel,2025_18_MIA_NE,2026-01-04,18,REG,jeff_hafley,Jeff Hafley,2026_01_MIA_LV,2026-09-13,7-10-0,17,2022,false,true,false,"2024+ schedule lists one coach all season; losing record 7-10-0: check for an in-season firing, unnamed interim"
2025_NYG_w18_brian_daboll,NYG,2025,offseason,brian_daboll,Brian Daboll,2025_18_DAL_NYG,2026-01-04,18,REG,john_harbaugh,John Harbaugh,2026_01_DAL_NYG,2026-09-13,4-13-0,17,2022,false,true,false,"2024+ schedule lists one coach all season; losing record 4-13-0: check for an in-season firing, unnamed interim"
2025_PIT_w19_mike_tomlin,PIT,2025,offseason,mike_tomlin,Mike Tomlin,2025_19_HOU_PIT,2026-01-12,19,POST,mike_mccarthy,Mike McCarthy,2026_01_ATL_PIT,2026-09-13,10-7-0,18,2007,false,false,false,
2025_TEN_w18_brian_callahan,TEN,2025,offseason,brian_callahan,Brian Callahan,2025_18_TEN_JAX,2026-01-04,18,REG,robert_saleh,Robert Saleh,2026_01_NYJ_TEN,2026-09-13,3-14-0,17,2024,false,true,false,"2024+ schedule lists one coach all season; losing record 3-14-0: check for an in-season firing, unnamed interim"
2026_ARI_w03_jonathan_gannon,ARI,2026,none_recorded,jonathan_gannon,Jonathan Gannon,2026_03_ARI_SF,2026-09-27,3,REG,,,,,1-2-0,3,2023,false,true,false,no change recorded; losing record 1-2-0 so far: check
2026_ATL_w03_raheem_morris,ATL,2026,none_recorded,raheem_morris,Raheem Morris,2026_03_ATL_GB,2026-09-24,3,REG,,,,,1-2-0,3,2024,false,true,false,no change recorded; losing record 1-2-0 so far: check
2026_CAR_w03_dave_canales,CAR,2026,none_recorded,dave_canales,Dave Canales,2026_03_CAR_CLE,2026-09-27,3,REG,,,,,1-2-0,3,2024,false,true,false,no change recorded; losing record 1-2-0 so far: check
2026_DAL_w03_brian_schottenheimer,DAL,2026,none_recorded,brian_schottenheimer,Brian Schottenheimer,2026_03_BAL_DAL,2026-09-27,3,REG,,,,,1-2-0,3,2025,false,true,false,no change recorded; losing record 1-2-0 so far: check
2026_GB_w03_matt_lafleur,GB,2026,none_recorded,matt_lafleur,Matt LaFleur,2026_03_ATL_GB,2026-09-24,3,REG,,,,,1-2-0,3,2019,false,true,false,no change recorded; losing record 1-2-0 so far: check
2026_HOU_w03_demeco_ryans,HOU,2026,none_recorded,demeco_ryans,DeMeco Ryans,2026_03_HOU_IND,2026-09-27,3,REG,,,,,0-3-0,3,2023,false,true,false,no change recorded; losing record 0-3-0 so far: check
2026_IND_w03_shane_steichen,IND,2026,none_recorded,shane_steichen,Shane Steichen,2026_03_HOU_IND,2026-09-27,3,REG,,,,,1-2-0,3,2023,false,true,false,no change recorded; losing record 1-2-0 so far: check
2026_LA_w03_sean_mcvay,LA,2026,none_recorded,sean_mcvay,Sean McVay,2026_03_LA_DEN,2026-09-27,3,REG,,,,,1-2-0,3,2017,false,true,false,no change recorded; losing record 1-2-0 so far: check
2026_LAC_w03_jim_harbaugh,LAC,2026,none_recorded,jim_harbaugh,Jim Harbaugh,2026_03_LAC_BUF,2026-09-27,3,REG,,,,,0-3-0,3,2024,false,true,false,no change recorded; losing record 0-3-0 so far: check
2026_MIA_w03_jeff_hafley,MIA,2026,none_recorded,jeff_hafley,Jeff Hafley,2026_03_KC_MIA,2026-09-27,3,REG,,,,,0-3-0,3,2026,false,true,false,no change recorded; losing record 0-3-0 so far: check
2026_NE_w03_mike_vrabel,NE,2026,none_recorded,mike_vrabel,Mike Vrabel,2026_03_NE_JAX,2026-09-27,3,REG,,,,,1-2-0,3,2025,false,true,false,no change recorded; losing record 1-2-0 so far: check
2026_NO_w03_kellen_moore,NO,2026,none_recorded,kellen_moore,Kellen Moore,2026_03_LV_NO,2026-09-27,3,REG,,,,,1-2-0,3,2025,false,true,false,no change recorded; losing record 1-2-0 so far: check
2026_NYJ_w03_aaron_glenn,NYJ,2026,none_recorded,aaron_glenn,Aaron Glenn,2026_03_NYJ_DET,2026-09-27,3,REG,,,,,1-2-0,3,2025,false,true,false,no change recorded; losing record 1-2-0 so far: check
2026_TB_w03_todd_bowles,TB,2026,none_recorded,todd_bowles,Todd Bowles,2026_03_MIN_TB,2026-09-27,3,REG,,,,,0-3-0,3,2022,false,true,false,no change recorded; losing record 0-3-0 so far: check
2026_TEN_w03_robert_saleh,TEN,2026,none_recorded,robert_saleh,Robert Saleh,2026_03_TEN_NYG,2026-09-27,3,REG,,,,,0-3-0,3,2026,false,true,false,no change recorded; losing record 0-3-0 so far: check
2026_WAS_w03_dan_quinn,WAS,2026,none_recorded,dan_quinn,Dan Quinn,2026_03_SEA_WAS,2026-09-27,3,REG,,,,,1-2-0,3,2024,false,true,false,no change recorded; losing record 1-2-0 so far: check
