season,model_version,metric,value
2006,wp_lgbm-231316f2943f5286,brier,0.16267
2006,wp_lgbm-231316f2943f5286,curvature,14.5176
2006,wp_lgbm-231316f2943f5286,halftime_possession,11.3362
2006,wp_lgbm-231316f2943f5286,log_loss,0.484168
2006,wp_lgbm-231316f2943f5286,monotone_violations,0.0
2006,wp_lgbm-231316f2943f5286,n_plays,37027.0
2006,wp_lgbm-231316f2943f5286,possession_2min,8.5101
2006,wp_lgbm-231316f2943f5286,score_step_at,-6.0
2006,wp_lgbm-231316f2943f5286,score_step_h1,14.5176
2006,wp_lgbm-231316f2943f5286,score_step_h2,13.5988
2006,wp_lgbm-231316f2943f5286,yard_step,2.6103
2007,wp_lgbm-e522302aee746fca,brier,0.142735
2007,wp_lgbm-e522302aee746fca,curvature,15.9715
2007,wp_lgbm-e522302aee746fca,halftime_possession,10.5762
2007,wp_lgbm-e522302aee746fca,log_loss,0.426434
2007,wp_lgbm-e522302aee746fca,monotone_violations,0.0
2007,wp_lgbm-e522302aee746fca,n_plays,36925.0
2007,wp_lgbm-e522302aee746fca,possession_2min,5.6144
2007,wp_lgbm-e522302aee746fca,score_step_at,-6.0
2007,wp_lgbm-e522302aee746fca,score_step_h1,16.5388
2007,wp_lgbm-e522302aee746fca,score_step_h2,13.2257
2007,wp_lgbm-e522302aee746fca,yard_step,1.985
2008,wp_lgbm-073cf8cce76a36da,brier,0.143891
2008,wp_lgbm-073cf8cce76a36da,curvature,16.6221
2008,wp_lgbm-073cf8cce76a36da,halftime_possession,9.7122
2008,wp_lgbm-073cf8cce76a36da,log_loss,0.431129
2008,wp_lgbm-073cf8cce76a36da,monotone_violations,0.0
2008,wp_lgbm-073cf8cce76a36da,n_plays,36325.0
2008,wp_lgbm-073cf8cce76a36da,possession_2min,5.6746
2008,wp_lgbm-073cf8cce76a36da,score_step_at,-6.0
2008,wp_lgbm-073cf8cce76a36da,score_step_h1,16.9575
2008,wp_lgbm-073cf8cce76a36da,score_step_h2,14.4108
2008,wp_lgbm-073cf8cce76a36da,yard_step,3.4833
2009,wp_lgbm-a670f40ed32a69fc,brier,0.142365
2009,wp_lgbm-a670f40ed32a69fc,curvature,14.219
2009,wp_lgbm-a670f40ed32a69fc,halftime_possession,6.6947
2009,wp_lgbm-a670f40ed32a69fc,log_loss,0.432142
2009,wp_lgbm-a670f40ed32a69fc,monotone_violations,0.0
2009,wp_lgbm-a670f40ed32a69fc,n_plays,37113.0
2009,wp_lgbm-a670f40ed32a69fc,possession_2min,5.7286
2009,wp_lgbm-a670f40ed32a69fc,score_step_at,-6.0
2009,wp_lgbm-a670f40ed32a69fc,score_step_h1,14.8665
2009,wp_lgbm-a670f40ed32a69fc,score_step_h2,11.9577
2009,wp_lgbm-a670f40ed32a69fc,yard_step,3.0351
2010,wp_lgbm-72bfe93e668a1188,brier,0.146993
2010,wp_lgbm-72bfe93e668a1188,curvature,14.8595
2010,wp_lgbm-72bfe93e668a1188,halftime_possession,10.8586
2010,wp_lgbm-72bfe93e668a1188,log_loss,0.443076
2010,wp_lgbm-72bfe93e668a1188,monotone_violations,0.0
2010,wp_lgbm-72bfe93e668a1188,n_plays,37257.0
2010,wp_lgbm-72bfe93e668a1188,possession_2min,5.7258
2010,wp_lgbm-72bfe93e668a1188,score_step_at,-6.0
2010,wp_lgbm-72bfe93e668a1188,score_step_h1,15.3962
2010,wp_lgbm-72bfe93e668a1188,score_step_h2,13.1443
2010,wp_lgbm-72bfe93e668a1188,yard_step,2.1881
2011,wp_lgbm-9302c17848e08963,brier,0.158423
2011,wp_lgbm-9302c17848e08963,curvature,12.3521
2011,wp_lgbm-9302c17848e08963,halftime_possession,11.1951
2011,wp_lgbm-9302c17848e08963,log_loss,0.469573
2011,wp_lgbm-9302c17848e08963,monotone_violations,0.0
2011,wp_lgbm-9302c17848e08963,n_plays,37703.0
2011,wp_lgbm-9302c17848e08963,possession_2min,6.5804
2011,wp_lgbm-9302c17848e08963,score_step_at,-9.0
2011,wp_lgbm-9302c17848e08963,score_step_h1,12.656
2011,wp_lgbm-9302c17848e08963,score_step_h2,12.0934
2011,wp_lgbm-9302c17848e08963,yard_step,2.7551
2012,wp_lgbm-0afc75ae9b141843,brier,0.152328
2012,wp_lgbm-0afc75ae9b141843,curvature,11.6628
2012,wp_lgbm-0afc75ae9b141843,halftime_possession,12.0186
2012,wp_lgbm-0afc75ae9b141843,log_loss,0.455419
2012,wp_lgbm-0afc75ae9b141843,monotone_violations,0.0
2012,wp_lgbm-0afc75ae9b141843,n_plays,37817.0
2012,wp_lgbm-0afc75ae9b141843,possession_2min,6.7253
2012,wp_lgbm-0afc75ae9b141843,score_step_at,-6.0
2012,wp_lgbm-0afc75ae9b141843,score_step_h1,11.9733
2012,wp_lgbm-0afc75ae9b141843,score_step_h2,12.1508
2012,wp_lgbm-0afc75ae9b141843,yard_step,1.9603
2013,wp_lgbm-2e028bbdff9673d9,brier,0.152208
2013,wp_lgbm-2e028bbdff9673d9,curvature,11.3441
2013,wp_lgbm-2e028bbdff9673d9,halftime_possession,12.1136
2013,wp_lgbm-2e028bbdff9673d9,log_loss,0.455432
2013,wp_lgbm-2e028bbdff9673d9,monotone_violations,0.0
2013,wp_lgbm-2e028bbdff9673d9,n_plays,38140.0
2013,wp_lgbm-2e028bbdff9673d9,possession_2min,6.234
2013,wp_lgbm-2e028bbdff9673d9,score_step_at,-6.0
2013,wp_lgbm-2e028bbdff9673d9,score_step_h1,11.3441
2013,wp_lgbm-2e028bbdff9673d9,score_step_h2,10.7212
2013,wp_lgbm-2e028bbdff9673d9,yard_step,2.621
2014,wp_lgbm-02bd31de4c06f594,brier,0.14654
2014,wp_lgbm-02bd31de4c06f594,curvature,11.005
2014,wp_lgbm-02bd31de4c06f594,halftime_possession,11.6571
2014,wp_lgbm-02bd31de4c06f594,log_loss,0.442685
2014,wp_lgbm-02bd31de4c06f594,monotone_violations,0.0
2014,wp_lgbm-02bd31de4c06f594,n_plays,37526.0
2014,wp_lgbm-02bd31de4c06f594,possession_2min,5.6843
2014,wp_lgbm-02bd31de4c06f594,score_step_at,-6.0
2014,wp_lgbm-02bd31de4c06f594,score_step_h1,11.0858
2014,wp_lgbm-02bd31de4c06f594,score_step_h2,10.3872
2014,wp_lgbm-02bd31de4c06f594,yard_step,3.0367
2015,wp_lgbm-fef8344f011505cf,brier,0.155932
2015,wp_lgbm-fef8344f011505cf,curvature,11.7603
2015,wp_lgbm-fef8344f011505cf,halftime_possession,19.0129
2015,wp_lgbm-fef8344f011505cf,log_loss,0.467138
2015,wp_lgbm-fef8344f011505cf,monotone_violations,0.0
2015,wp_lgbm-fef8344f011505cf,n_plays,37996.0
2015,wp_lgbm-fef8344f011505cf,possession_2min,7.1028
2015,wp_lgbm-fef8344f011505cf,score_step_at,5.0
2015,wp_lgbm-fef8344f011505cf,score_step_h1,11.8215
2015,wp_lgbm-fef8344f011505cf,score_step_h2,12.1362
2015,wp_lgbm-fef8344f011505cf,yard_step,4.0693
2016,wp_lgbm-10bbdd695c0a8caa,brier,0.153637
2016,wp_lgbm-10bbdd695c0a8caa,curvature,23.9509
2016,wp_lgbm-10bbdd695c0a8caa,halftime_possession,17.5075
2016,wp_lgbm-10bbdd695c0a8caa,log_loss,0.461852
2016,wp_lgbm-10bbdd695c0a8caa,monotone_violations,0.0
2016,wp_lgbm-10bbdd695c0a8caa,n_plays,37274.0
2016,wp_lgbm-10bbdd695c0a8caa,possession_2min,3.7215
2016,wp_lgbm-10bbdd695c0a8caa,score_step_at,5.0
2016,wp_lgbm-10bbdd695c0a8caa,score_step_h1,24.1226
2016,wp_lgbm-10bbdd695c0a8caa,score_step_h2,20.1318
2016,wp_lgbm-10bbdd695c0a8caa,yard_step,2.8384
2017,wp_lgbm-3d384453ad2b2edc,brier,0.13128
2017,wp_lgbm-3d384453ad2b2edc,curvature,10.2819
2017,wp_lgbm-3d384453ad2b2edc,halftime_possession,13.5218
2017,wp_lgbm-3d384453ad2b2edc,log_loss,0.404026
2017,wp_lgbm-3d384453ad2b2edc,monotone_violations,0.0
2017,wp_lgbm-3d384453ad2b2edc,n_plays,37501.0
2017,wp_lgbm-3d384453ad2b2edc,possession_2min,8.6841
2017,wp_lgbm-3d384453ad2b2edc,score_step_at,5.0
2017,wp_lgbm-3d384453ad2b2edc,score_step_h1,10.3571
2017,wp_lgbm-3d384453ad2b2edc,score_step_h2,10.292
2017,wp_lgbm-3d384453ad2b2edc,yard_step,2.18
2018,wp_lgbm-5d4fbd3a5cc04c10,brier,0.142499
2018,wp_lgbm-5d4fbd3a5cc04c10,curvature,10.0146
2018,wp_lgbm-5d4fbd3a5cc04c10,halftime_possession,18.0278
2018,wp_lgbm-5d4fbd3a5cc04c10,log_loss,0.429819
2018,wp_lgbm-5d4fbd3a5cc04c10,monotone_violations,0.0
2018,wp_lgbm-5d4fbd3a5cc04c10,n_plays,36615.0
2018,wp_lgbm-5d4fbd3a5cc04c10,possession_2min,8.9924
2018,wp_lgbm-5d4fbd3a5cc04c10,score_step_at,0.0
2018,wp_lgbm-5d4fbd3a5cc04c10,score_step_h1,13.0013
2018,wp_lgbm-5d4fbd3a5cc04c10,score_step_h2,11.1924
2018,wp_lgbm-5d4fbd3a5cc04c10,yard_step,1.9349
2019,wp_lgbm-71920301ccd9f142,brier,0.142399
2019,wp_lgbm-71920301ccd9f142,curvature,9.7654
2019,wp_lgbm-71920301ccd9f142,halftime_possession,11.9023
2019,wp_lgbm-71920301ccd9f142,log_loss,0.430101
2019,wp_lgbm-71920301ccd9f142,monotone_violations,0.0
2019,wp_lgbm-71920301ccd9f142,n_plays,36973.0
2019,wp_lgbm-71920301ccd9f142,possession_2min,2.836
2019,wp_lgbm-71920301ccd9f142,score_step_at,-13.0
2019,wp_lgbm-71920301ccd9f142,score_step_h1,9.7476
2019,wp_lgbm-71920301ccd9f142,score_step_h2,9.7654
2019,wp_lgbm-71920301ccd9f142,yard_step,1.9393
2020,wp_lgbm-8cdba4d3cfb75ce2,brier,0.139386
2020,wp_lgbm-8cdba4d3cfb75ce2,curvature,8.2409
2020,wp_lgbm-8cdba4d3cfb75ce2,halftime_possession,15.8086
2020,wp_lgbm-8cdba4d3cfb75ce2,log_loss,0.426494
2020,wp_lgbm-8cdba4d3cfb75ce2,monotone_violations,0.0
2020,wp_lgbm-8cdba4d3cfb75ce2,n_plays,37465.0
2020,wp_lgbm-8cdba4d3cfb75ce2,possession_2min,10.1176
2020,wp_lgbm-8cdba4d3cfb75ce2,score_step_at,-8.0
2020,wp_lgbm-8cdba4d3cfb75ce2,score_step_h1,9.318
2020,wp_lgbm-8cdba4d3cfb75ce2,score_step_h2,9.416
2020,wp_lgbm-8cdba4d3cfb75ce2,yard_step,2.107
2021,wp_lgbm-9c0303d5714eba27,brier,0.1443
2021,wp_lgbm-9c0303d5714eba27,curvature,8.9784
2021,wp_lgbm-9c0303d5714eba27,halftime_possession,17.475
2021,wp_lgbm-9c0303d5714eba27,log_loss,0.433602
2021,wp_lgbm-9c0303d5714eba27,monotone_violations,0.0
2021,wp_lgbm-9c0303d5714eba27,n_plays,39183.0
2021,wp_lgbm-9c0303d5714eba27,possession_2min,11.9661
2021,wp_lgbm-9c0303d5714eba27,score_step_at,-4.0
2021,wp_lgbm-9c0303d5714eba27,score_step_h1,9.1713
2021,wp_lgbm-9c0303d5714eba27,score_step_h2,9.6616
2021,wp_lgbm-9c0303d5714eba27,yard_step,2.7147
2022,wp_lgbm-770bdd1ed7adb518,brier,0.170716
2022,wp_lgbm-770bdd1ed7adb518,curvature,10.5932
2022,wp_lgbm-770bdd1ed7adb518,halftime_possession,17.9308
2022,wp_lgbm-770bdd1ed7adb518,log_loss,0.512588
2022,wp_lgbm-770bdd1ed7adb518,monotone_violations,0.0
2022,wp_lgbm-770bdd1ed7adb518,n_plays,38868.0
2022,wp_lgbm-770bdd1ed7adb518,possession_2min,10.8193
2022,wp_lgbm-770bdd1ed7adb518,score_step_at,-8.0
2022,wp_lgbm-770bdd1ed7adb518,score_step_h1,9.4695
2022,wp_lgbm-770bdd1ed7adb518,score_step_h2,11.1044
2022,wp_lgbm-770bdd1ed7adb518,yard_step,2.4344
2023,wp_lgbm-cefc12363e408c7d,brier,0.151728
2023,wp_lgbm-cefc12363e408c7d,curvature,10.1494
2023,wp_lgbm-cefc12363e408c7d,halftime_possession,14.1645
2023,wp_lgbm-cefc12363e408c7d,log_loss,0.457447
2023,wp_lgbm-cefc12363e408c7d,monotone_violations,0.0
2023,wp_lgbm-cefc12363e408c7d,n_plays,39456.0
2023,wp_lgbm-cefc12363e408c7d,possession_2min,7.5895
2023,wp_lgbm-cefc12363e408c7d,score_step_at,-8.0
2023,wp_lgbm-cefc12363e408c7d,score_step_h1,9.5557
2023,wp_lgbm-cefc12363e408c7d,score_step_h2,10.7878
2023,wp_lgbm-cefc12363e408c7d,yard_step,1.8108
2024,wp_lgbm-6ac09aa76e387ebe,brier,0.137944
2024,wp_lgbm-6ac09aa76e387ebe,curvature,9.8498
2024,wp_lgbm-6ac09aa76e387ebe,halftime_possession,21.4758
2024,wp_lgbm-6ac09aa76e387ebe,log_loss,0.420305
2024,wp_lgbm-6ac09aa76e387ebe,monotone_violations,0.0
2024,wp_lgbm-6ac09aa76e387ebe,n_plays,38699.0
2024,wp_lgbm-6ac09aa76e387ebe,possession_2min,10.6215
2024,wp_lgbm-6ac09aa76e387ebe,score_step_at,-8.0
2024,wp_lgbm-6ac09aa76e387ebe,score_step_h1,9.6848
2024,wp_lgbm-6ac09aa76e387ebe,score_step_h2,10.8529
2024,wp_lgbm-6ac09aa76e387ebe,yard_step,1.709
2025,wp_lgbm-0054ae085283e327,brier,0.158491
2025,wp_lgbm-0054ae085283e327,curvature,22.0365
2025,wp_lgbm-0054ae085283e327,halftime_possession,25.2299
2025,wp_lgbm-0054ae085283e327,log_loss,0.475054
2025,wp_lgbm-0054ae085283e327,monotone_violations,0.0
2025,wp_lgbm-0054ae085283e327,n_plays,38060.0
2025,wp_lgbm-0054ae085283e327,possession_2min,10.2917
2025,wp_lgbm-0054ae085283e327,score_step_at,-8.0
2025,wp_lgbm-0054ae085283e327,score_step_h1,22.07
2025,wp_lgbm-0054ae085283e327,score_step_h2,20.4878
2025,wp_lgbm-0054ae085283e327,yard_step,1.7702
2026,wp_lgbm-1f83d2160a76e8a5,curvature,11.9058
2026,wp_lgbm-1f83d2160a76e8a5,halftime_possession,19.9483
2026,wp_lgbm-1f83d2160a76e8a5,monotone_violations,0.0
2026,wp_lgbm-1f83d2160a76e8a5,possession_2min,10.3786
2026,wp_lgbm-1f83d2160a76e8a5,score_step_at,-8.0
2026,wp_lgbm-1f83d2160a76e8a5,score_step_h1,9.9833
2026,wp_lgbm-1f83d2160a76e8a5,score_step_h2,12.6689
2026,wp_lgbm-1f83d2160a76e8a5,yard_step,1.6391
