season,week,as_of,method,used,position,n_universe,n_pool,n_excluded_preseason_only,n_excluded_ppg_only,n_excluded_both,n_excluded_rookie_draft,n_owned_avg,n_pool_owned_below,n_pool_owned_at_least,n_out_owned_below,n_out_owned_at_least
2013,2,2013-09-17 14:00,prior_ppg,True,QB,83,57,8,6,12,2,0,0,0,0,0
2013,2,2013-09-17 14:00,prior_ppg,True,RB,115,66,13,8,28,5,0,0,0,0,0
2013,2,2013-09-17 14:00,prior_ppg,True,TE,112,83,11,7,11,4,0,0,0,0,0
2013,2,2013-09-17 14:00,prior_ppg,True,WR,169,117,16,10,26,6,0,0,0,0,0
2013,3,2013-09-24 14:00,prior_ppg,True,QB,83,56,9,7,11,2,0,0,0,0,0
2013,3,2013-09-24 14:00,prior_ppg,True,RB,117,66,15,10,26,5,0,0,0,0,0
2013,3,2013-09-24 14:00,prior_ppg,True,TE,114,84,12,8,10,4,0,0,0,0,0
2013,3,2013-09-24 14:00,prior_ppg,True,WR,172,121,15,9,27,6,0,0,0,0,0
2013,4,2013-10-01 14:00,prior_ppg,True,QB,82,54,10,8,10,2,0,0,0,0,0
2013,4,2013-10-01 14:00,prior_ppg,True,RB,118,68,14,9,27,5,0,0,0,0,0
2013,4,2013-10-01 14:00,prior_ppg,True,TE,114,84,12,8,10,4,0,0,0,0,0
2013,4,2013-10-01 14:00,prior_ppg,True,WR,173,119,17,12,25,6,0,0,0,0,0
2013,5,2013-10-08 14:00,prior_ppg,True,QB,81,54,9,7,11,2,0,0,0,0,0
2013,5,2013-10-08 14:00,prior_ppg,True,RB,117,68,13,8,28,5,0,0,0,0,0
2013,5,2013-10-08 14:00,prior_ppg,True,TE,112,82,12,8,10,4,0,0,0,0,0
2013,5,2013-10-08 14:00,prior_ppg,True,WR,172,117,19,13,23,6,0,0,0,0,0
2013,6,2013-10-15 14:00,prior_ppg,True,QB,83,57,8,6,12,2,0,0,0,0,0
2013,6,2013-10-15 14:00,prior_ppg,True,RB,120,74,10,5,31,5,0,0,0,0,0
2013,6,2013-10-15 14:00,prior_ppg,True,TE,111,82,11,7,11,4,0,0,0,0,0
2013,6,2013-10-15 14:00,prior_ppg,True,WR,171,117,18,12,24,6,0,0,0,0,0
2013,7,2013-10-22 14:00,prior_ppg,True,QB,82,56,8,6,12,2,0,0,0,0,0
2013,7,2013-10-22 14:00,prior_ppg,True,RB,119,70,13,8,28,5,0,0,0,0,0
2013,7,2013-10-22 14:00,prior_ppg,True,TE,108,79,11,7,11,4,0,0,0,0,0
2013,7,2013-10-22 14:00,prior_ppg,True,WR,176,121,19,13,23,6,0,0,0,0,0
2013,8,2013-10-29 14:00,prior_ppg,True,QB,83,57,8,6,12,2,0,0,0,0,0
2013,8,2013-10-29 14:00,prior_ppg,True,RB,117,69,12,7,29,5,0,0,0,0,0
2013,8,2013-10-29 14:00,prior_ppg,True,TE,107,78,11,7,11,4,0,0,0,0,0
2013,8,2013-10-29 14:00,prior_ppg,True,WR,180,124,20,14,22,6,0,0,0,0,0
2013,9,2013-11-05 14:00,prior_ppg,True,QB,86,59,9,7,11,2,0,0,0,0,0
2013,9,2013-11-05 14:00,prior_ppg,True,RB,116,68,12,7,29,5,0,0,0,0,0
2013,9,2013-11-05 14:00,prior_ppg,True,TE,105,75,12,8,10,4,0,0,0,0,0
2013,9,2013-11-05 14:00,prior_ppg,True,WR,181,126,19,13,23,6,0,0,0,0,0
2013,10,2013-11-12 14:00,prior_ppg,True,QB,86,60,8,6,12,2,0,0,0,0,0
2013,10,2013-11-12 14:00,prior_ppg,True,RB,120,73,11,6,30,5,0,0,0,0,0
2013,10,2013-11-12 14:00,prior_ppg,True,TE,105,74,13,9,9,4,0,0,0,0,0
2013,10,2013-11-12 14:00,prior_ppg,True,WR,178,123,19,13,23,6,0,0,0,0,0
2013,11,2013-11-19 14:00,prior_ppg,True,QB,86,61,7,5,13,2,0,0,0,0,0
2013,11,2013-11-19 14:00,prior_ppg,True,RB,118,70,12,7,29,5,0,0,0,0,0
2013,11,2013-11-19 14:00,prior_ppg,True,TE,104,72,14,10,8,4,0,0,0,0,0
2013,11,2013-11-19 14:00,prior_ppg,True,WR,178,124,18,12,24,6,0,0,0,0,0
2013,12,2013-11-26 14:00,prior_ppg,True,QB,85,60,7,5,13,2,0,0,0,0,0
2013,12,2013-11-26 14:00,prior_ppg,True,RB,116,68,12,7,29,5,0,0,0,0,0
2013,12,2013-11-26 14:00,prior_ppg,True,TE,106,75,13,9,9,4,0,0,0,0,0
2013,12,2013-11-26 14:00,prior_ppg,True,WR,180,126,18,12,24,6,0,0,0,0,0
2013,13,2013-12-03 14:00,prior_ppg,True,QB,85,60,7,5,13,2,0,0,0,0,0
2013,13,2013-12-03 14:00,prior_ppg,True,RB,117,70,11,6,30,5,0,0,0,0,0
2013,13,2013-12-03 14:00,prior_ppg,True,TE,107,76,13,9,9,4,0,0,0,0,0
2013,13,2013-12-03 14:00,prior_ppg,True,WR,178,123,19,13,23,6,0,0,0,0,0
2013,14,2013-12-10 14:00,prior_ppg,True,QB,84,60,6,4,14,2,0,0,0,0,0
2013,14,2013-12-10 14:00,prior_ppg,True,RB,117,70,11,6,30,5,0,0,0,0,0
2013,14,2013-12-10 14:00,prior_ppg,True,TE,108,77,13,9,9,4,0,0,0,0,0
2013,14,2013-12-10 14:00,prior_ppg,True,WR,176,121,19,13,23,6,0,0,0,0,0
2013,15,2013-12-17 14:00,prior_ppg,True,QB,85,60,7,5,13,2,0,0,0,0,0
2013,15,2013-12-17 14:00,prior_ppg,True,RB,115,69,10,5,31,5,0,0,0,0,0
2013,15,2013-12-17 14:00,prior_ppg,True,TE,111,80,13,9,9,4,0,0,0,0,0
2013,15,2013-12-17 14:00,prior_ppg,True,WR,176,122,18,12,24,6,0,0,0,0,0
2013,16,2013-12-24 14:00,prior_ppg,True,QB,84,58,8,6,12,2,0,0,0,0,0
2013,16,2013-12-24 14:00,prior_ppg,True,RB,118,71,11,6,30,5,0,0,0,0,0
2013,16,2013-12-24 14:00,prior_ppg,True,TE,109,79,12,8,10,4,0,0,0,0,0
2013,16,2013-12-24 14:00,prior_ppg,True,WR,176,122,18,12,24,6,0,0,0,0,0
2013,17,2013-12-31 14:00,prior_ppg,True,QB,84,59,7,5,13,2,0,0,0,0,0
2013,17,2013-12-31 14:00,prior_ppg,True,RB,119,71,12,7,29,5,0,0,0,0,0
2013,17,2013-12-31 14:00,prior_ppg,True,TE,106,77,11,7,11,4,0,0,0,0,0
2013,17,2013-12-31 14:00,prior_ppg,True,WR,174,119,19,13,23,6,0,0,0,0,0
2014,2,2014-09-16 14:00,prior_ppg,True,QB,81,52,11,6,12,5,0,0,0,0,0
2014,2,2014-09-16 14:00,prior_ppg,True,RB,116,63,17,14,22,3,0,0,0,0,0
2014,2,2014-09-16 14:00,prior_ppg,True,TE,103,74,11,7,11,4,0,0,0,0,0
2014,2,2014-09-16 14:00,prior_ppg,True,WR,182,121,25,13,23,12,0,0,0,0,0
2014,3,2014-09-23 14:00,prior_ppg,True,QB,80,52,10,5,13,5,0,0,0,0,0
2014,3,2014-09-23 14:00,prior_ppg,True,RB,115,63,16,13,23,3,0,0,0,0,0
2014,3,2014-09-23 14:00,prior_ppg,True,TE,103,75,10,6,12,4,0,0,0,0,0
2014,3,2014-09-23 14:00,prior_ppg,True,WR,184,120,28,16,20,12,0,0,0,0,0
2014,4,2014-09-30 14:00,prior_ppg,True,QB,79,51,10,5,13,5,0,0,0,0,0
2014,4,2014-09-30 14:00,prior_ppg,True,RB,115,62,16,14,23,3,0,0,0,0,0
2014,4,2014-09-30 14:00,prior_ppg,True,TE,103,74,11,7,11,4,0,0,0,0,0
2014,4,2014-09-30 14:00,prior_ppg,True,WR,187,123,28,16,20,12,0,0,0,0,0
2014,5,2014-10-07 14:00,prior_ppg,True,QB,80,51,11,6,12,5,0,0,0,0,0
2014,5,2014-10-07 14:00,prior_ppg,True,RB,115,63,16,13,23,3,0,0,0,0,0
2014,5,2014-10-07 14:00,prior_ppg,True,TE,104,75,11,7,11,4,0,0,0,0,0
2014,5,2014-10-07 14:00,prior_ppg,True,WR,185,124,25,13,23,12,0,0,0,0,0
2014,6,2014-10-14 14:00,prior_ppg,True,QB,81,52,11,6,12,5,0,0,0,0,0
2014,6,2014-10-14 14:00,prior_ppg,True,RB,113,62,15,12,24,3,0,0,0,0,0
2014,6,2014-10-14 14:00,prior_ppg,True,TE,103,74,11,7,11,4,0,0,0,0,0
2014,6,2014-10-14 14:00,prior_ppg,True,WR,183,123,24,12,24,12,0,0,0,0,0
2014,7,2014-10-21 14:00,prior_ppg,True,QB,79,50,11,6,12,5,0,0,0,0,0
2014,7,2014-10-21 14:00,prior_ppg,True,RB,114,61,17,14,22,3,0,0,0,0,0
2014,7,2014-10-21 14:00,prior_ppg,True,TE,103,74,11,7,11,4,0,0,0,0,0
2014,7,2014-10-21 14:00,prior_ppg,True,WR,186,128,22,10,26,12,0,0,0,0,0
2014,8,2014-10-28 14:00,prior_ppg,True,QB,79,51,10,5,13,5,0,0,0,0,0
2014,8,2014-10-28 14:00,prior_ppg,True,RB,113,62,15,12,24,3,0,0,0,0,0
2014,8,2014-10-28 14:00,prior_ppg,True,TE,102,73,11,7,11,4,0,0,0,0,0
2014,8,2014-10-28 14:00,prior_ppg,True,WR,185,127,22,10,26,12,0,0,0,0,0
2014,9,2014-11-04 14:00,prior_ppg,True,QB,80,51,11,6,12,5,0,0,0,0,0
2014,9,2014-11-04 14:00,prior_ppg,True,RB,116,67,13,10,26,3,0,0,0,0,0
2014,9,2014-11-04 14:00,prior_ppg,True,TE,103,74,11,7,11,4,0,0,0,0,0
2014,9,2014-11-04 14:00,prior_ppg,True,WR,183,127,20,8,28,12,0,0,0,0,0
2014,10,2014-11-11 14:00,prior_ppg,True,QB,79,50,11,6,12,5,0,0,0,0,0
2014,10,2014-11-11 14:00,prior_ppg,True,RB,116,68,12,9,27,3,0,0,0,0,0
2014,10,2014-11-11 14:00,prior_ppg,True,TE,102,74,10,6,12,4,0,0,0,0,0
2014,10,2014-11-11 14:00,prior_ppg,True,WR,179,123,20,8,28,12,0,0,0,0,0
2014,11,2014-11-18 14:00,prior_ppg,True,QB,79,51,10,5,13,5,0,0,0,0,0
2014,11,2014-11-18 14:00,prior_ppg,True,RB,116,66,13,11,26,3,0,0,0,0,0
2014,11,2014-11-18 14:00,prior_ppg,True,TE,103,75,10,6,12,4,0,0,0,0,0
2014,11,2014-11-18 14:00,prior_ppg,True,WR,180,124,20,8,28,12,0,0,0,0,0
2014,12,2014-11-25 14:00,prior_ppg,True,QB,79,51,10,5,13,5,0,0,0,0,0
2014,12,2014-11-25 14:00,prior_ppg,True,RB,118,68,14,11,25,3,0,0,0,0,0
2014,12,2014-11-25 14:00,prior_ppg,True,TE,104,77,9,5,13,4,0,0,0,0,0
2014,12,2014-11-25 14:00,prior_ppg,True,WR,181,125,20,8,28,12,0,0,0,0,0
2014,13,2014-12-02 14:00,prior_ppg,True,QB,79,49,12,7,11,5,0,0,0,0,0
2014,13,2014-12-02 14:00,prior_ppg,True,RB,115,64,15,12,24,3,0,0,0,0,0
2014,13,2014-12-02 14:00,prior_ppg,True,TE,106,80,8,5,13,3,0,0,0,0,0
2014,13,2014-12-02 14:00,prior_ppg,True,WR,182,128,18,8,28,10,0,0,0,0,0
2014,14,2014-12-09 14:00,prior_ppg,True,QB,79,50,11,6,12,5,0,0,0,0,0
2014,14,2014-12-09 14:00,prior_ppg,True,RB,116,65,15,12,24,3,0,0,0,0,0
2014,14,2014-12-09 14:00,prior_ppg,True,TE,108,82,8,5,13,3,0,0,0,0,0
2014,14,2014-12-09 14:00,prior_ppg,True,WR,181,127,18,8,28,10,0,0,0,0,0
2014,15,2014-12-16 14:00,prior_ppg,True,QB,79,50,11,6,12,5,0,0,0,0,0
2014,15,2014-12-16 14:00,prior_ppg,True,RB,116,63,17,14,22,3,0,0,0,0,0
2014,15,2014-12-16 14:00,prior_ppg,True,TE,108,82,8,5,13,3,0,0,0,0,0
2014,15,2014-12-16 14:00,prior_ppg,True,WR,177,123,18,8,28,10,0,0,0,0,0
2014,16,2014-12-23 14:00,prior_ppg,True,QB,81,53,10,5,13,5,0,0,0,0,0
2014,16,2014-12-23 14:00,prior_ppg,True,RB,116,63,17,14,22,3,0,0,0,0,0
2014,16,2014-12-23 14:00,prior_ppg,True,TE,108,80,10,7,11,3,0,0,0,0,0
2014,16,2014-12-23 14:00,prior_ppg,True,WR,177,124,17,7,29,10,0,0,0,0,0
2014,17,2014-12-30 14:00,prior_ppg,True,QB,81,53,10,5,13,5,0,0,0,0,0
2014,17,2014-12-30 14:00,prior_ppg,True,RB,115,62,17,14,22,3,0,0,0,0,0
2014,17,2014-12-30 14:00,prior_ppg,True,TE,108,81,8,7,12,2,0,0,0,0,0
2014,17,2014-12-30 14:00,prior_ppg,True,WR,179,125,18,8,28,10,0,0,0,0,0
2015,2,2015-09-22 14:00,prior_ppg,True,QB,82,57,7,5,13,2,0,0,0,0,0
2015,2,2015-09-22 14:00,prior_ppg,True,RB,120,62,22,18,18,4,0,0,0,0,0
2015,2,2015-09-22 14:00,prior_ppg,True,TE,107,78,11,10,8,1,0,0,0,0,0
2015,2,2015-09-22 14:00,prior_ppg,True,WR,180,122,22,14,22,8,0,0,0,0,0
2015,3,2015-09-29 14:00,prior_ppg,True,QB,81,55,8,6,12,2,0,0,0,0,0
2015,3,2015-09-29 14:00,prior_ppg,True,RB,119,59,24,20,16,4,0,0,0,0,0
2015,3,2015-09-29 14:00,prior_ppg,True,TE,104,77,9,8,10,1,0,0,0,0,0
2015,3,2015-09-29 14:00,prior_ppg,True,WR,178,121,21,13,23,8,0,0,0,0,0
2015,4,2015-10-06 14:00,prior_ppg,True,QB,82,56,8,6,12,2,0,0,0,0,0
2015,4,2015-10-06 14:00,prior_ppg,True,RB,119,60,23,19,17,4,0,0,0,0,0
2015,4,2015-10-06 14:00,prior_ppg,True,TE,105,78,9,8,10,1,0,0,0,0,0
2015,4,2015-10-06 14:00,prior_ppg,True,WR,178,120,22,14,22,8,0,0,0,0,0
2015,5,2015-10-13 14:00,prior_ppg,True,QB,83,57,8,6,12,2,0,0,0,0,0
2015,5,2015-10-13 14:00,prior_ppg,True,RB,117,59,22,18,18,4,0,0,0,0,0
2015,5,2015-10-13 14:00,prior_ppg,True,TE,106,80,8,7,11,1,0,0,0,0,0
2015,5,2015-10-13 14:00,prior_ppg,True,WR,178,120,22,14,22,8,0,0,0,0,0
2015,6,2015-10-20 14:00,prior_ppg,True,QB,83,57,8,6,12,2,0,0,0,0,0
2015,6,2015-10-20 14:00,prior_ppg,True,RB,119,63,20,16,20,4,0,0,0,0,0
2015,6,2015-10-20 14:00,prior_ppg,True,TE,105,78,9,7,11,1,0,0,0,0,0
2015,6,2015-10-20 14:00,prior_ppg,True,WR,179,120,23,15,21,8,0,0,0,0,0
2015,7,2015-10-27 14:00,prior_ppg,True,QB,81,53,10,8,10,2,0,0,0,0,0
2015,7,2015-10-27 14:00,prior_ppg,True,RB,118,60,22,18,18,4,0,0,0,0,0
2015,7,2015-10-27 14:00,prior_ppg,True,TE,104,76,10,8,10,1,0,0,0,0,0
2015,7,2015-10-27 14:00,prior_ppg,True,WR,181,123,22,14,22,8,0,0,0,0,0
2015,8,2015-11-03 14:00,prior_ppg,True,QB,81,53,10,8,10,2,0,0,0,0,0
2015,8,2015-11-03 14:00,prior_ppg,True,RB,116,59,21,17,19,4,0,0,0,0,0
2015,8,2015-11-03 14:00,prior_ppg,True,TE,105,77,10,8,10,1,0,0,0,0,0
2015,8,2015-11-03 14:00,prior_ppg,True,WR,183,124,23,15,21,8,0,0,0,0,0
2015,9,2015-11-10 14:00,prior_ppg,True,QB,81,53,10,8,10,2,0,0,0,0,0
2015,9,2015-11-10 14:00,prior_ppg,True,RB,117,58,23,19,17,4,0,0,0,0,0
2015,9,2015-11-10 14:00,prior_ppg,True,TE,105,77,10,8,10,1,0,0,0,0,0
2015,9,2015-11-10 14:00,prior_ppg,True,WR,181,125,20,12,24,8,0,0,0,0,0
2015,10,2015-11-17 14:00,prior_ppg,True,QB,81,54,9,7,11,2,0,0,0,0,0
2015,10,2015-11-17 14:00,prior_ppg,True,RB,114,55,23,19,17,4,0,0,0,0,0
2015,10,2015-11-17 14:00,prior_ppg,True,TE,105,77,10,8,10,1,0,0,0,0,0
2015,10,2015-11-17 14:00,prior_ppg,True,WR,180,124,20,12,24,8,0,0,0,0,0
2015,11,2015-11-24 14:00,prior_ppg,True,QB,80,54,8,6,12,2,0,0,0,0,0
2015,11,2015-11-24 14:00,prior_ppg,True,RB,112,53,23,18,18,4,0,0,0,0,0
2015,11,2015-11-24 14:00,prior_ppg,True,TE,107,78,11,9,9,1,0,0,0,0,0
2015,11,2015-11-24 14:00,prior_ppg,True,WR,179,122,21,13,23,8,0,0,0,0,0
2015,12,2015-12-01 14:00,prior_ppg,True,QB,81,56,7,5,13,2,0,0,0,0,0
2015,12,2015-12-01 14:00,prior_ppg,True,RB,112,54,22,18,18,4,0,0,0,0,0
2015,12,2015-12-01 14:00,prior_ppg,True,TE,106,78,10,8,10,1,0,0,0,0,0
2015,12,2015-12-01 14:00,prior_ppg,True,WR,183,128,19,12,24,7,0,0,0,0,0
2015,13,2015-12-08 14:00,prior_ppg,True,QB,82,55,9,7,11,2,0,0,0,0,0
2015,13,2015-12-08 14:00,prior_ppg,True,RB,110,51,23,18,18,4,0,0,0,0,0
2015,13,2015-12-08 14:00,prior_ppg,True,TE,105,78,9,7,11,1,0,0,0,0,0
2015,13,2015-12-08 14:00,prior_ppg,True,WR,185,129,20,13,23,7,0,0,0,0,0
2015,14,2015-12-15 14:00,prior_ppg,True,QB,82,56,8,6,12,2,0,0,0,0,0
2015,14,2015-12-15 14:00,prior_ppg,True,RB,111,54,21,17,19,4,0,0,0,0,0
2015,14,2015-12-15 14:00,prior_ppg,True,TE,103,76,9,8,10,1,0,0,0,0,0
2015,14,2015-12-15 14:00,prior_ppg,True,WR,187,131,20,13,23,7,0,0,0,0,0
2015,15,2015-12-22 14:00,prior_ppg,True,QB,83,58,7,5,13,2,0,0,0,0,0
2015,15,2015-12-22 14:00,prior_ppg,True,RB,108,48,24,20,16,4,0,0,0,0,0
2015,15,2015-12-22 14:00,prior_ppg,True,TE,103,76,9,8,10,1,0,0,0,0,0
2015,15,2015-12-22 14:00,prior_ppg,True,WR,187,132,19,12,24,7,0,0,0,0,0
2015,16,2015-12-29 14:00,prior_ppg,True,QB,84,59,7,5,13,2,0,0,0,0,0
2015,16,2015-12-29 14:00,prior_ppg,True,RB,110,52,22,17,19,4,0,0,0,0,0
2015,16,2015-12-29 14:00,prior_ppg,True,TE,104,77,9,8,10,1,0,0,0,0,0
2015,16,2015-12-29 14:00,prior_ppg,True,WR,184,130,18,12,24,6,0,0,0,0,0
2015,17,2016-01-05 14:00,prior_ppg,True,QB,85,60,7,5,13,2,0,0,0,0,0
2015,17,2016-01-05 14:00,prior_ppg,True,RB,113,56,21,17,19,3,0,0,0,0,0
2015,17,2016-01-05 14:00,prior_ppg,True,TE,102,75,9,8,10,1,0,0,0,0,0
2015,17,2016-01-05 14:00,prior_ppg,True,WR,185,131,18,12,24,6,0,0,0,0,0
2016,1,2016-09-13 14:00,prior_ppg,True,QB,117,89,9,6,13,4,0,0,0,0,0
2016,1,2016-09-13 14:00,prior_ppg,True,RB,231,175,18,18,20,2,0,0,0,0,0
2016,1,2016-09-13 14:00,prior_ppg,True,TE,189,159,12,11,7,1,0,0,0,0,0
2016,1,2016-09-13 14:00,prior_ppg,True,WR,368,308,24,17,19,7,0,0,0,0,0
2016,2,2016-09-20 14:00,prior_ppg,True,QB,91,64,9,5,13,4,0,0,0,0,0
2016,2,2016-09-20 14:00,prior_ppg,True,RB,153,101,16,15,21,2,0,0,0,0,0
2016,2,2016-09-20 14:00,prior_ppg,True,TE,110,82,10,10,8,1,0,0,0,0,0
2016,2,2016-09-20 14:00,prior_ppg,True,WR,188,133,19,14,22,7,0,0,0,0,0
2016,3,2016-09-27 14:00,prior_ppg,True,QB,85,58,9,5,13,4,0,0,0,0,0
2016,3,2016-09-27 14:00,prior_ppg,True,RB,137,88,15,14,20,2,0,0,0,0,0
2016,3,2016-09-27 14:00,prior_ppg,True,TE,106,79,9,9,9,1,0,0,0,0,0
2016,3,2016-09-27 14:00,prior_ppg,True,WR,178,127,16,11,24,7,0,0,0,0,0
2016,4,2016-10-04 14:00,prior_ppg,True,QB,85,58,9,5,13,4,0,0,0,0,0
2016,4,2016-10-04 14:00,prior_ppg,True,RB,135,87,15,12,21,2,0,0,0,0,0
2016,4,2016-10-04 14:00,prior_ppg,True,TE,110,84,8,8,10,1,0,0,0,0,0
2016,4,2016-10-04 14:00,prior_ppg,True,WR,182,132,14,10,26,7,0,0,0,0,0
2016,5,2016-10-11 14:00,prior_ppg,True,QB,86,59,9,5,13,4,0,0,0,0,0
2016,5,2016-10-11 14:00,prior_ppg,True,RB,133,85,16,14,18,2,0,0,0,0,0
2016,5,2016-10-11 14:00,prior_ppg,True,TE,113,88,7,7,11,1,0,0,0,0,0
2016,5,2016-10-11 14:00,prior_ppg,True,WR,180,129,15,11,25,7,0,0,0,0,0
2016,6,2016-10-18 14:00,prior_ppg,True,QB,84,57,9,5,13,4,0,0,0,0,0
2016,6,2016-10-18 14:00,prior_ppg,True,RB,137,89,16,14,18,2,0,0,0,0,0
2016,6,2016-10-18 14:00,prior_ppg,True,TE,111,85,8,8,10,1,0,0,0,0,0
2016,6,2016-10-18 14:00,prior_ppg,True,WR,184,135,14,10,25,7,0,0,0,0,0
2016,7,2016-10-25 14:00,prior_ppg,True,QB,86,59,9,5,13,4,0,0,0,0,0
2016,7,2016-10-25 14:00,prior_ppg,True,RB,138,91,15,13,19,2,0,0,0,0,0
2016,7,2016-10-25 14:00,prior_ppg,True,TE,109,84,7,7,11,1,0,0,0,0,0
2016,7,2016-10-25 14:00,prior_ppg,True,WR,186,135,16,13,22,6,0,0,0,0,0
2016,8,2016-11-01 14:00,prior_ppg,True,QB,83,56,9,5,13,4,0,0,0,0,0
2016,8,2016-11-01 14:00,prior_ppg,True,RB,139,93,15,12,19,2,0,0,0,0,0
2016,8,2016-11-01 14:00,prior_ppg,True,TE,112,87,7,7,11,1,0,0,0,0,0
2016,8,2016-11-01 14:00,prior_ppg,True,WR,185,134,16,13,22,6,0,0,0,0,0
2016,9,2016-11-08 14:00,prior_ppg,True,QB,83,56,9,5,13,4,0,0,0,0,0
2016,9,2016-11-08 14:00,prior_ppg,True,RB,138,94,13,10,21,2,0,0,0,0,0
2016,9,2016-11-08 14:00,prior_ppg,True,TE,109,84,7,7,11,1,0,0,0,0,0
2016,9,2016-11-08 14:00,prior_ppg,True,WR,184,134,15,12,23,6,0,0,0,0,0
2016,10,2016-11-15 14:00,prior_ppg,True,QB,83,57,8,4,14,4,0,0,0,0,0
2016,10,2016-11-15 14:00,prior_ppg,True,RB,142,96,15,11,20,2,0,0,0,0,0
2016,10,2016-11-15 14:00,prior_ppg,True,TE,110,86,6,6,12,1,0,0,0,0,0
2016,10,2016-11-15 14:00,prior_ppg,True,WR,186,136,16,12,22,6,0,0,0,0,0
2016,11,2016-11-22 14:00,prior_ppg,True,QB,83,57,8,4,14,4,0,0,0,0,0
2016,11,2016-11-22 14:00,prior_ppg,True,RB,142,98,13,9,22,2,0,0,0,0,0
2016,11,2016-11-22 14:00,prior_ppg,True,TE,108,84,6,6,12,1,0,0,0,0,0
2016,11,2016-11-22 14:00,prior_ppg,True,WR,185,133,18,14,20,6,0,0,0,0,0
2016,12,2016-11-29 14:00,prior_ppg,True,QB,86,60,8,4,14,4,0,0,0,0,0
2016,12,2016-11-29 14:00,prior_ppg,True,RB,141,97,14,10,20,2,0,0,0,0,0
2016,12,2016-11-29 14:00,prior_ppg,True,TE,104,80,7,6,11,1,0,0,0,0,0
2016,12,2016-11-29 14:00,prior_ppg,True,WR,186,132,19,15,20,6,0,0,0,0,0
2016,13,2016-12-06 14:00,prior_ppg,True,QB,86,60,8,4,14,4,0,0,0,0,0
2016,13,2016-12-06 14:00,prior_ppg,True,RB,137,93,13,11,20,2,0,0,0,0,0
2016,13,2016-12-06 14:00,prior_ppg,True,TE,103,80,7,6,10,1,0,0,0,0,0
2016,13,2016-12-06 14:00,prior_ppg,True,WR,190,138,17,13,22,6,0,0,0,0,0
2016,14,2016-12-13 14:00,prior_ppg,True,QB,85,59,8,4,14,4,0,0,0,0,0
2016,14,2016-12-13 14:00,prior_ppg,True,RB,142,97,13,10,22,2,0,0,0,0,0
2016,14,2016-12-13 14:00,prior_ppg,True,TE,101,80,5,5,11,1,0,0,0,0,0
2016,14,2016-12-13 14:00,prior_ppg,True,WR,189,137,18,13,21,6,0,0,0,0,0
2016,15,2016-12-20 14:00,prior_ppg,True,QB,88,62,8,4,14,4,0,0,0,0,0
2016,15,2016-12-20 14:00,prior_ppg,True,RB,138,92,14,11,21,2,0,0,0,0,0
2016,15,2016-12-20 14:00,prior_ppg,True,TE,98,79,5,4,10,1,0,0,0,0,0
2016,15,2016-12-20 14:00,prior_ppg,True,WR,190,137,18,14,21,6,0,0,0,0,0
2016,16,2016-12-27 14:00,prior_ppg,True,QB,88,62,8,4,14,4,0,0,0,0,0
2016,16,2016-12-27 14:00,prior_ppg,True,RB,141,95,14,10,22,2,0,0,0,0,0
2016,16,2016-12-27 14:00,prior_ppg,True,TE,102,82,4,4,12,1,0,0,0,0,0
2016,16,2016-12-27 14:00,prior_ppg,True,WR,191,138,18,14,21,6,0,0,0,0,0
2016,17,2017-01-03 14:00,prior_ppg,True,QB,86,61,8,4,13,4,0,0,0,0,0
2016,17,2017-01-03 14:00,prior_ppg,True,RB,141,100,13,10,18,2,0,0,0,0,0
2016,17,2017-01-03 14:00,prior_ppg,True,TE,100,82,5,3,10,1,0,0,0,0,0
2016,17,2017-01-03 14:00,prior_ppg,True,WR,194,142,18,14,20,6,0,0,0,0,0
2017,1,2017-09-12 14:00,prior_ppg,True,QB,113,85,10,6,12,4,0,0,0,0,0
2017,1,2017-09-12 14:00,prior_ppg,True,RB,238,189,13,9,27,4,0,0,0,0,0
2017,1,2017-09-12 14:00,prior_ppg,True,TE,189,160,11,7,11,4,0,0,0,0,0
2017,1,2017-09-12 14:00,prior_ppg,True,WR,389,329,24,18,18,6,0,0,0,0,0
2017,2,2017-09-19 14:00,prior_ppg,True,QB,92,63,11,7,11,4,0,0,0,0,0
2017,2,2017-09-19 14:00,prior_ppg,True,RB,163,114,14,13,22,4,0,0,0,0,0
2017,2,2017-09-19 14:00,prior_ppg,True,TE,133,105,10,5,13,5,0,0,0,0,0
2017,2,2017-09-19 14:00,prior_ppg,True,WR,234,178,20,18,18,6,0,0,0,0,0
2017,3,2017-09-26 14:00,prior_ppg,True,QB,94,66,10,6,12,4,0,0,0,0,0
2017,3,2017-09-26 14:00,prior_ppg,True,RB,162,114,12,12,24,4,0,0,0,0,0
2017,3,2017-09-26 14:00,prior_ppg,True,TE,132,103,12,7,10,5,0,0,0,0,0
2017,3,2017-09-26 14:00,prior_ppg,True,WR,235,184,15,13,23,6,0,0,0,0,0
2017,4,2017-10-03 14:00,prior_ppg,True,QB,94,65,11,7,11,4,0,0,0,0,0
2017,4,2017-10-03 14:00,prior_ppg,True,RB,163,114,14,14,21,4,0,0,0,0,0
2017,4,2017-10-03 14:00,prior_ppg,True,TE,132,102,13,8,9,5,0,0,0,0,0
2017,4,2017-10-03 14:00,prior_ppg,True,WR,241,189,16,13,23,6,0,0,0,0,0
2017,5,2017-10-10 14:00,prior_ppg,True,QB,94,66,10,6,12,4,0,0,0,0,0
2017,5,2017-10-10 14:00,prior_ppg,True,RB,160,111,16,14,19,3,0,0,0,0,0
2017,5,2017-10-10 14:00,prior_ppg,True,TE,133,105,11,6,11,5,0,0,0,0,0
2017,5,2017-10-10 14:00,prior_ppg,True,WR,241,189,16,13,23,6,0,0,0,0,0
2017,6,2017-10-17 14:00,prior_ppg,True,QB,93,65,10,6,12,4,0,0,0,0,0
2017,6,2017-10-17 14:00,prior_ppg,True,RB,160,113,13,12,22,3,0,0,0,0,0
2017,6,2017-10-17 14:00,prior_ppg,True,TE,131,105,9,4,13,5,0,0,0,0,0
2017,6,2017-10-17 14:00,prior_ppg,True,WR,242,192,15,12,23,6,0,0,0,0,0
2017,7,2017-10-24 14:00,prior_ppg,True,QB,90,64,9,5,12,4,0,0,0,0,0
2017,7,2017-10-24 14:00,prior_ppg,True,RB,160,113,14,12,21,3,0,0,0,0,0
2017,7,2017-10-24 14:00,prior_ppg,True,TE,133,107,9,5,12,5,0,0,0,0,0
2017,7,2017-10-24 14:00,prior_ppg,True,WR,245,196,14,11,24,6,0,0,0,0,0
2017,8,2017-10-31 14:00,prior_ppg,True,QB,92,66,9,5,12,4,0,0,0,0,0
2017,8,2017-10-31 14:00,prior_ppg,True,RB,157,111,12,11,23,3,0,0,0,0,0
2017,8,2017-10-31 14:00,prior_ppg,True,TE,132,106,9,5,12,5,0,0,0,0,0
2017,8,2017-10-31 14:00,prior_ppg,True,WR,246,197,14,11,24,6,0,0,0,0,0
2017,9,2017-11-07 14:00,prior_ppg,True,QB,91,69,6,4,12,3,0,0,0,0,0
2017,9,2017-11-07 14:00,prior_ppg,True,RB,159,114,12,10,23,3,0,0,0,0,0
2017,9,2017-11-07 14:00,prior_ppg,True,TE,133,107,9,5,12,5,0,0,0,0,0
2017,9,2017-11-07 14:00,prior_ppg,True,WR,248,199,13,12,24,6,0,0,0,0,0
2017,10,2017-11-14 14:00,prior_ppg,True,QB,91,68,7,5,11,3,0,0,0,0,0
2017,10,2017-11-14 14:00,prior_ppg,True,RB,158,114,12,11,21,3,0,0,0,0,0
2017,10,2017-11-14 14:00,prior_ppg,True,TE,133,107,8,6,12,5,0,0,0,0,0
2017,10,2017-11-14 14:00,prior_ppg,True,WR,245,197,14,12,22,6,0,0,0,0,0
2017,11,2017-11-21 14:00,prior_ppg,True,QB,93,69,8,6,10,3,0,0,0,0,0
2017,11,2017-11-21 14:00,prior_ppg,True,RB,158,116,10,11,21,3,0,0,0,0,0
2017,11,2017-11-21 14:00,prior_ppg,True,TE,132,106,8,6,12,5,0,0,0,0,0
2017,11,2017-11-21 14:00,prior_ppg,True,WR,244,195,14,12,23,6,0,0,0,0,0
2017,12,2017-11-28 14:00,prior_ppg,True,QB,92,68,8,6,10,3,0,0,0,0,0
2017,12,2017-11-28 14:00,prior_ppg,True,RB,157,115,11,11,20,3,0,0,0,0,0
2017,12,2017-11-28 14:00,prior_ppg,True,TE,134,107,9,6,12,5,0,0,0,0,0
2017,12,2017-11-28 14:00,prior_ppg,True,WR,246,198,13,13,22,5,0,0,0,0,0
2017,13,2017-12-05 14:00,prior_ppg,True,QB,92,68,8,6,10,3,0,0,0,0,0
2017,13,2017-12-05 14:00,prior_ppg,True,RB,160,119,11,11,19,3,0,0,0,0,0
2017,13,2017-12-05 14:00,prior_ppg,True,TE,134,107,8,7,12,5,0,0,0,0,0
2017,13,2017-12-05 14:00,prior_ppg,True,WR,247,199,14,14,20,5,0,0,0,0,0
2017,14,2017-12-12 14:00,prior_ppg,True,QB,92,68,8,6,10,3,0,0,0,0,0
2017,14,2017-12-12 14:00,prior_ppg,True,RB,160,119,11,10,20,3,0,0,0,0,0
2017,14,2017-12-12 14:00,prior_ppg,True,TE,134,109,8,6,11,5,0,0,0,0,0
2017,14,2017-12-12 14:00,prior_ppg,True,WR,241,194,12,16,19,3,0,0,0,0,0
2017,15,2017-12-19 14:00,prior_ppg,True,QB,91,68,8,4,11,3,0,0,0,0,0
2017,15,2017-12-19 14:00,prior_ppg,True,RB,159,118,11,10,20,3,0,0,0,0,0
2017,15,2017-12-19 14:00,prior_ppg,True,TE,134,110,7,5,12,5,0,0,0,0,0
2017,15,2017-12-19 14:00,prior_ppg,True,WR,244,196,13,15,20,4,0,0,0,0,0
2017,16,2017-12-26 14:00,prior_ppg,True,QB,88,66,8,4,10,3,0,0,0,0,0
2017,16,2017-12-26 14:00,prior_ppg,True,RB,161,120,10,9,22,3,0,0,0,0,0
2017,16,2017-12-26 14:00,prior_ppg,True,TE,131,110,5,5,11,4,0,0,0,0,0
2017,16,2017-12-26 14:00,prior_ppg,True,WR,244,198,12,13,21,4,0,0,0,0,0
2017,17,2018-01-02 14:00,prior_ppg,True,QB,90,68,8,4,10,3,0,0,0,0,0
2017,17,2018-01-02 14:00,prior_ppg,True,RB,160,120,10,9,21,3,0,0,0,0,0
2017,17,2018-01-02 14:00,prior_ppg,True,TE,132,112,5,4,11,4,0,0,0,0,0
2017,17,2018-01-02 14:00,prior_ppg,True,WR,249,201,13,15,20,4,0,0,0,0,0
2018,1,2018-09-11 14:00,prior_ppg,True,QB,120,90,12,7,11,5,0,0,0,0,0
2018,1,2018-09-11 14:00,prior_ppg,True,RB,261,203,22,15,21,7,0,0,0,0,0
2018,1,2018-09-11 14:00,prior_ppg,True,TE,208,178,11,9,10,3,0,0,0,0,0
2018,1,2018-09-11 14:00,prior_ppg,True,WR,414,355,23,15,21,8,0,0,0,0,0
2018,2,2018-09-18 14:00,prior_ppg,True,QB,96,68,10,6,12,5,0,0,0,0,0
2018,2,2018-09-18 14:00,prior_ppg,True,RB,163,112,16,12,23,6,0,0,0,0,0
2018,2,2018-09-18 14:00,prior_ppg,True,TE,134,108,8,7,11,3,0,0,0,0,0
2018,2,2018-09-18 14:00,prior_ppg,True,WR,236,177,23,16,20,8,0,0,0,0,0
2018,3,2018-09-25 14:00,prior_ppg,True,QB,95,67,10,6,12,5,0,0,0,0,0
2018,3,2018-09-25 14:00,prior_ppg,True,RB,163,113,15,11,24,6,0,0,0,0,0
2018,3,2018-09-25 14:00,prior_ppg,True,TE,136,112,7,5,12,3,0,0,0,0,0
2018,3,2018-09-25 14:00,prior_ppg,True,WR,237,179,22,15,21,8,0,0,0,0,0
2018,4,2018-10-02 14:00,prior_ppg,True,QB,95,64,13,8,10,5,0,0,0,0,0
2018,4,2018-10-02 14:00,prior_ppg,True,RB,159,108,16,13,22,6,0,0,0,0,0
2018,4,2018-10-02 14:00,prior_ppg,True,TE,134,109,8,6,11,3,0,0,0,0,0
2018,4,2018-10-02 14:00,prior_ppg,True,WR,236,180,20,13,23,8,0,0,0,0,0
2018,5,2018-10-09 14:00,prior_ppg,True,QB,93,62,13,8,10,5,0,0,0,0,0
2018,5,2018-10-09 14:00,prior_ppg,True,RB,160,108,16,13,23,6,0,0,0,0,0
2018,5,2018-10-09 14:00,prior_ppg,True,TE,131,107,9,5,10,3,0,0,0,0,0
2018,5,2018-10-09 14:00,prior_ppg,True,WR,237,182,19,12,24,8,0,0,0,0,0
2018,6,2018-10-16 14:00,prior_ppg,True,QB,92,62,12,7,11,5,0,0,0,0,0
2018,6,2018-10-16 14:00,prior_ppg,True,RB,159,107,18,14,20,6,0,0,0,0,0
2018,6,2018-10-16 14:00,prior_ppg,True,TE,133,109,9,6,9,3,0,0,0,0,0
2018,6,2018-10-16 14:00,prior_ppg,True,WR,240,183,21,14,22,8,0,0,0,0,0
2018,7,2018-10-23 14:00,prior_ppg,True,QB,93,64,11,6,12,5,0,0,0,0,0
2018,7,2018-10-23 14:00,prior_ppg,True,RB,159,109,16,13,21,6,0,0,0,0,0
2018,7,2018-10-23 14:00,prior_ppg,True,TE,134,109,10,7,8,3,0,0,0,0,0
2018,7,2018-10-23 14:00,prior_ppg,True,WR,237,182,19,12,24,8,0,0,0,0,0
2018,8,2018-10-30 14:00,prior_ppg,True,QB,94,65,11,6,12,5,0,0,0,0,0
2018,8,2018-10-30 14:00,prior_ppg,True,RB,158,112,12,11,23,6,0,0,0,0,0
2018,8,2018-10-30 14:00,prior_ppg,True,TE,133,108,9,7,9,3,0,0,0,0,0
2018,8,2018-10-30 14:00,prior_ppg,True,WR,237,183,19,11,24,8,0,0,0,0,0
2018,9,2018-11-06 14:00,prior_ppg,True,QB,96,66,12,7,11,5,0,0,0,0,0
2018,9,2018-11-06 14:00,prior_ppg,True,RB,159,113,12,11,23,6,0,0,0,0,0
2018,9,2018-11-06 14:00,prior_ppg,True,TE,135,111,8,6,10,3,0,0,0,0,0
2018,9,2018-11-06 14:00,prior_ppg,True,WR,235,181,20,12,22,8,0,0,0,0,0
2018,10,2018-11-13 14:00,prior_ppg,True,QB,96,67,11,6,12,5,0,0,0,0,0
2018,10,2018-11-13 14:00,prior_ppg,True,RB,158,110,14,13,21,6,0,0,0,0,0
2018,10,2018-11-13 14:00,prior_ppg,True,TE,133,109,8,6,10,3,0,0,0,0,0
2018,10,2018-11-13 14:00,prior_ppg,True,WR,235,183,19,11,22,8,0,0,0,0,0
2018,11,2018-11-20 14:00,prior_ppg,True,QB,96,66,12,7,11,5,0,0,0,0,0
2018,11,2018-11-20 14:00,prior_ppg,True,RB,158,111,13,13,21,6,0,0,0,0,0
2018,11,2018-11-20 14:00,prior_ppg,True,TE,132,109,8,6,9,3,0,0,0,0,0
2018,11,2018-11-20 14:00,prior_ppg,True,WR,240,189,18,10,23,8,0,0,0,0,0
2018,12,2018-11-27 14:00,prior_ppg,True,QB,93,66,9,5,13,5,0,0,0,0,0
2018,12,2018-11-27 14:00,prior_ppg,True,RB,157,111,13,12,21,6,0,0,0,0,0
2018,12,2018-11-27 14:00,prior_ppg,True,TE,130,108,8,6,8,3,0,0,0,0,0
2018,12,2018-11-27 14:00,prior_ppg,True,WR,243,193,17,9,24,8,0,0,0,0,0
2018,13,2018-12-04 14:00,prior_ppg,True,QB,93,66,9,5,13,5,0,0,0,0,0
2018,13,2018-12-04 14:00,prior_ppg,True,RB,158,113,14,13,18,6,0,0,0,0,0
2018,13,2018-12-04 14:00,prior_ppg,True,TE,137,116,8,6,7,3,0,0,0,0,0
2018,13,2018-12-04 14:00,prior_ppg,True,WR,238,189,18,10,21,8,0,0,0,0,0
2018,14,2018-12-11 14:00,prior_ppg,True,QB,94,66,10,6,12,5,0,0,0,0,0
2018,14,2018-12-11 14:00,prior_ppg,True,RB,162,115,15,13,19,6,0,0,0,0,0
2018,14,2018-12-11 14:00,prior_ppg,True,TE,134,114,8,5,7,3,0,0,0,0,0
2018,14,2018-12-11 14:00,prior_ppg,True,WR,239,193,17,9,20,7,0,0,0,0,0
2018,15,2018-12-18 14:00,prior_ppg,True,QB,93,64,11,7,11,5,0,0,0,0,0
2018,15,2018-12-18 14:00,prior_ppg,True,RB,160,114,14,13,19,6,0,0,0,0,0
2018,15,2018-12-18 14:00,prior_ppg,True,TE,132,112,8,5,7,3,0,0,0,0,0
2018,15,2018-12-18 14:00,prior_ppg,True,WR,242,196,17,9,20,7,0,0,0,0,0
2018,16,2018-12-25 14:00,prior_ppg,True,QB,94,66,10,6,12,5,0,0,0,0,0
2018,16,2018-12-25 14:00,prior_ppg,True,RB,159,113,16,14,16,5,0,0,0,0,0
2018,16,2018-12-25 14:00,prior_ppg,True,TE,130,110,7,5,8,3,0,0,0,0,0
2018,16,2018-12-25 14:00,prior_ppg,True,WR,244,199,16,9,20,7,0,0,0,0,0
2018,17,2019-01-01 14:00,prior_ppg,True,QB,94,67,9,5,13,5,0,0,0,0,0
2018,17,2019-01-01 14:00,prior_ppg,True,RB,155,112,15,11,17,5,0,0,0,0,0
2018,17,2019-01-01 14:00,prior_ppg,True,TE,129,111,7,4,7,3,0,0,0,0,0
2018,17,2019-01-01 14:00,prior_ppg,True,WR,245,203,14,8,20,6,0,0,0,0,0
2019,1,2019-09-10 14:00,prior_ppg,True,QB,128,99,11,7,11,4,0,0,0,0,0
2019,1,2019-09-10 14:00,prior_ppg,True,RB,245,192,17,15,21,2,0,0,0,0,0
2019,1,2019-09-10 14:00,prior_ppg,True,TE,212,181,13,9,9,4,0,0,0,0,0
2019,1,2019-09-10 14:00,prior_ppg,True,WR,393,332,25,16,20,9,0,0,0,0,0
2019,2,2019-09-17 14:00,prior_ppg,True,QB,95,66,11,9,9,3,0,0,0,0,0
2019,2,2019-09-17 14:00,prior_ppg,True,RB,165,117,12,14,22,2,0,0,0,0,0
2019,2,2019-09-17 14:00,prior_ppg,True,TE,139,108,12,9,10,4,0,0,0,0,0
2019,2,2019-09-17 14:00,prior_ppg,True,WR,242,183,23,16,20,8,0,0,0,0,0
2019,3,2019-09-24 14:00,prior_ppg,True,QB,95,67,10,9,9,3,0,0,0,0,0
2019,3,2019-09-24 14:00,prior_ppg,True,RB,165,116,13,15,21,2,0,0,0,0,0
2019,3,2019-09-24 14:00,prior_ppg,True,TE,138,108,12,9,9,4,0,0,0,0,0
2019,3,2019-09-24 14:00,prior_ppg,True,WR,237,182,19,13,23,8,0,0,0,0,0
2019,4,2019-10-01 14:00,prior_ppg,True,QB,95,70,7,6,12,3,0,0,0,0,0
2019,4,2019-10-01 14:00,prior_ppg,True,RB,165,115,14,15,21,2,0,0,0,0,0
2019,4,2019-10-01 14:00,prior_ppg,True,TE,136,107,11,8,10,4,0,0,0,0,0
2019,4,2019-10-01 14:00,prior_ppg,True,WR,238,183,20,13,22,8,0,0,0,0,0
2019,5,2019-10-08 14:00,prior_ppg,True,QB,97,71,8,7,11,3,0,0,0,0,0
2019,5,2019-10-08 14:00,prior_ppg,True,RB,160,113,11,12,24,2,0,0,0,0,0
2019,5,2019-10-08 14:00,prior_ppg,True,TE,135,105,12,9,9,4,0,0,0,0,0
2019,5,2019-10-08 14:00,prior_ppg,True,WR,244,191,19,10,24,8,0,0,0,0,0
2019,6,2019-10-15 14:00,prior_ppg,True,QB,96,70,8,7,11,3,0,0,0,0,0
2019,6,2019-10-15 14:00,prior_ppg,True,RB,161,113,12,13,23,2,0,0,0,0,0
2019,6,2019-10-15 14:00,prior_ppg,True,TE,132,104,11,8,9,4,0,0,0,0,0
2019,6,2019-10-15 14:00,prior_ppg,True,WR,239,186,19,10,24,8,0,0,0,0,0
2019,7,2019-10-22 14:00,prior_ppg,True,QB,95,70,7,6,12,3,0,0,0,0,0
2019,7,2019-10-22 14:00,prior_ppg,True,RB,164,117,11,12,24,2,0,0,0,0,0
2019,7,2019-10-22 14:00,prior_ppg,True,TE,136,110,10,7,9,4,0,0,0,0,0
2019,7,2019-10-22 14:00,prior_ppg,True,WR,244,191,20,10,23,8,0,0,0,0,0
2019,8,2019-10-29 14:00,prior_ppg,True,QB,93,68,7,6,12,3,0,0,0,0,0
2019,8,2019-10-29 14:00,prior_ppg,True,RB,164,121,8,10,25,2,0,0,0,0,0
2019,8,2019-10-29 14:00,prior_ppg,True,TE,134,107,11,8,8,4,0,0,0,0,0
2019,8,2019-10-29 14:00,prior_ppg,True,WR,245,193,19,9,24,8,0,0,0,0,0
2019,9,2019-11-05 14:00,prior_ppg,True,QB,93,68,7,6,12,3,0,0,0,0,0
2019,9,2019-11-05 14:00,prior_ppg,True,RB,163,121,7,9,26,2,0,0,0,0,0
2019,9,2019-11-05 14:00,prior_ppg,True,TE,134,107,11,8,8,4,0,0,0,0,0
2019,9,2019-11-05 14:00,prior_ppg,True,WR,242,189,20,9,24,9,0,0,0,0,0
2019,10,2019-11-12 14:00,prior_ppg,True,QB,93,68,7,7,11,3,0,0,0,0,0
2019,10,2019-11-12 14:00,prior_ppg,True,RB,162,120,7,8,27,2,0,0,0,0,0
2019,10,2019-11-12 14:00,prior_ppg,True,TE,136,109,11,8,8,4,0,0,0,0,0
2019,10,2019-11-12 14:00,prior_ppg,True,WR,241,188,20,9,24,9,0,0,0,0,0
2019,11,2019-11-19 14:00,prior_ppg,True,QB,94,70,6,6,12,3,0,0,0,0,0
2019,11,2019-11-19 14:00,prior_ppg,True,RB,160,118,7,9,26,2,0,0,0,0,0
2019,11,2019-11-19 14:00,prior_ppg,True,TE,135,108,11,9,7,4,0,0,0,0,0
2019,11,2019-11-19 14:00,prior_ppg,True,WR,241,189,20,9,23,9,0,0,0,0,0
2019,12,2019-11-26 14:00,prior_ppg,True,QB,94,69,7,7,11,3,0,0,0,0,0
2019,12,2019-11-26 14:00,prior_ppg,True,RB,159,117,7,9,26,2,0,0,0,0,0
2019,12,2019-11-26 14:00,prior_ppg,True,TE,138,111,11,9,7,4,0,0,0,0,0
2019,12,2019-11-26 14:00,prior_ppg,True,WR,240,188,20,9,23,9,0,0,0,0,0
2019,13,2019-12-03 14:00,prior_ppg,True,QB,94,69,7,6,12,4,0,0,0,0,0
2019,13,2019-12-03 14:00,prior_ppg,True,RB,159,117,7,8,27,2,0,0,0,0,0
2019,13,2019-12-03 14:00,prior_ppg,True,TE,138,113,9,8,8,4,0,0,0,0,0
2019,13,2019-12-03 14:00,prior_ppg,True,WR,238,187,19,8,24,9,0,0,0,0,0
2019,14,2019-12-10 14:00,prior_ppg,True,QB,96,73,6,4,13,4,0,0,0,0,0
2019,14,2019-12-10 14:00,prior_ppg,True,RB,159,116,8,9,26,2,0,0,0,0,0
2019,14,2019-12-10 14:00,prior_ppg,True,TE,136,112,9,8,7,2,0,0,0,0,0
2019,14,2019-12-10 14:00,prior_ppg,True,WR,244,191,20,10,23,9,0,0,0,0,0
2019,15,2019-12-17 14:00,prior_ppg,True,QB,96,72,7,5,12,4,0,0,0,0,0
2019,15,2019-12-17 14:00,prior_ppg,True,RB,157,115,8,8,26,2,0,0,0,0,0
2019,15,2019-12-17 14:00,prior_ppg,True,TE,134,110,9,8,7,2,0,0,0,0,0
2019,15,2019-12-17 14:00,prior_ppg,True,WR,244,195,19,10,20,8,0,0,0,0,0
2019,16,2019-12-24 14:00,prior_ppg,True,QB,94,72,6,3,13,4,0,0,0,0,0
2019,16,2019-12-24 14:00,prior_ppg,True,RB,161,118,8,8,27,2,0,0,0,0,0
2019,16,2019-12-24 14:00,prior_ppg,True,TE,132,108,9,9,6,2,0,0,0,0,0
2019,16,2019-12-24 14:00,prior_ppg,True,WR,245,198,18,9,20,8,0,0,0,0,0
2019,17,2019-12-31 14:00,prior_ppg,True,QB,94,71,7,4,12,4,0,0,0,0,0
2019,17,2019-12-31 14:00,prior_ppg,True,RB,159,117,8,9,25,2,0,0,0,0,0
2019,17,2019-12-31 14:00,prior_ppg,True,TE,130,106,9,9,6,2,0,0,0,0,0
2019,17,2019-12-31 14:00,prior_ppg,True,WR,245,199,17,9,20,8,0,0,0,0,0
2020,1,2020-09-15 14:00,ecr,True,QB,125,101,6,6,12,0,0,0,0,0,0
2020,1,2020-09-15 14:00,ecr,True,RB,227,177,14,14,22,0,0,0,0,0,0
2020,1,2020-09-15 14:00,ecr,True,TE,202,177,7,7,11,0,0,0,0,0,0
2020,1,2020-09-15 14:00,ecr,True,WR,384,331,16,17,20,0,0,0,0,0,0
2020,1,2020-09-15 14:00,prior_ppg,False,QB,125,97,10,5,13,5,0,0,0,0,0
2020,1,2020-09-15 14:00,prior_ppg,False,RB,227,171,20,14,22,6,0,0,0,0,0
2020,1,2020-09-15 14:00,prior_ppg,False,TE,202,174,10,9,9,1,0,0,0,0,0
2020,1,2020-09-15 14:00,prior_ppg,False,WR,384,316,31,19,18,13,0,0,0,0,0
2020,2,2020-09-22 14:00,ecr,True,QB,110,85,7,7,11,0,0,0,0,0,0
2020,2,2020-09-22 14:00,ecr,True,RB,177,134,7,8,28,0,0,0,0,0,0
2020,2,2020-09-22 14:00,ecr,True,TE,143,121,5,5,12,0,0,0,0,0,0
2020,2,2020-09-22 14:00,ecr,True,WR,263,213,14,14,22,0,0,0,0,0,0
2020,2,2020-09-22 14:00,prior_ppg,False,QB,110,82,10,5,13,5,0,0,0,0,0
2020,2,2020-09-22 14:00,prior_ppg,False,RB,177,130,11,8,28,6,0,0,0,0,0
2020,2,2020-09-22 14:00,prior_ppg,False,TE,143,115,11,9,8,1,0,0,0,0,0
2020,2,2020-09-22 14:00,prior_ppg,False,WR,263,203,24,13,23,12,0,0,0,0,0
2020,3,2020-09-29 14:00,ecr,True,QB,111,88,5,5,13,0,0,0,0,0,0
2020,3,2020-09-29 14:00,ecr,True,RB,172,128,9,11,24,0,0,0,0,0,0
2020,3,2020-09-29 14:00,ecr,True,TE,143,120,7,6,10,0,0,0,0,0,0
2020,3,2020-09-29 14:00,ecr,True,WR,267,219,12,13,23,0,0,0,0,0,0
2020,3,2020-09-29 14:00,prior_ppg,False,QB,111,84,9,4,14,5,0,0,0,0,0
2020,3,2020-09-29 14:00,prior_ppg,False,RB,172,124,13,11,24,6,0,0,0,0,0
2020,3,2020-09-29 14:00,prior_ppg,False,TE,143,115,12,9,7,1,0,0,0,0,0
2020,3,2020-09-29 14:00,prior_ppg,False,WR,267,211,20,11,25,12,0,0,0,0,0
2020,4,2020-10-06 14:00,ecr,True,QB,108,86,5,5,12,0,0,0,0,0,0
2020,4,2020-10-06 14:00,ecr,True,RB,168,126,7,10,25,0,0,0,0,0,0
2020,4,2020-10-06 14:00,ecr,True,TE,145,125,6,4,10,0,0,0,0,0,0
2020,4,2020-10-06 14:00,ecr,True,WR,273,227,11,11,24,0,0,0,0,0,0
2020,4,2020-10-06 14:00,prior_ppg,False,QB,108,82,9,3,14,5,0,0,0,0,0
2020,4,2020-10-06 14:00,prior_ppg,False,RB,168,122,11,10,25,6,0,0,0,0,0
2020,4,2020-10-06 14:00,prior_ppg,False,TE,145,120,11,7,7,1,0,0,0,0,0
2020,4,2020-10-06 14:00,prior_ppg,False,WR,273,219,19,10,25,10,0,0,0,0,0
2020,5,2020-10-13 14:00,ecr,True,QB,108,86,5,5,12,0,0,0,0,0,0
2020,5,2020-10-13 14:00,ecr,True,RB,165,124,7,10,24,0,0,0,0,0,0
2020,5,2020-10-13 14:00,ecr,True,TE,143,123,5,4,11,0,0,0,0,0,0
2020,5,2020-10-13 14:00,ecr,True,WR,267,222,11,10,24,0,0,0,0,0,0
2020,5,2020-10-13 14:00,prior_ppg,False,QB,108,81,10,4,13,5,0,0,0,0,0
2020,5,2020-10-13 14:00,prior_ppg,False,RB,165,120,11,10,24,6,0,0,0,0,0
2020,5,2020-10-13 14:00,prior_ppg,False,TE,143,118,10,7,8,1,0,0,0,0,0
2020,5,2020-10-13 14:00,prior_ppg,False,WR,267,214,19,9,25,10,0,0,0,0,0
2020,6,2020-10-20 14:00,ecr,True,QB,107,84,5,5,13,0,38,19,1,2,16
2020,6,2020-10-20 14:00,ecr,True,RB,165,125,7,9,24,0,108,68,4,3,33
2020,6,2020-10-20 14:00,ecr,True,TE,143,123,5,4,11,0,83,65,1,2,15
2020,6,2020-10-20 14:00,ecr,True,WR,267,222,11,10,24,0,153,109,4,3,37
2020,6,2020-10-20 14:00,prior_ppg,False,QB,107,80,9,4,14,5,38,17,1,4,16
2020,6,2020-10-20 14:00,prior_ppg,False,RB,165,121,11,9,24,6,108,65,3,6,34
2020,6,2020-10-20 14:00,prior_ppg,False,TE,143,117,11,8,7,1,83,62,2,5,14
2020,6,2020-10-20 14:00,prior_ppg,False,WR,267,215,18,8,26,10,153,102,5,10,36
2020,7,2020-10-27 14:00,ecr,True,QB,108,85,6,6,11,0,66,43,0,3,20
2020,7,2020-10-27 14:00,ecr,True,RB,169,129,8,10,22,0,122,77,6,5,34
2020,7,2020-10-27 14:00,ecr,True,TE,141,122,4,4,11,0,100,81,0,2,17
2020,7,2020-10-27 14:00,ecr,True,WR,265,220,11,10,24,0,180,128,7,2,43
2020,7,2020-10-27 14:00,prior_ppg,False,QB,108,84,7,2,15,5,66,39,3,7,17
2020,7,2020-10-27 14:00,prior_ppg,False,RB,169,126,11,9,23,6,122,76,4,6,36
2020,7,2020-10-27 14:00,prior_ppg,False,TE,141,116,10,8,7,1,100,74,1,9,16
2020,7,2020-10-27 14:00,prior_ppg,False,WR,265,210,21,9,25,11,180,119,6,11,44
2020,8,2020-11-03 14:00,ecr,True,QB,108,85,6,6,11,0,67,44,0,4,19
2020,8,2020-11-03 14:00,ecr,True,RB,170,131,8,9,22,0,126,80,7,4,35
2020,8,2020-11-03 14:00,ecr,True,TE,148,128,5,4,11,0,105,86,0,3,16
2020,8,2020-11-03 14:00,ecr,True,WR,275,232,9,10,24,0,183,133,7,1,42
2020,8,2020-11-03 14:00,prior_ppg,False,QB,108,84,7,2,15,5,67,40,3,8,16
2020,8,2020-11-03 14:00,prior_ppg,False,RB,170,128,11,8,23,6,126,79,5,5,37
2020,8,2020-11-03 14:00,prior_ppg,False,TE,148,121,12,9,6,1,105,79,0,10,16
2020,8,2020-11-03 14:00,prior_ppg,False,WR,275,220,21,9,25,13,183,123,5,11,44
2020,9,2020-11-10 14:00,ecr,True,QB,105,83,5,5,12,0,62,40,1,4,17
2020,9,2020-11-10 14:00,ecr,True,RB,167,128,9,8,22,0,131,83,9,5,34
2020,9,2020-11-10 14:00,ecr,True,TE,148,128,5,5,10,0,102,83,0,3,16
2020,9,2020-11-10 14:00,ecr,True,WR,272,227,11,12,22,0,185,132,8,2,43
2020,9,2020-11-10 14:00,prior_ppg,False,QB,105,80,8,3,14,5,62,37,2,7,16
2020,9,2020-11-10 14:00,prior_ppg,False,RB,167,126,11,8,22,5,131,83,7,5,36
2020,9,2020-11-10 14:00,prior_ppg,False,TE,148,122,11,9,6,1,102,76,1,10,15
2020,9,2020-11-10 14:00,prior_ppg,False,WR,272,218,20,10,24,12,185,123,8,11,43
2020,10,2020-11-17 14:00,ecr,True,QB,105,83,5,5,12,0,49,29,0,2,18
2020,10,2020-11-17 14:00,ecr,True,RB,171,131,9,9,22,0,137,92,5,6,34
2020,10,2020-11-17 14:00,ecr,True,TE,148,129,4,4,11,0,100,81,0,1,18
2020,10,2020-11-17 14:00,ecr,True,WR,273,228,10,12,23,0,186,131,10,2,43
2020,10,2020-11-17 14:00,prior_ppg,False,QB,105,80,8,3,14,5,49,26,1,5,17
2020,10,2020-11-17 14:00,prior_ppg,False,RB,171,130,10,8,23,5,137,91,5,7,34
2020,10,2020-11-17 14:00,prior_ppg,False,TE,148,122,11,9,6,1,100,74,0,8,18
2020,10,2020-11-17 14:00,prior_ppg,False,WR,273,218,20,9,26,13,186,122,9,11,44
2020,11,2020-11-24 14:00,ecr,True,QB,104,83,5,5,11,0,48,28,1,3,16
2020,11,2020-11-24 14:00,ecr,True,RB,172,134,8,9,21,0,133,88,8,5,32
2020,11,2020-11-24 14:00,ecr,True,TE,146,125,6,6,9,0,104,83,0,4,17
2020,11,2020-11-24 14:00,ecr,True,WR,273,227,10,13,23,0,184,129,9,3,43
2020,11,2020-11-24 14:00,prior_ppg,False,QB,104,79,9,4,12,5,48,25,1,6,16
2020,11,2020-11-24 14:00,prior_ppg,False,RB,172,133,9,8,22,5,133,87,8,6,32
2020,11,2020-11-24 14:00,prior_ppg,False,TE,146,119,12,10,5,1,104,76,1,11,16
2020,11,2020-11-24 14:00,prior_ppg,False,WR,273,216,21,11,25,13,184,120,7,12,45
2020,12,2020-12-01 14:00,ecr,True,QB,106,86,5,5,10,0,58,37,1,5,15
2020,12,2020-12-01 14:00,ecr,True,RB,170,132,8,10,20,0,138,93,7,4,34
2020,12,2020-12-01 14:00,ecr,True,TE,146,128,4,4,10,0,107,89,0,3,15
2020,12,2020-12-01 14:00,ecr,True,WR,265,221,10,12,22,0,179,126,9,3,41
2020,12,2020-12-01 14:00,prior_ppg,False,QB,106,84,7,3,12,4,58,34,3,8,13
2020,12,2020-12-01 14:00,prior_ppg,False,RB,170,131,9,9,21,3,138,92,7,5,34
2020,12,2020-12-01 14:00,prior_ppg,False,TE,146,123,9,9,5,1,107,84,0,8,15
2020,12,2020-12-01 14:00,prior_ppg,False,WR,265,212,19,9,25,12,179,117,9,12,41
2020,13,2020-12-08 14:00,ecr,True,QB,106,84,6,6,10,0,55,31,2,6,16
2020,13,2020-12-08 14:00,ecr,True,RB,175,133,9,11,22,0,142,93,7,4,38
2020,13,2020-12-08 14:00,ecr,True,TE,148,129,5,4,10,0,106,87,0,3,16
2020,13,2020-12-08 14:00,ecr,True,WR,266,221,10,13,22,0,175,124,7,2,42
2020,13,2020-12-08 14:00,prior_ppg,False,QB,106,82,8,4,12,4,55,29,3,8,15
2020,13,2020-12-08 14:00,prior_ppg,False,RB,175,131,11,10,23,5,142,91,7,6,38
2020,13,2020-12-08 14:00,prior_ppg,False,TE,148,124,10,8,6,1,106,81,1,9,15
2020,13,2020-12-08 14:00,prior_ppg,False,WR,266,212,19,9,26,13,175,115,7,11,42
2020,14,2020-12-15 14:00,ecr,True,QB,109,87,7,6,9,0,38,15,2,4,17
2020,14,2020-12-15 14:00,ecr,True,RB,179,138,9,10,22,0,128,79,8,5,36
2020,14,2020-12-15 14:00,ecr,True,TE,148,128,5,4,11,0,106,86,0,3,17
2020,14,2020-12-15 14:00,ecr,True,WR,264,221,9,12,22,0,172,119,10,4,39
2020,14,2020-12-15 14:00,prior_ppg,False,QB,109,86,8,3,12,4,38,14,4,5,15
2020,14,2020-12-15 14:00,prior_ppg,False,RB,179,135,12,9,23,6,128,76,8,8,36
2020,14,2020-12-15 14:00,prior_ppg,False,TE,148,123,10,8,7,1,106,80,1,9,16
2020,14,2020-12-15 14:00,prior_ppg,False,WR,264,211,19,10,24,12,172,113,6,10,43
2020,15,2020-12-22 14:00,ecr,True,QB,112,88,8,7,9,0,44,19,2,6,17
2020,15,2020-12-22 14:00,ecr,True,RB,178,137,9,9,23,0,134,87,6,6,35
2020,15,2020-12-22 14:00,ecr,True,TE,149,129,5,4,11,0,108,88,0,2,18
2020,15,2020-12-22 14:00,ecr,True,WR,266,223,8,12,23,0,176,126,7,3,40
2020,15,2020-12-22 14:00,prior_ppg,False,QB,112,88,8,3,13,4,44,18,5,7,14
2020,15,2020-12-22 14:00,prior_ppg,False,RB,178,134,12,9,23,6,134,85,5,8,36
2020,15,2020-12-22 14:00,prior_ppg,False,TE,149,124,10,8,7,1,108,82,1,8,17
2020,15,2020-12-22 14:00,prior_ppg,False,WR,266,214,17,9,26,12,176,119,5,10,42
2020,16,2020-12-29 14:00,ecr,True,QB,112,90,6,5,11,0,47,24,1,6,16
2020,16,2020-12-29 14:00,ecr,True,RB,181,141,8,10,22,0,140,95,5,4,36
2020,16,2020-12-29 14:00,ecr,True,TE,149,129,5,4,11,0,106,86,0,2,18
2020,16,2020-12-29 14:00,ecr,True,WR,274,232,7,11,24,0,180,131,7,2,40
2020,16,2020-12-29 14:00,prior_ppg,False,QB,112,89,7,2,14,4,47,24,2,6,15
2020,16,2020-12-29 14:00,prior_ppg,False,RB,181,138,11,10,22,6,140,92,5,7,36
2020,16,2020-12-29 14:00,prior_ppg,False,TE,149,123,11,8,7,1,106,79,1,9,17
2020,16,2020-12-29 14:00,prior_ppg,False,WR,274,221,18,9,26,13,180,123,5,10,42
2020,17,2021-01-05 14:00,ecr,True,QB,111,89,5,5,12,0,45,22,1,6,16
2020,17,2021-01-05 14:00,ecr,True,RB,167,128,7,9,23,0,126,84,4,4,34
2020,17,2021-01-05 14:00,ecr,True,TE,149,130,5,3,11,0,105,86,0,2,17
2020,17,2021-01-05 14:00,ecr,True,WR,275,234,8,12,21,0,178,132,5,2,39
2020,17,2021-01-05 14:00,prior_ppg,False,QB,111,87,7,3,14,4,45,22,1,6,16
2020,17,2021-01-05 14:00,prior_ppg,False,RB,167,125,10,9,23,6,126,81,4,7,34
2020,17,2021-01-05 14:00,prior_ppg,False,TE,149,123,12,8,6,1,105,79,0,9,17
2020,17,2021-01-05 14:00,prior_ppg,False,WR,275,224,18,10,23,12,178,124,4,10,40
2021,1,2021-09-14 14:00,ecr,True,QB,111,85,8,8,10,0,68,41,1,10,16
2021,1,2021-09-14 14:00,ecr,True,RB,216,168,12,12,24,0,146,96,3,8,39
2021,1,2021-09-14 14:00,ecr,True,TE,197,172,6,7,12,0,112,86,1,10,15
2021,1,2021-09-14 14:00,ecr,True,WR,347,294,17,17,19,0,204,140,11,9,44
2021,1,2021-09-14 14:00,prior_ppg,False,QB,111,77,16,10,8,6,68,35,1,16,16
2021,1,2021-09-14 14:00,prior_ppg,False,RB,216,164,16,13,23,3,146,91,6,13,36
2021,1,2021-09-14 14:00,prior_ppg,False,TE,197,168,10,9,10,2,112,82,1,14,15
2021,1,2021-09-14 14:00,prior_ppg,False,WR,347,287,24,14,22,10,204,133,13,16,42
2021,2,2021-09-21 14:00,ecr,True,QB,100,73,9,9,9,0,67,40,0,10,17
2021,2,2021-09-21 14:00,ecr,True,RB,170,124,9,12,25,0,139,89,4,6,40
2021,2,2021-09-21 14:00,ecr,True,TE,152,127,7,7,11,0,116,90,1,11,14
2021,2,2021-09-21 14:00,ecr,True,WR,275,228,11,12,24,0,202,142,13,8,39
2021,2,2021-09-21 14:00,prior_ppg,False,QB,100,67,15,11,7,6,67,33,1,17,16
2021,2,2021-09-21 14:00,prior_ppg,False,RB,170,122,11,13,24,2,139,85,6,10,38
2021,2,2021-09-21 14:00,prior_ppg,False,TE,152,125,9,7,11,2,116,87,2,14,13
2021,2,2021-09-21 14:00,prior_ppg,False,WR,275,219,20,12,24,9,202,136,10,14,42
2021,3,2021-09-28 14:00,ecr,True,QB,99,76,6,6,11,0,64,40,1,7,16
2021,3,2021-09-28 14:00,ecr,True,RB,169,126,7,9,27,0,132,85,4,1,42
2021,3,2021-09-28 14:00,ecr,True,TE,150,126,6,6,12,0,110,85,1,10,14
2021,3,2021-09-28 14:00,ecr,True,WR,275,228,12,12,23,0,184,128,9,5,42
2021,3,2021-09-28 14:00,prior_ppg,False,QB,99,69,13,8,9,6,64,34,1,13,16
2021,3,2021-09-28 14:00,prior_ppg,False,RB,169,122,11,12,24,2,132,79,6,7,40
2021,3,2021-09-28 14:00,prior_ppg,False,TE,150,124,8,6,12,2,110,83,1,12,14
2021,3,2021-09-28 14:00,prior_ppg,False,WR,275,221,19,11,24,9,184,122,8,11,43
2021,4,2021-10-05 14:00,ecr,True,QB,99,77,5,5,12,0,62,40,0,5,17
2021,4,2021-10-05 14:00,ecr,True,RB,168,124,9,10,25,0,133,85,4,2,42
2021,4,2021-10-05 14:00,ecr,True,TE,150,126,6,7,11,0,109,85,0,10,14
2021,4,2021-10-05 14:00,ecr,True,WR,278,232,11,11,24,0,185,129,10,5,41
2021,4,2021-10-05 14:00,prior_ppg,False,QB,99,70,12,7,10,6,62,35,1,10,16
2021,4,2021-10-05 14:00,prior_ppg,False,RB,168,122,11,11,24,2,133,80,7,7,39
2021,4,2021-10-05 14:00,prior_ppg,False,TE,150,123,9,7,11,2,109,82,0,13,14
2021,4,2021-10-05 14:00,prior_ppg,False,WR,278,223,20,10,25,9,185,124,7,10,44
2021,5,2021-10-12 14:00,ecr,True,QB,99,78,4,4,13,0,62,41,0,5,16
2021,5,2021-10-12 14:00,ecr,True,RB,169,128,7,8,26,0,132,85,6,2,39
2021,5,2021-10-12 14:00,ecr,True,TE,143,123,4,5,11,0,103,83,0,5,15
2021,5,2021-10-12 14:00,ecr,True,WR,280,236,9,9,26,0,186,134,8,3,41
2021,5,2021-10-12 14:00,prior_ppg,False,QB,99,71,11,6,11,6,62,36,1,10,15
2021,5,2021-10-12 14:00,prior_ppg,False,RB,169,125,10,10,24,2,132,79,9,8,36
2021,5,2021-10-12 14:00,prior_ppg,False,TE,143,120,7,5,11,2,103,80,0,8,15
2021,5,2021-10-12 14:00,prior_ppg,False,WR,280,228,17,9,26,8,186,128,6,9,43
2021,6,2021-10-19 14:00,ecr,True,QB,100,80,4,3,13,0,59,39,0,4,16
2021,6,2021-10-19 14:00,ecr,True,RB,165,128,6,7,24,0,117,73,7,2,35
2021,6,2021-10-19 14:00,ecr,True,TE,144,124,5,5,10,0,103,83,0,5,15
2021,6,2021-10-19 14:00,ecr,True,WR,281,237,9,10,25,0,182,131,8,2,41
2021,6,2021-10-19 14:00,prior_ppg,False,QB,100,74,10,5,11,6,59,35,1,8,15
2021,6,2021-10-19 14:00,prior_ppg,False,RB,165,125,9,8,23,2,117,68,9,7,33
2021,6,2021-10-19 14:00,prior_ppg,False,TE,144,122,7,5,10,2,103,81,0,7,15
2021,6,2021-10-19 14:00,prior_ppg,False,WR,281,231,15,7,28,9,182,125,8,8,41
2021,7,2021-10-26 14:00,ecr,True,QB,100,80,4,3,13,0,42,21,1,4,16
2021,7,2021-10-26 14:00,ecr,True,RB,170,135,5,6,24,0,119,72,12,2,33
2021,7,2021-10-26 14:00,ecr,True,TE,143,121,6,6,10,0,99,77,0,6,16
2021,7,2021-10-26 14:00,ecr,True,WR,278,234,9,10,25,0,172,120,8,1,43
2021,7,2021-10-26 14:00,prior_ppg,False,QB,100,74,10,5,11,6,42,17,2,8,15
2021,7,2021-10-26 14:00,prior_ppg,False,RB,170,131,9,8,22,2,119,68,12,6,33
2021,7,2021-10-26 14:00,prior_ppg,False,TE,143,121,6,5,11,2,99,76,1,7,15
2021,7,2021-10-26 14:00,prior_ppg,False,WR,278,227,16,8,27,9,172,114,8,7,43
2021,8,2021-11-02 14:00,ecr,True,QB,101,80,5,4,12,0,41,21,0,5,15
2021,8,2021-11-02 14:00,ecr,True,RB,168,132,6,8,22,0,121,74,11,5,31
2021,8,2021-11-02 14:00,ecr,True,TE,146,124,6,6,10,0,98,77,1,6,14
2021,8,2021-11-02 14:00,ecr,True,WR,276,231,10,11,24,0,175,123,7,2,43
2021,8,2021-11-02 14:00,prior_ppg,False,QB,101,74,11,6,10,6,41,17,0,9,15
2021,8,2021-11-02 14:00,prior_ppg,False,RB,168,128,10,10,20,2,121,70,11,9,31
2021,8,2021-11-02 14:00,prior_ppg,False,TE,146,124,6,5,11,2,98,76,2,7,13
2021,8,2021-11-02 14:00,prior_ppg,False,WR,276,226,15,8,27,9,175,118,8,7,42
2021,9,2021-11-09 14:00,ecr,True,QB,101,82,4,3,12,0,47,28,0,5,14
2021,9,2021-11-09 14:00,ecr,True,RB,172,135,5,8,24,0,130,84,9,5,32
2021,9,2021-11-09 14:00,ecr,True,TE,147,126,5,6,10,0,103,81,1,7,14
2021,9,2021-11-09 14:00,ecr,True,WR,275,232,9,9,25,0,185,135,7,1,42
2021,9,2021-11-09 14:00,prior_ppg,False,QB,101,76,10,5,10,6,47,25,0,8,14
2021,9,2021-11-09 14:00,prior_ppg,False,RB,172,130,10,11,21,2,130,80,9,9,32
2021,9,2021-11-09 14:00,prior_ppg,False,TE,147,126,5,4,12,2,103,80,2,8,13
2021,9,2021-11-09 14:00,prior_ppg,False,WR,275,226,15,8,26,8,185,129,7,7,42
2021,10,2021-11-16 14:00,ecr,True,QB,103,82,4,3,14,0,48,27,0,4,17
2021,10,2021-11-16 14:00,ecr,True,RB,169,133,6,9,21,0,128,84,8,4,32
2021,10,2021-11-16 14:00,ecr,True,TE,144,123,4,5,12,0,105,82,2,7,14
2021,10,2021-11-16 14:00,ecr,True,WR,283,240,9,10,24,0,187,138,7,2,40
2021,10,2021-11-16 14:00,prior_ppg,False,QB,103,76,10,5,12,6,48,23,0,8,17
2021,10,2021-11-16 14:00,prior_ppg,False,RB,169,128,11,12,18,2,128,79,8,9,32
2021,10,2021-11-16 14:00,prior_ppg,False,TE,144,122,5,4,13,2,105,81,2,8,14
2021,10,2021-11-16 14:00,prior_ppg,False,WR,283,234,15,8,26,9,187,131,8,9,39
2021,11,2021-11-23 14:00,ecr,True,QB,104,81,6,5,12,0,46,23,0,6,17
2021,11,2021-11-23 14:00,ecr,True,RB,176,138,7,8,23,0,127,81,8,4,34
2021,11,2021-11-23 14:00,ecr,True,TE,144,123,4,5,12,0,98,76,1,5,16
2021,11,2021-11-23 14:00,ecr,True,WR,276,234,9,10,23,0,180,133,6,3,38
2021,11,2021-11-23 14:00,prior_ppg,False,QB,104,75,12,6,11,6,46,20,0,9,17
2021,11,2021-11-23 14:00,prior_ppg,False,RB,176,133,12,11,20,2,127,76,8,9,34
2021,11,2021-11-23 14:00,prior_ppg,False,TE,144,123,4,4,13,2,98,76,1,5,16
2021,11,2021-11-23 14:00,prior_ppg,False,WR,276,229,14,7,26,9,180,125,8,11,36
2021,12,2021-11-30 14:00,ecr,True,QB,103,81,5,4,13,0,45,22,1,6,16
2021,12,2021-11-30 14:00,ecr,True,RB,176,137,7,9,23,0,125,77,9,5,34
2021,12,2021-11-30 14:00,ecr,True,TE,148,125,5,6,12,0,102,78,1,6,17
2021,12,2021-11-30 14:00,ecr,True,WR,274,235,8,9,22,0,178,130,9,1,38
2021,12,2021-11-30 14:00,prior_ppg,False,QB,103,74,12,6,11,6,45,19,0,9,17
2021,12,2021-11-30 14:00,prior_ppg,False,RB,176,132,12,11,21,2,125,73,8,9,35
2021,12,2021-11-30 14:00,prior_ppg,False,TE,148,127,3,4,14,2,102,79,2,5,16
2021,12,2021-11-30 14:00,prior_ppg,False,WR,274,228,15,8,23,9,178,124,8,7,39
2021,13,2021-12-07 14:00,ecr,True,QB,102,80,5,4,13,0,46,23,1,6,16
2021,13,2021-12-07 14:00,ecr,True,RB,173,136,5,8,24,0,124,79,9,3,33
2021,13,2021-12-07 14:00,ecr,True,TE,148,126,4,5,13,0,107,85,0,5,17
2021,13,2021-12-07 14:00,ecr,True,WR,273,232,9,10,22,0,178,129,9,2,38
2021,13,2021-12-07 14:00,prior_ppg,False,QB,102,73,12,6,11,6,46,19,0,10,17
2021,13,2021-12-07 14:00,prior_ppg,False,RB,173,130,11,10,22,2,124,73,9,9,33
2021,13,2021-12-07 14:00,prior_ppg,False,TE,148,127,3,4,14,2,107,86,0,4,17
2021,13,2021-12-07 14:00,prior_ppg,False,WR,273,226,15,9,23,9,178,122,10,9,37
2021,14,2021-12-14 14:00,ecr,True,QB,103,81,5,4,13,0,47,25,0,6,16
2021,14,2021-12-14 14:00,ecr,True,RB,168,134,4,8,22,0,128,87,8,3,30
2021,14,2021-12-14 14:00,ecr,True,TE,147,127,4,5,11,0,104,84,0,5,15
2021,14,2021-12-14 14:00,ecr,True,WR,267,228,9,9,21,0,178,131,9,3,35
2021,14,2021-12-14 14:00,prior_ppg,False,QB,103,74,12,6,11,6,47,20,0,11,16
2021,14,2021-12-14 14:00,prior_ppg,False,RB,168,130,8,8,22,2,128,83,8,7,30
2021,14,2021-12-14 14:00,prior_ppg,False,TE,147,127,4,3,13,2,104,84,0,5,15
2021,14,2021-12-14 14:00,prior_ppg,False,WR,267,222,15,9,21,8,178,124,10,10,34
2021,15,2021-12-21 14:00,ecr,True,QB,99,79,4,3,13,0,41,21,1,4,15
2021,15,2021-12-21 14:00,ecr,True,RB,171,135,5,8,23,0,130,85,9,5,31
2021,15,2021-12-21 14:00,ecr,True,TE,148,129,4,5,10,0,102,82,1,5,14
2021,15,2021-12-21 14:00,ecr,True,WR,262,225,9,9,19,0,174,131,7,2,34
2021,15,2021-12-21 14:00,prior_ppg,False,QB,99,72,11,4,12,6,41,16,1,9,15
2021,15,2021-12-21 14:00,prior_ppg,False,RB,171,130,10,11,20,2,130,80,9,10,31
2021,15,2021-12-21 14:00,prior_ppg,False,TE,148,129,4,3,12,2,102,82,1,5,14
2021,15,2021-12-21 14:00,prior_ppg,False,WR,262,219,15,11,17,6,174,124,8,9,33
2021,16,2021-12-28 14:00,ecr,True,QB,99,78,5,3,13,0,42,22,0,4,16
2021,16,2021-12-28 14:00,ecr,True,RB,170,138,4,6,22,0,124,82,10,4,28
2021,16,2021-12-28 14:00,ecr,True,TE,137,117,4,5,11,0,99,78,1,5,15
2021,16,2021-12-28 14:00,ecr,True,WR,255,218,9,9,19,0,178,132,9,3,34
2021,16,2021-12-28 14:00,prior_ppg,False,QB,99,71,12,5,11,6,42,17,1,9,15
2021,16,2021-12-28 14:00,prior_ppg,False,RB,170,133,9,10,18,2,124,78,9,8,29
2021,16,2021-12-28 14:00,prior_ppg,False,TE,137,117,4,4,12,2,99,78,1,5,15
2021,16,2021-12-28 14:00,prior_ppg,False,WR,255,213,14,9,19,8,178,125,11,10,32
2021,17,2022-01-04 14:00,ecr,True,QB,108,87,5,4,12,0,47,26,1,7,13
2021,17,2022-01-04 14:00,ecr,True,RB,171,138,5,7,21,0,121,80,8,1,32
2021,17,2022-01-04 14:00,ecr,True,TE,138,119,4,5,10,0,94,75,0,5,14
2021,17,2022-01-04 14:00,ecr,True,WR,260,222,8,11,19,0,175,128,10,2,35
2021,17,2022-01-04 14:00,prior_ppg,False,QB,108,80,12,6,10,6,47,22,1,11,13
2021,17,2022-01-04 14:00,prior_ppg,False,RB,171,134,9,10,18,2,121,77,7,4,33
2021,17,2022-01-04 14:00,prior_ppg,False,TE,138,120,3,4,11,2,94,76,0,4,14
2021,17,2022-01-04 14:00,prior_ppg,False,WR,260,215,15,11,19,8,175,121,10,9,35
2021,18,2022-01-11 14:00,ecr,True,QB,103,84,3,2,14,0,46,26,1,5,14
2021,18,2022-01-11 14:00,ecr,True,RB,169,136,5,7,21,0,118,76,9,2,31
2021,18,2022-01-11 14:00,ecr,True,TE,145,126,4,5,10,0,97,78,0,4,15
2021,18,2022-01-11 14:00,ecr,True,WR,261,222,10,10,19,0,181,134,9,2,36
2021,18,2022-01-11 14:00,prior_ppg,False,QB,103,77,10,4,12,5,46,22,1,9,14
2021,18,2022-01-11 14:00,prior_ppg,False,RB,169,131,10,10,18,2,118,72,8,6,32
2021,18,2022-01-11 14:00,prior_ppg,False,TE,145,126,4,4,11,2,97,78,0,4,15
2021,18,2022-01-11 14:00,prior_ppg,False,WR,261,217,15,11,18,7,181,128,10,8,35
2022,1,2022-09-13 14:00,ecr,True,QB,118,91,9,9,9,0,0,0,0,0,0
2022,1,2022-09-13 14:00,ecr,True,RB,233,184,13,13,23,0,0,0,0,0,0
2022,1,2022-09-13 14:00,ecr,True,TE,210,183,9,9,9,0,0,0,0,0,0
2022,1,2022-09-13 14:00,ecr,True,WR,401,349,16,16,20,0,0,0,0,0,0
2022,1,2022-09-13 14:00,prior_ppg,False,QB,118,94,6,5,13,1,0,0,0,0,0
2022,1,2022-09-13 14:00,prior_ppg,False,RB,233,182,15,12,24,3,0,0,0,0,0
2022,1,2022-09-13 14:00,prior_ppg,False,TE,210,184,8,7,11,1,0,0,0,0,0
2022,1,2022-09-13 14:00,prior_ppg,False,WR,401,336,29,16,20,13,0,0,0,0,0
2022,2,2022-09-20 14:00,ecr,True,QB,101,75,8,8,10,0,67,42,0,8,17
2022,2,2022-09-20 14:00,ecr,True,RB,171,124,11,12,24,0,131,80,4,7,40
2022,2,2022-09-20 14:00,ecr,True,TE,150,122,10,10,8,0,129,101,0,14,14
2022,2,2022-09-20 14:00,ecr,True,WR,268,218,14,14,22,0,191,130,12,8,41
2022,2,2022-09-20 14:00,prior_ppg,False,QB,101,75,8,7,11,1,67,40,2,10,15
2022,2,2022-09-20 14:00,prior_ppg,False,RB,171,125,10,8,28,3,131,80,6,7,38
2022,2,2022-09-20 14:00,prior_ppg,False,TE,150,124,8,7,11,1,129,102,1,13,13
2022,2,2022-09-20 14:00,prior_ppg,False,WR,268,212,20,11,25,10,191,124,12,14,41
2022,3,2022-09-27 14:00,ecr,True,QB,101,77,6,7,11,0,66,43,0,7,16
2022,3,2022-09-27 14:00,ecr,True,RB,170,127,7,8,28,0,136,89,4,3,40
2022,3,2022-09-27 14:00,ecr,True,TE,148,120,10,10,8,0,129,101,0,13,15
2022,3,2022-09-27 14:00,ecr,True,WR,268,217,16,16,19,0,193,134,8,7,44
2022,3,2022-09-27 14:00,prior_ppg,False,QB,101,75,8,7,11,1,66,41,0,9,16
2022,3,2022-09-27 14:00,prior_ppg,False,RB,170,125,9,7,29,3,136,87,5,5,39
2022,3,2022-09-27 14:00,prior_ppg,False,TE,148,120,10,9,9,1,129,100,1,14,14
2022,3,2022-09-27 14:00,prior_ppg,False,WR,268,211,22,13,22,10,193,126,10,15,42
2022,4,2022-10-04 14:00,ecr,True,QB,101,78,5,6,12,0,46,24,0,6,16
2022,4,2022-10-04 14:00,ecr,True,RB,169,127,6,7,29,0,130,82,7,2,39
2022,4,2022-10-04 14:00,ecr,True,TE,147,119,10,10,8,0,108,80,0,14,14
2022,4,2022-10-04 14:00,ecr,True,WR,269,217,16,16,20,0,188,132,4,6,46
2022,4,2022-10-04 14:00,prior_ppg,False,QB,101,75,8,7,11,1,46,21,0,9,16
2022,4,2022-10-04 14:00,prior_ppg,False,RB,169,122,11,9,27,3,130,80,5,4,41
2022,4,2022-10-04 14:00,prior_ppg,False,TE,147,119,10,9,9,1,108,80,0,14,14
2022,4,2022-10-04 14:00,prior_ppg,False,WR,269,214,19,10,26,10,188,124,9,14,41
2022,5,2022-10-11 14:00,ecr,True,QB,101,78,5,6,12,0,46,24,0,6,16
2022,5,2022-10-11 14:00,ecr,True,RB,167,126,7,8,26,0,126,81,5,2,38
2022,5,2022-10-11 14:00,ecr,True,TE,144,116,10,10,8,0,110,82,0,14,14
2022,5,2022-10-11 14:00,ecr,True,WR,267,217,14,14,22,0,179,123,6,4,46
2022,5,2022-10-11 14:00,prior_ppg,False,QB,101,76,7,6,12,1,46,21,1,9,15
2022,5,2022-10-11 14:00,prior_ppg,False,RB,167,121,12,10,24,3,126,77,5,6,38
2022,5,2022-10-11 14:00,prior_ppg,False,TE,144,118,8,8,10,1,110,84,0,12,14
2022,5,2022-10-11 14:00,prior_ppg,False,WR,267,213,18,9,27,10,179,116,9,11,43
2022,6,2022-10-18 14:00,ecr,True,QB,97,74,5,6,12,0,45,23,0,5,17
2022,6,2022-10-18 14:00,ecr,True,RB,167,126,8,9,24,0,128,80,7,4,37
2022,6,2022-10-18 14:00,ecr,True,TE,150,124,8,8,10,0,115,89,0,11,15
2022,6,2022-10-18 14:00,ecr,True,WR,267,220,12,11,24,0,180,126,7,2,45
2022,6,2022-10-18 14:00,prior_ppg,False,QB,97,71,8,7,11,1,45,20,0,8,17
2022,6,2022-10-18 14:00,prior_ppg,False,RB,167,122,12,10,23,3,128,77,7,7,37
2022,6,2022-10-18 14:00,prior_ppg,False,TE,150,124,8,7,11,1,115,89,0,11,15
2022,6,2022-10-18 14:00,prior_ppg,False,WR,267,214,18,8,27,10,180,119,8,9,44
2022,7,2022-10-25 14:00,ecr,True,QB,99,76,6,6,11,0,53,30,0,5,18
2022,7,2022-10-25 14:00,ecr,True,RB,168,129,6,8,25,0,131,85,7,3,36
2022,7,2022-10-25 14:00,ecr,True,TE,149,122,9,9,9,0,119,92,0,10,17
2022,7,2022-10-25 14:00,ecr,True,WR,270,224,11,11,24,0,195,141,8,2,44
2022,7,2022-10-25 14:00,prior_ppg,False,QB,99,74,8,7,10,1,53,28,0,7,18
2022,7,2022-10-25 14:00,prior_ppg,False,RB,168,122,13,11,22,3,131,82,4,6,39
2022,7,2022-10-25 14:00,prior_ppg,False,TE,149,122,9,8,10,1,119,92,0,10,17
2022,7,2022-10-25 14:00,prior_ppg,False,WR,270,215,20,10,25,10,195,133,7,10,45
2022,8,2022-11-01 14:00,ecr,True,QB,99,75,7,7,10,0,54,30,0,6,18
2022,8,2022-11-01 14:00,ecr,True,RB,167,130,5,7,25,0,138,93,8,2,35
2022,8,2022-11-01 14:00,ecr,True,TE,149,123,8,8,10,0,117,91,0,8,18
2022,8,2022-11-01 14:00,ecr,True,WR,272,227,10,10,25,0,196,145,6,2,43
2022,8,2022-11-01 14:00,prior_ppg,False,QB,99,74,8,7,10,1,54,28,1,8,17
2022,8,2022-11-01 14:00,prior_ppg,False,RB,167,123,12,10,22,2,138,90,5,5,38
2022,8,2022-11-01 14:00,prior_ppg,False,TE,149,123,8,7,11,1,117,91,0,8,18
2022,8,2022-11-01 14:00,prior_ppg,False,WR,272,219,18,8,27,10,196,137,6,10,43
2022,9,2022-11-08 14:00,ecr,True,QB,98,76,5,5,12,0,50,28,0,3,19
2022,9,2022-11-08 14:00,ecr,True,RB,169,131,5,7,26,0,137,90,9,3,35
2022,9,2022-11-08 14:00,ecr,True,TE,148,122,8,9,9,0,114,90,0,6,18
2022,9,2022-11-08 14:00,ecr,True,WR,273,228,10,12,23,0,198,145,9,3,41
2022,9,2022-11-08 14:00,prior_ppg,False,QB,98,74,7,6,11,1,50,25,1,6,18
2022,9,2022-11-08 14:00,prior_ppg,False,RB,169,126,10,9,24,2,137,89,6,4,38
2022,9,2022-11-08 14:00,prior_ppg,False,TE,148,121,9,8,10,1,114,90,0,6,18
2022,9,2022-11-08 14:00,prior_ppg,False,WR,273,221,17,8,27,10,198,138,9,10,41
2022,10,2022-11-15 14:00,ecr,True,QB,98,76,5,5,12,0,50,28,0,3,19
2022,10,2022-11-15 14:00,ecr,True,RB,172,132,7,8,25,0,133,84,9,3,37
2022,10,2022-11-15 14:00,ecr,True,TE,147,123,7,8,9,0,116,92,1,7,16
2022,10,2022-11-15 14:00,ecr,True,WR,279,235,10,12,22,0,200,149,8,2,41
2022,10,2022-11-15 14:00,prior_ppg,False,QB,98,74,7,6,11,1,50,25,1,6,18
2022,10,2022-11-15 14:00,prior_ppg,False,RB,172,127,12,10,23,2,133,83,6,4,40
2022,10,2022-11-15 14:00,prior_ppg,False,TE,147,121,9,8,9,1,116,91,1,8,16
2022,10,2022-11-15 14:00,prior_ppg,False,WR,279,226,19,9,25,11,200,140,8,11,41
2022,11,2022-11-22 14:00,ecr,True,QB,99,77,5,5,12,0,49,27,0,2,20
2022,11,2022-11-22 14:00,ecr,True,RB,169,130,7,7,25,0,136,88,9,4,35
2022,11,2022-11-22 14:00,ecr,True,TE,147,124,7,8,8,0,115,91,1,7,16
2022,11,2022-11-22 14:00,ecr,True,WR,276,234,10,11,21,0,188,139,7,2,40
2022,11,2022-11-22 14:00,prior_ppg,False,QB,99,75,7,6,11,1,49,24,1,5,19
2022,11,2022-11-22 14:00,prior_ppg,False,RB,169,125,12,10,22,2,136,87,5,5,39
2022,11,2022-11-22 14:00,prior_ppg,False,TE,147,123,8,7,9,1,115,89,2,9,15
2022,11,2022-11-22 14:00,prior_ppg,False,WR,276,224,20,9,23,11,188,131,6,10,41
2022,12,2022-11-29 14:00,ecr,True,QB,99,77,5,5,12,0,50,28,0,2,20
2022,12,2022-11-29 14:00,ecr,True,RB,168,130,5,8,25,0,129,86,7,2,34
2022,12,2022-11-29 14:00,ecr,True,TE,146,125,6,8,7,0,112,91,0,8,13
2022,12,2022-11-29 14:00,ecr,True,WR,274,232,9,10,23,0,185,134,9,2,40
2022,12,2022-11-29 14:00,prior_ppg,False,QB,99,75,7,6,11,1,50,25,1,5,19
2022,12,2022-11-29 14:00,prior_ppg,False,RB,168,126,9,11,22,2,129,84,5,4,36
2022,12,2022-11-29 14:00,prior_ppg,False,TE,146,124,7,7,8,1,112,89,1,10,12
2022,12,2022-11-29 14:00,prior_ppg,False,WR,274,224,17,7,26,10,185,126,9,10,40
2022,13,2022-12-06 14:00,ecr,True,QB,97,77,3,4,13,0,44,22,2,2,18
2022,13,2022-12-06 14:00,ecr,True,RB,169,133,4,7,25,0,132,88,8,2,34
2022,13,2022-12-06 14:00,ecr,True,TE,146,126,5,7,8,0,106,87,0,7,12
2022,13,2022-12-06 14:00,ecr,True,WR,271,231,7,10,23,0,182,135,7,1,39
2022,13,2022-12-06 14:00,prior_ppg,False,QB,97,73,7,7,10,1,44,19,1,5,19
2022,13,2022-12-06 14:00,prior_ppg,False,RB,169,128,9,10,22,2,132,85,7,5,35
2022,13,2022-12-06 14:00,prior_ppg,False,TE,146,124,7,7,8,1,106,84,0,10,12
2022,13,2022-12-06 14:00,prior_ppg,False,WR,271,222,16,6,27,11,182,126,7,10,39
2022,14,2022-12-13 14:00,ecr,True,QB,101,81,3,4,13,0,52,30,2,3,17
2022,14,2022-12-13 14:00,ecr,True,RB,166,130,4,6,26,0,133,90,7,1,35
2022,14,2022-12-13 14:00,ecr,True,TE,145,125,5,7,8,0,108,88,1,6,13
2022,14,2022-12-13 14:00,ecr,True,WR,271,230,7,11,23,0,175,124,10,1,40
2022,14,2022-12-13 14:00,prior_ppg,False,QB,101,78,6,6,11,1,52,27,2,6,17
2022,14,2022-12-13 14:00,prior_ppg,False,RB,166,126,8,10,22,2,133,86,7,5,35
2022,14,2022-12-13 14:00,prior_ppg,False,TE,145,123,7,7,8,1,108,85,1,9,13
2022,14,2022-12-13 14:00,prior_ppg,False,WR,271,221,16,7,27,11,175,116,9,9,41
2022,15,2022-12-20 14:00,ecr,True,QB,102,82,3,5,12,0,55,35,1,2,17
2022,15,2022-12-20 14:00,ecr,True,RB,164,129,4,6,25,0,134,90,9,1,34
2022,15,2022-12-20 14:00,ecr,True,TE,146,126,4,6,10,0,111,90,1,7,13
2022,15,2022-12-20 14:00,ecr,True,WR,269,228,7,10,24,0,181,132,8,2,39
2022,15,2022-12-20 14:00,prior_ppg,False,QB,102,79,6,6,11,1,55,33,2,4,16
2022,15,2022-12-20 14:00,prior_ppg,False,RB,164,124,9,9,22,2,134,87,7,4,36
2022,15,2022-12-20 14:00,prior_ppg,False,TE,146,124,6,6,10,1,111,88,1,9,13
2022,15,2022-12-20 14:00,prior_ppg,False,WR,269,219,16,6,28,11,181,123,8,11,39
2022,16,2022-12-27 14:00,ecr,True,QB,104,83,4,6,11,0,46,26,1,3,16
2022,16,2022-12-27 14:00,ecr,True,RB,165,130,4,6,25,0,132,90,8,1,33
2022,16,2022-12-27 14:00,ecr,True,TE,147,125,5,7,10,0,113,91,0,7,15
2022,16,2022-12-27 14:00,ecr,True,WR,272,232,7,9,24,0,186,138,9,2,37
2022,16,2022-12-27 14:00,prior_ppg,False,QB,104,80,7,7,10,1,46,24,2,5,15
2022,16,2022-12-27 14:00,prior_ppg,False,RB,165,125,9,9,22,2,132,86,7,5,34
2022,16,2022-12-27 14:00,prior_ppg,False,TE,147,124,6,6,11,1,113,89,1,9,14
2022,16,2022-12-27 14:00,prior_ppg,False,WR,272,222,17,6,27,11,186,129,8,11,38
2022,17,2023-01-03 14:00,ecr,True,QB,103,84,3,4,12,0,50,30,1,2,17
2022,17,2023-01-03 14:00,ecr,True,RB,163,128,4,6,25,0,125,82,9,1,33
2022,17,2023-01-03 14:00,ecr,True,TE,145,124,5,6,10,0,109,88,0,7,14
2022,17,2023-01-03 14:00,ecr,True,WR,274,235,6,8,25,0,170,122,10,2,36
2022,17,2023-01-03 14:00,prior_ppg,False,QB,103,81,6,6,10,1,50,28,2,4,16
2022,17,2023-01-03 14:00,prior_ppg,False,RB,163,123,9,9,22,2,125,82,7,1,35
2022,17,2023-01-03 14:00,prior_ppg,False,TE,145,123,6,5,11,1,109,86,1,9,13
2022,17,2023-01-03 14:00,prior_ppg,False,WR,274,224,17,6,27,11,170,113,8,11,38
2022,18,2023-01-10 14:00,ecr,True,QB,102,82,3,5,12,0,50,31,1,1,17
2022,18,2023-01-10 14:00,ecr,True,RB,161,125,6,7,23,0,120,78,8,1,33
2022,18,2023-01-10 14:00,ecr,True,TE,146,125,5,5,11,0,108,89,0,5,14
2022,18,2023-01-10 14:00,ecr,True,WR,275,233,8,11,23,0,170,121,8,3,38
2022,18,2023-01-10 14:00,prior_ppg,False,QB,102,79,6,7,10,1,50,29,2,3,16
2022,18,2023-01-10 14:00,prior_ppg,False,RB,161,120,11,10,20,2,120,78,6,1,35
2022,18,2023-01-10 14:00,prior_ppg,False,TE,146,124,6,5,11,1,108,87,0,7,14
2022,18,2023-01-10 14:00,prior_ppg,False,WR,275,225,16,6,28,11,170,112,9,12,37
2023,1,2023-09-12 14:00,ecr,True,QB,117,91,8,8,10,0,0,0,0,0,0
2023,1,2023-09-12 14:00,ecr,True,RB,220,176,8,8,28,0,0,0,0,0,0
2023,1,2023-09-12 14:00,ecr,True,TE,202,171,10,13,8,0,0,0,0,0,0
2023,1,2023-09-12 14:00,ecr,True,WR,400,347,17,17,19,0,0,0,0,0,0
2023,1,2023-09-12 14:00,prior_ppg,False,QB,117,87,12,8,10,4,0,0,0,0,0
2023,1,2023-09-12 14:00,prior_ppg,False,RB,220,168,16,13,23,3,0,0,0,0,0
2023,1,2023-09-12 14:00,prior_ppg,False,TE,202,169,12,9,12,6,0,0,0,0,0
2023,1,2023-09-12 14:00,prior_ppg,False,WR,400,343,21,13,23,8,0,0,0,0,0
2023,2,2023-09-19 14:00,ecr,True,QB,93,70,5,6,12,0,73,50,0,5,18
2023,2,2023-09-19 14:00,ecr,True,RB,159,115,9,11,24,0,148,100,5,8,35
2023,2,2023-09-19 14:00,ecr,True,TE,148,121,9,10,8,0,110,83,0,11,16
2023,2,2023-09-19 14:00,ecr,True,WR,267,217,13,16,21,0,238,177,11,9,41
2023,2,2023-09-19 14:00,prior_ppg,False,QB,93,66,9,6,12,4,73,46,0,9,18
2023,2,2023-09-19 14:00,prior_ppg,False,RB,159,109,15,15,20,3,148,97,2,11,38
2023,2,2023-09-19 14:00,prior_ppg,False,TE,148,119,11,6,12,6,110,79,2,15,14
2023,2,2023-09-19 14:00,prior_ppg,False,WR,267,210,20,14,23,8,238,171,10,15,42
2023,3,2023-09-26 14:00,ecr,True,QB,94,71,5,6,12,0,73,50,0,4,19
2023,3,2023-09-26 14:00,ecr,True,RB,161,120,7,9,25,0,148,101,6,4,37
2023,3,2023-09-26 14:00,ecr,True,TE,148,121,9,10,8,0,112,85,0,11,16
2023,3,2023-09-26 14:00,ecr,True,WR,265,216,13,15,21,0,236,178,9,9,40
2023,3,2023-09-26 14:00,prior_ppg,False,QB,94,67,9,6,12,4,73,46,0,8,19
2023,3,2023-09-26 14:00,prior_ppg,False,RB,161,115,12,13,21,3,148,97,5,8,38
2023,3,2023-09-26 14:00,prior_ppg,False,TE,148,118,12,7,11,6,112,81,1,15,15
2023,3,2023-09-26 14:00,prior_ppg,False,WR,265,210,19,12,24,8,236,171,10,16,39
2023,4,2023-10-03 14:00,ecr,True,QB,96,73,5,6,12,0,47,24,0,4,19
2023,4,2023-10-03 14:00,ecr,True,RB,162,120,8,9,25,0,129,82,5,2,40
2023,4,2023-10-03 14:00,ecr,True,TE,148,123,7,8,10,0,110,85,0,10,15
2023,4,2023-10-03 14:00,ecr,True,WR,268,222,11,13,22,0,173,118,9,4,42
2023,4,2023-10-03 14:00,prior_ppg,False,QB,96,69,9,6,12,4,47,22,0,6,19
2023,4,2023-10-03 14:00,prior_ppg,False,RB,162,115,13,13,21,3,129,76,6,8,39
2023,4,2023-10-03 14:00,prior_ppg,False,TE,148,118,12,7,11,6,110,79,1,16,14
2023,4,2023-10-03 14:00,prior_ppg,False,WR,268,215,18,11,24,8,173,110,10,12,41
2023,5,2023-10-10 14:00,ecr,True,QB,95,72,5,6,12,0,50,27,0,3,20
2023,5,2023-10-10 14:00,ecr,True,RB,157,115,8,8,26,0,122,76,4,2,40
2023,5,2023-10-10 14:00,ecr,True,TE,150,125,7,8,10,0,105,80,0,8,17
2023,5,2023-10-10 14:00,ecr,True,WR,271,226,9,11,25,0,172,122,5,1,44
2023,5,2023-10-10 14:00,prior_ppg,False,QB,95,68,9,6,12,4,50,25,0,5,20
2023,5,2023-10-10 14:00,prior_ppg,False,RB,157,109,14,13,21,3,122,69,5,9,39
2023,5,2023-10-10 14:00,prior_ppg,False,TE,150,120,12,7,11,6,105,74,1,14,16
2023,5,2023-10-10 14:00,prior_ppg,False,WR,271,218,17,10,26,8,172,113,6,10,43
2023,6,2023-10-17 14:00,ecr,True,QB,96,75,4,5,12,0,61,39,1,3,18
2023,6,2023-10-17 14:00,ecr,True,RB,156,117,8,7,24,0,121,79,3,2,37
2023,6,2023-10-17 14:00,ecr,True,TE,153,128,7,7,11,0,112,86,1,8,17
2023,6,2023-10-17 14:00,ecr,True,WR,268,226,8,9,25,0,176,126,8,2,40
2023,6,2023-10-17 14:00,prior_ppg,False,QB,96,71,8,5,12,3,61,36,1,6,18
2023,6,2023-10-17 14:00,prior_ppg,False,RB,156,111,14,11,20,3,121,74,3,7,37
2023,6,2023-10-17 14:00,prior_ppg,False,TE,153,122,13,7,11,6,112,80,1,14,17
2023,6,2023-10-17 14:00,prior_ppg,False,WR,268,217,17,9,25,8,176,117,8,11,40
2023,7,2023-10-24 14:00,ecr,True,QB,94,72,5,6,11,0,59,36,1,4,18
2023,7,2023-10-24 14:00,ecr,True,RB,156,117,9,7,23,0,118,74,5,3,36
2023,7,2023-10-24 14:00,ecr,True,TE,151,129,4,6,12,0,109,86,1,8,14
2023,7,2023-10-24 14:00,ecr,True,WR,269,223,12,12,22,0,179,127,6,3,43
2023,7,2023-10-24 14:00,prior_ppg,False,QB,94,69,8,5,12,3,59,33,2,7,17
2023,7,2023-10-24 14:00,prior_ppg,False,RB,156,109,17,11,19,3,118,68,4,9,37
2023,7,2023-10-24 14:00,prior_ppg,False,TE,151,122,11,7,11,6,109,80,0,14,15
2023,7,2023-10-24 14:00,prior_ppg,False,WR,269,217,18,10,24,8,179,118,9,12,40
2023,8,2023-10-31 14:00,ecr,True,QB,96,74,5,6,11,0,47,24,1,4,18
2023,8,2023-10-31 14:00,ecr,True,RB,160,121,9,7,23,0,117,75,3,4,35
2023,8,2023-10-31 14:00,ecr,True,TE,147,127,2,4,14,0,98,78,0,6,14
2023,8,2023-10-31 14:00,ecr,True,WR,268,225,9,9,25,0,176,126,7,1,42
2023,8,2023-10-31 14:00,prior_ppg,False,QB,96,72,7,4,13,3,47,22,2,6,17
2023,8,2023-10-31 14:00,prior_ppg,False,RB,160,113,17,11,19,3,117,68,3,11,35
2023,8,2023-10-31 14:00,prior_ppg,False,TE,147,122,7,5,13,6,98,73,0,11,14
2023,8,2023-10-31 14:00,prior_ppg,False,WR,268,218,16,8,26,8,176,118,8,9,41
2023,9,2023-11-07 14:00,ecr,True,QB,97,76,5,6,10,0,45,24,1,3,17
2023,9,2023-11-07 14:00,ecr,True,RB,162,123,9,7,23,0,116,73,4,4,35
2023,9,2023-11-07 14:00,ecr,True,TE,145,125,3,5,12,0,96,76,0,5,15
2023,9,2023-11-07 14:00,ecr,True,WR,267,226,8,7,26,0,179,130,8,0,41
2023,9,2023-11-07 14:00,prior_ppg,False,QB,97,74,7,4,12,3,45,22,2,5,16
2023,9,2023-11-07 14:00,prior_ppg,False,RB,162,115,17,11,19,3,116,64,5,13,34
2023,9,2023-11-07 14:00,prior_ppg,False,TE,145,120,8,6,11,6,96,71,0,10,15
2023,9,2023-11-07 14:00,prior_ppg,False,WR,267,218,16,7,26,8,179,122,8,8,41
2023,10,2023-11-14 14:00,ecr,True,QB,98,78,4,6,10,0,42,20,3,2,17
2023,10,2023-11-14 14:00,ecr,True,RB,165,126,7,7,25,0,120,77,4,5,34
2023,10,2023-11-14 14:00,ecr,True,TE,145,125,3,5,12,0,100,80,0,5,15
2023,10,2023-11-14 14:00,ecr,True,WR,270,228,9,8,25,0,180,131,7,1,41
2023,10,2023-11-14 14:00,prior_ppg,False,QB,98,75,7,4,12,3,42,17,4,5,16
2023,10,2023-11-14 14:00,prior_ppg,False,RB,165,118,15,10,22,3,120,68,5,14,33
2023,10,2023-11-14 14:00,prior_ppg,False,TE,145,120,8,6,11,6,100,75,0,10,15
2023,10,2023-11-14 14:00,prior_ppg,False,WR,270,221,16,7,26,8,180,123,8,9,40
2023,11,2023-11-21 14:00,ecr,True,QB,98,79,3,6,10,0,47,26,2,1,18
2023,11,2023-11-21 14:00,ecr,True,RB,162,120,9,9,24,0,120,74,4,3,39
2023,11,2023-11-21 14:00,ecr,True,TE,147,126,4,5,12,0,105,84,0,6,15
2023,11,2023-11-21 14:00,ecr,True,WR,274,231,10,9,24,0,187,136,8,2,41
2023,11,2023-11-21 14:00,prior_ppg,False,QB,98,75,7,4,12,3,47,23,2,4,18
2023,11,2023-11-21 14:00,prior_ppg,False,RB,162,113,16,12,21,3,120,67,5,10,38
2023,11,2023-11-21 14:00,prior_ppg,False,TE,147,121,9,6,11,6,105,79,0,11,15
2023,11,2023-11-21 14:00,prior_ppg,False,WR,274,224,17,8,25,8,187,128,9,10,40
2023,12,2023-11-28 14:00,ecr,True,QB,97,80,1,5,11,0,50,30,3,1,16
2023,12,2023-11-28 14:00,ecr,True,RB,167,124,9,10,24,0,130,82,5,5,38
2023,12,2023-11-28 14:00,ecr,True,TE,145,125,4,5,11,0,105,85,0,6,14
2023,12,2023-11-28 14:00,ecr,True,WR,274,231,10,9,24,0,191,142,6,1,42
2023,12,2023-11-28 14:00,prior_ppg,False,QB,97,76,5,3,13,3,50,27,3,4,16
2023,12,2023-11-28 14:00,prior_ppg,False,RB,167,117,16,13,21,3,130,75,5,12,38
2023,12,2023-11-28 14:00,prior_ppg,False,TE,145,122,7,5,11,5,105,81,1,10,13
2023,12,2023-11-28 14:00,prior_ppg,False,WR,274,225,16,8,25,8,191,135,7,8,41
2023,13,2023-12-05 14:00,ecr,True,QB,97,80,1,5,11,0,44,24,3,0,17
2023,13,2023-12-05 14:00,ecr,True,RB,164,121,9,10,24,0,126,80,4,5,37
2023,13,2023-12-05 14:00,ecr,True,TE,146,127,3,4,12,0,107,88,0,4,15
2023,13,2023-12-05 14:00,ecr,True,WR,278,234,11,10,23,0,195,146,5,1,43
2023,13,2023-12-05 14:00,prior_ppg,False,QB,97,76,5,3,13,3,44,22,3,2,17
2023,13,2023-12-05 14:00,prior_ppg,False,RB,164,114,16,13,21,3,126,72,5,13,36
2023,13,2023-12-05 14:00,prior_ppg,False,TE,146,123,7,5,11,5,107,84,0,8,15
2023,13,2023-12-05 14:00,prior_ppg,False,WR,278,229,16,8,25,8,195,139,7,8,41
2023,14,2023-12-12 14:00,ecr,True,QB,97,79,2,6,10,0,47,27,2,1,17
2023,14,2023-12-12 14:00,ecr,True,RB,165,122,9,10,24,0,125,78,4,5,38
2023,14,2023-12-12 14:00,ecr,True,TE,146,126,4,5,11,0,108,88,0,5,15
2023,14,2023-12-12 14:00,ecr,True,WR,275,232,11,9,23,0,194,147,4,0,43
2023,14,2023-12-12 14:00,prior_ppg,False,QB,97,75,6,4,12,3,47,25,2,3,17
2023,14,2023-12-12 14:00,prior_ppg,False,RB,165,115,16,13,21,3,125,71,4,12,38
2023,14,2023-12-12 14:00,prior_ppg,False,TE,146,121,9,6,10,5,108,83,0,10,15
2023,14,2023-12-12 14:00,prior_ppg,False,WR,275,229,14,5,27,8,194,141,7,6,40
2023,15,2023-12-19 14:00,ecr,True,QB,96,79,2,6,9,0,48,28,3,1,16
2023,15,2023-12-19 14:00,ecr,True,RB,164,121,9,10,24,0,122,77,4,4,37
2023,15,2023-12-19 14:00,ecr,True,TE,146,125,4,5,12,0,103,81,1,6,15
2023,15,2023-12-19 14:00,ecr,True,WR,277,234,11,9,23,0,191,142,6,1,42
2023,15,2023-12-19 14:00,prior_ppg,False,QB,96,75,6,4,11,3,48,25,3,4,16
2023,15,2023-12-19 14:00,prior_ppg,False,RB,164,114,16,13,21,3,122,70,4,11,37
2023,15,2023-12-19 14:00,prior_ppg,False,TE,146,120,9,6,11,5,103,76,1,11,15
2023,15,2023-12-19 14:00,prior_ppg,False,WR,277,230,15,6,26,8,191,136,8,7,40
2023,16,2023-12-26 14:00,ecr,True,QB,100,82,3,6,9,0,49,29,3,1,16
2023,16,2023-12-26 14:00,ecr,True,RB,163,120,9,10,24,0,120,73,5,5,37
2023,16,2023-12-26 14:00,ecr,True,TE,147,127,3,4,13,0,105,84,1,5,15
2023,16,2023-12-26 14:00,ecr,True,WR,277,235,10,8,24,0,188,142,5,0,41
2023,16,2023-12-26 14:00,prior_ppg,False,QB,100,79,6,4,11,3,49,26,3,4,16
2023,16,2023-12-26 14:00,prior_ppg,False,RB,163,114,15,13,21,3,120,68,4,10,38
2023,16,2023-12-26 14:00,prior_ppg,False,TE,147,122,8,5,12,5,105,79,1,10,15
2023,16,2023-12-26 14:00,prior_ppg,False,WR,277,230,15,6,26,8,188,136,6,6,40
2023,17,2024-01-02 14:00,ecr,True,QB,99,81,3,6,9,0,46,26,3,1,16
2023,17,2024-01-02 14:00,ecr,True,RB,161,121,8,8,24,0,118,74,4,4,36
2023,17,2024-01-02 14:00,ecr,True,TE,143,124,3,4,12,0,102,82,1,5,14
2023,17,2024-01-02 14:00,ecr,True,WR,275,233,9,9,24,0,179,133,4,0,42
2023,17,2024-01-02 14:00,prior_ppg,False,QB,99,78,6,4,11,3,46,24,3,3,16
2023,17,2024-01-02 14:00,prior_ppg,False,RB,161,115,14,11,21,3,118,69,3,9,37
2023,17,2024-01-02 14:00,prior_ppg,False,TE,143,119,8,5,11,5,102,77,1,10,14
2023,17,2024-01-02 14:00,prior_ppg,False,WR,275,229,13,6,27,8,179,127,6,6,40
2023,18,2024-01-09 14:00,ecr,True,QB,100,82,3,6,9,0,45,25,4,1,15
2023,18,2024-01-09 14:00,ecr,True,RB,163,122,8,9,24,0,117,73,3,4,37
2023,18,2024-01-09 14:00,ecr,True,TE,143,124,4,4,11,0,100,80,1,5,14
2023,18,2024-01-09 14:00,ecr,True,WR,272,230,8,8,26,0,174,128,5,0,41
2023,18,2024-01-09 14:00,prior_ppg,False,QB,100,79,6,4,11,3,45,23,4,3,15
2023,18,2024-01-09 14:00,prior_ppg,False,RB,163,117,13,11,22,3,117,68,3,9,37
2023,18,2024-01-09 14:00,prior_ppg,False,TE,143,120,8,4,11,5,100,76,1,9,14
2023,18,2024-01-09 14:00,prior_ppg,False,WR,272,228,10,4,30,7,174,123,8,5,38
2024,1,2024-09-10 14:00,ecr,True,QB,128,104,6,6,12,0,0,0,0,0,0
2024,1,2024-09-10 14:00,ecr,True,RB,229,184,9,9,27,0,0,0,0,0,0
2024,1,2024-09-10 14:00,ecr,True,TE,210,183,9,9,9,0,0,0,0,0,0
2024,1,2024-09-10 14:00,ecr,True,WR,416,362,18,18,18,0,0,0,0,0,0
2024,1,2024-09-10 14:00,prior_ppg,False,QB,128,99,11,5,13,6,0,0,0,0,0
2024,1,2024-09-10 14:00,prior_ppg,False,RB,229,183,10,9,27,1,0,0,0,0,0
2024,1,2024-09-10 14:00,prior_ppg,False,TE,210,180,12,10,8,2,0,0,0,0,0
2024,1,2024-09-10 14:00,prior_ppg,False,WR,416,354,26,15,21,11,0,0,0,0,0
2024,2,2024-09-17 14:00,ecr,True,QB,98,75,5,5,13,0,0,0,0,0,0
2024,2,2024-09-17 14:00,ecr,True,RB,162,119,7,9,27,0,0,0,0,0,0
2024,2,2024-09-17 14:00,ecr,True,TE,154,127,9,10,8,0,0,0,0,0,0
2024,2,2024-09-17 14:00,ecr,True,WR,272,222,14,15,21,0,0,0,0,0,0
2024,2,2024-09-17 14:00,prior_ppg,False,QB,98,69,11,6,12,5,0,0,0,0,0
2024,2,2024-09-17 14:00,prior_ppg,False,RB,162,119,7,9,27,0,0,0,0,0,0
2024,2,2024-09-17 14:00,prior_ppg,False,TE,154,126,10,10,8,2,0,0,0,0,0
2024,2,2024-09-17 14:00,prior_ppg,False,WR,272,216,20,12,24,10,0,0,0,0,0
2024,3,2024-09-24 14:00,ecr,True,QB,98,74,6,7,11,0,0,0,0,0,0
2024,3,2024-09-24 14:00,ecr,True,RB,162,120,7,9,26,0,0,0,0,0,0
2024,3,2024-09-24 14:00,ecr,True,TE,155,131,6,7,11,0,0,0,0,0,0
2024,3,2024-09-24 14:00,ecr,True,WR,269,221,12,13,23,0,0,0,0,0,0
2024,3,2024-09-24 14:00,prior_ppg,False,QB,98,67,13,8,10,5,0,0,0,0,0
2024,3,2024-09-24 14:00,prior_ppg,False,RB,162,120,7,9,26,0,0,0,0,0,0
2024,3,2024-09-24 14:00,prior_ppg,False,TE,155,130,7,7,11,2,0,0,0,0,0
2024,3,2024-09-24 14:00,prior_ppg,False,WR,269,214,19,11,25,10,0,0,0,0,0
2024,4,2024-10-01 14:00,ecr,True,QB,98,75,5,6,12,0,41,18,1,4,18
2024,4,2024-10-01 14:00,ecr,True,RB,162,122,5,7,28,0,121,79,3,3,36
2024,4,2024-10-01 14:00,ecr,True,TE,154,130,6,7,11,0,104,80,0,8,16
2024,4,2024-10-01 14:00,ecr,True,WR,271,223,12,13,23,0,180,124,10,5,41
2024,4,2024-10-01 14:00,prior_ppg,False,QB,98,70,10,5,13,5,41,15,1,7,18
2024,4,2024-10-01 14:00,prior_ppg,False,RB,162,121,6,8,27,0,121,78,3,4,36
2024,4,2024-10-01 14:00,prior_ppg,False,TE,154,129,7,7,11,2,104,79,0,9,16
2024,4,2024-10-01 14:00,prior_ppg,False,WR,271,217,18,11,25,10,180,121,7,8,44
2024,5,2024-10-08 14:00,ecr,True,QB,99,76,5,6,12,0,42,18,1,5,18
2024,5,2024-10-08 14:00,ecr,True,RB,161,120,6,8,27,0,124,80,3,2,39
2024,5,2024-10-08 14:00,ecr,True,TE,155,130,7,8,10,0,108,83,0,9,16
2024,5,2024-10-08 14:00,ecr,True,WR,270,224,11,12,23,0,185,129,11,4,41
2024,5,2024-10-08 14:00,prior_ppg,False,QB,99,71,10,5,13,5,42,15,1,8,18
2024,5,2024-10-08 14:00,prior_ppg,False,RB,161,119,7,9,26,0,124,79,3,3,39
2024,5,2024-10-08 14:00,prior_ppg,False,TE,155,130,7,7,11,2,108,83,0,9,16
2024,5,2024-10-08 14:00,prior_ppg,False,WR,270,214,21,13,22,10,185,126,5,7,47
2024,6,2024-10-15 14:00,ecr,True,QB,100,77,5,6,12,0,43,19,1,4,19
2024,6,2024-10-15 14:00,ecr,True,RB,160,118,7,9,26,0,124,81,1,3,39
2024,6,2024-10-15 14:00,ecr,True,TE,156,135,3,5,13,0,105,84,0,4,17
2024,6,2024-10-15 14:00,ecr,True,WR,271,226,11,12,22,0,186,134,8,3,41
2024,6,2024-10-15 14:00,prior_ppg,False,QB,100,73,9,4,14,5,43,16,1,7,19
2024,6,2024-10-15 14:00,prior_ppg,False,RB,160,118,7,10,25,0,124,79,3,5,37
2024,6,2024-10-15 14:00,prior_ppg,False,TE,156,132,6,6,12,2,105,81,0,7,17
2024,6,2024-10-15 14:00,prior_ppg,False,WR,271,218,19,11,23,10,186,129,5,8,44
2024,7,2024-10-22 14:00,ecr,True,QB,100,77,5,6,12,0,44,20,1,4,19
2024,7,2024-10-22 14:00,ecr,True,RB,162,120,7,9,26,0,123,80,1,1,41
2024,7,2024-10-22 14:00,ecr,True,TE,155,134,3,5,13,0,107,86,0,4,17
2024,7,2024-10-22 14:00,ecr,True,WR,268,224,11,11,22,0,182,129,9,2,42
2024,7,2024-10-22 14:00,prior_ppg,False,QB,100,73,9,4,14,5,44,17,1,7,19
2024,7,2024-10-22 14:00,prior_ppg,False,RB,162,121,6,9,26,0,123,78,4,3,38
2024,7,2024-10-22 14:00,prior_ppg,False,TE,155,131,6,6,12,2,107,83,0,7,17
2024,7,2024-10-22 14:00,prior_ppg,False,WR,268,214,21,11,22,11,182,123,5,8,46
2024,8,2024-10-29 14:00,ecr,True,QB,101,76,7,7,11,0,47,21,1,6,19
2024,8,2024-10-29 14:00,ecr,True,RB,162,120,7,9,26,0,124,80,2,0,42
2024,8,2024-10-29 14:00,ecr,True,TE,154,133,3,5,13,0,108,88,0,3,17
2024,8,2024-10-29 14:00,ecr,True,WR,275,233,11,10,21,0,177,124,11,2,40
2024,8,2024-10-29 14:00,prior_ppg,False,QB,101,74,9,4,14,5,47,19,2,8,18
2024,8,2024-10-29 14:00,prior_ppg,False,RB,162,121,6,9,26,0,124,78,5,2,39
2024,8,2024-10-29 14:00,prior_ppg,False,TE,154,131,5,5,13,2,108,85,1,6,16
2024,8,2024-10-29 14:00,prior_ppg,False,WR,275,224,20,9,22,11,177,119,7,7,44
2024,9,2024-11-05 14:00,ecr,True,QB,100,76,6,6,12,0,45,21,0,5,19
2024,9,2024-11-05 14:00,ecr,True,RB,161,119,7,9,26,0,119,75,2,1,41
2024,9,2024-11-05 14:00,ecr,True,TE,151,129,4,5,13,0,104,82,1,3,18
2024,9,2024-11-05 14:00,ecr,True,WR,273,232,12,11,18,0,174,123,11,1,39
2024,9,2024-11-05 14:00,prior_ppg,False,QB,100,73,9,4,14,5,45,18,1,8,18
2024,9,2024-11-05 14:00,prior_ppg,False,RB,161,120,6,9,26,0,119,74,4,2,39
2024,9,2024-11-05 14:00,prior_ppg,False,TE,151,128,5,4,14,2,104,80,2,5,17
2024,9,2024-11-05 14:00,prior_ppg,False,WR,273,223,21,10,19,11,174,118,7,6,43
2024,10,2024-11-12 14:00,ecr,True,QB,99,75,6,6,12,0,46,22,1,3,20
2024,10,2024-11-12 14:00,ecr,True,RB,159,116,9,9,25,0,117,73,1,1,42
2024,10,2024-11-12 14:00,ecr,True,TE,152,131,3,4,14,0,106,85,1,2,18
2024,10,2024-11-12 14:00,ecr,True,WR,272,231,10,11,20,0,179,127,11,0,41
2024,10,2024-11-12 14:00,prior_ppg,False,QB,99,72,9,4,14,5,46,19,2,6,19
2024,10,2024-11-12 14:00,prior_ppg,False,RB,159,115,10,9,25,1,117,71,3,3,40
2024,10,2024-11-12 14:00,prior_ppg,False,TE,152,129,5,4,14,2,106,82,2,5,17
2024,10,2024-11-12 14:00,prior_ppg,False,WR,272,222,19,10,21,11,179,122,7,5,45
2024,11,2024-11-19 14:00,ecr,True,QB,98,75,5,6,12,0,45,21,1,3,20
2024,11,2024-11-19 14:00,ecr,True,RB,160,118,8,8,26,0,117,73,2,1,41
2024,11,2024-11-19 14:00,ecr,True,TE,155,132,5,6,12,0,108,86,0,5,17
2024,11,2024-11-19 14:00,ecr,True,WR,271,230,10,11,20,0,184,131,12,0,41
2024,11,2024-11-19 14:00,prior_ppg,False,QB,98,72,8,4,14,5,45,18,2,6,19
2024,11,2024-11-19 14:00,prior_ppg,False,RB,160,117,9,8,26,1,117,70,4,4,39
2024,11,2024-11-19 14:00,prior_ppg,False,TE,155,131,6,5,13,2,108,84,1,7,16
2024,11,2024-11-19 14:00,prior_ppg,False,WR,271,221,19,10,21,11,184,126,8,5,45
2024,12,2024-11-26 14:00,ecr,True,QB,99,77,4,5,13,0,43,20,1,2,20
2024,12,2024-11-26 14:00,ecr,True,RB,160,118,8,8,26,0,120,76,2,1,41
2024,12,2024-11-26 14:00,ecr,True,TE,153,131,4,5,13,0,106,84,0,4,18
2024,12,2024-11-26 14:00,ecr,True,WR,273,231,11,12,19,0,178,127,9,0,42
2024,12,2024-11-26 14:00,prior_ppg,False,QB,99,71,10,6,12,5,43,15,1,7,20
2024,12,2024-11-26 14:00,prior_ppg,False,RB,160,117,9,8,26,1,120,73,4,4,39
2024,12,2024-11-26 14:00,prior_ppg,False,TE,153,130,5,4,14,2,106,83,0,5,18
2024,12,2024-11-26 14:00,prior_ppg,False,WR,273,223,19,9,22,11,178,121,8,6,43
2024,13,2024-12-03 14:00,ecr,True,QB,100,77,5,6,12,0,46,22,1,3,20
2024,13,2024-12-03 14:00,ecr,True,RB,162,121,8,7,26,0,121,78,2,1,40
2024,13,2024-12-03 14:00,ecr,True,TE,150,128,4,5,13,0,103,81,0,4,18
2024,13,2024-12-03 14:00,ecr,True,WR,275,234,10,11,20,0,177,125,11,0,41
2024,13,2024-12-03 14:00,prior_ppg,False,QB,100,72,10,6,12,5,46,19,0,6,21
2024,13,2024-12-03 14:00,prior_ppg,False,RB,162,120,9,7,26,1,121,75,4,4,38
2024,13,2024-12-03 14:00,prior_ppg,False,TE,150,126,6,5,13,2,103,79,0,6,18
2024,13,2024-12-03 14:00,prior_ppg,False,WR,275,224,20,10,21,11,177,119,7,6,45
2024,14,2024-12-10 14:00,ecr,True,QB,100,79,3,5,13,0,43,21,1,1,20
2024,14,2024-12-10 14:00,ecr,True,RB,165,125,8,7,25,0,119,77,2,3,37
2024,14,2024-12-10 14:00,ecr,True,TE,147,127,4,4,12,0,103,83,0,2,18
2024,14,2024-12-10 14:00,ecr,True,WR,272,230,10,12,20,0,180,128,10,1,41
2024,14,2024-12-10 14:00,prior_ppg,False,QB,100,74,8,5,13,5,43,18,0,4,21
2024,14,2024-12-10 14:00,prior_ppg,False,RB,165,124,9,7,25,1,119,76,3,4,36
2024,14,2024-12-10 14:00,prior_ppg,False,TE,147,125,6,5,11,2,103,81,0,4,18
2024,14,2024-12-10 14:00,prior_ppg,False,WR,272,221,19,10,22,11,180,122,7,7,44
2024,15,2024-12-17 14:00,ecr,True,QB,102,80,4,6,12,0,45,21,2,3,19
2024,15,2024-12-17 14:00,ecr,True,RB,162,124,7,7,24,0,114,72,4,3,35
2024,15,2024-12-17 14:00,ecr,True,TE,147,128,4,4,11,0,106,87,0,3,16
2024,15,2024-12-17 14:00,ecr,True,WR,269,229,8,11,21,0,179,131,8,0,40
2024,15,2024-12-17 14:00,prior_ppg,False,QB,102,75,9,6,12,5,45,18,1,6,20
2024,15,2024-12-17 14:00,prior_ppg,False,RB,162,122,9,7,24,0,114,71,4,4,35
2024,15,2024-12-17 14:00,prior_ppg,False,TE,147,126,6,5,10,2,106,85,0,5,16
2024,15,2024-12-17 14:00,prior_ppg,False,WR,269,219,18,9,23,11,179,125,4,6,44
2024,16,2024-12-24 14:00,ecr,True,QB,103,82,3,5,13,0,44,22,1,2,19
2024,16,2024-12-24 14:00,ecr,True,RB,163,124,7,8,24,0,116,76,2,3,35
2024,16,2024-12-24 14:00,ecr,True,TE,152,132,5,4,11,0,110,90,0,2,18
2024,16,2024-12-24 14:00,ecr,True,WR,270,231,7,10,22,0,177,128,10,0,39
2024,16,2024-12-24 14:00,prior_ppg,False,QB,103,77,8,5,13,5,44,19,0,5,20
2024,16,2024-12-24 14:00,prior_ppg,False,RB,163,122,9,8,24,0,116,74,2,5,35
2024,16,2024-12-24 14:00,prior_ppg,False,TE,152,131,6,5,10,2,110,89,0,3,18
2024,16,2024-12-24 14:00,prior_ppg,False,WR,270,220,18,9,23,11,177,123,4,5,45
2024,17,2024-12-31 14:00,ecr,True,QB,106,85,3,5,13,0,43,21,2,2,18
2024,17,2024-12-31 14:00,ecr,True,RB,164,126,8,8,22,0,117,78,2,3,34
2024,17,2024-12-31 14:00,ecr,True,TE,151,130,6,5,10,0,109,88,0,4,17
2024,17,2024-12-31 14:00,ecr,True,WR,271,232,8,11,20,0,173,126,10,0,37
2024,17,2024-12-31 14:00,prior_ppg,False,QB,106,80,8,5,13,5,43,18,1,5,19
2024,17,2024-12-31 14:00,prior_ppg,False,RB,164,124,10,9,21,0,117,77,2,4,34
2024,17,2024-12-31 14:00,prior_ppg,False,TE,151,129,7,6,9,2,109,87,0,5,17
2024,17,2024-12-31 14:00,prior_ppg,False,WR,271,224,16,8,23,11,173,121,6,5,41
2024,18,2025-01-07 14:00,ecr,True,QB,105,82,5,7,11,0,43,21,1,2,19
2024,18,2025-01-07 14:00,ecr,True,RB,163,125,7,9,22,0,112,74,2,4,32
2024,18,2025-01-07 14:00,ecr,True,TE,151,129,7,6,9,0,107,86,0,5,16
2024,18,2025-01-07 14:00,ecr,True,WR,271,231,9,12,19,0,171,124,9,0,38
2024,18,2025-01-07 14:00,prior_ppg,False,QB,105,77,10,7,11,5,43,18,0,5,20
2024,18,2025-01-07 14:00,prior_ppg,False,RB,163,124,8,10,21,0,112,74,2,4,32
2024,18,2025-01-07 14:00,prior_ppg,False,TE,151,128,8,7,8,2,107,85,0,6,16
2024,18,2025-01-07 14:00,prior_ppg,False,WR,271,224,16,9,22,10,171,120,5,4,42
2025,1,2025-09-09 14:00,ecr,True,QB,129,106,5,5,13,0,0,0,0,0,0
2025,1,2025-09-09 14:00,ecr,True,RB,229,189,4,4,32,0,0,0,0,0,0
2025,1,2025-09-09 14:00,ecr,True,TE,202,178,6,6,12,0,0,0,0,0,0
2025,1,2025-09-09 14:00,ecr,True,WR,389,334,19,19,17,0,0,0,0,0,0
2025,1,2025-09-09 14:00,prior_ppg,False,QB,129,102,9,6,12,3,0,0,0,0,0
2025,1,2025-09-09 14:00,prior_ppg,False,RB,229,180,13,8,28,5,0,0,0,0,0
2025,1,2025-09-09 14:00,prior_ppg,False,TE,202,172,12,7,11,5,0,0,0,0,0
2025,1,2025-09-09 14:00,prior_ppg,False,WR,389,326,27,19,17,8,0,0,0,0,0
2025,2,2025-09-16 14:00,ecr,True,QB,101,78,5,5,13,0,89,64,2,6,17
2025,2,2025-09-16 14:00,ecr,True,RB,164,119,9,9,27,0,144,95,4,3,42
2025,2,2025-09-16 14:00,ecr,True,TE,152,129,6,6,11,0,119,96,0,8,15
2025,2,2025-09-16 14:00,ecr,True,WR,271,218,17,18,18,0,193,131,9,10,43
2025,2,2025-09-16 14:00,prior_ppg,False,QB,101,74,9,6,12,3,89,59,3,11,16
2025,2,2025-09-16 14:00,prior_ppg,False,RB,164,117,11,9,27,5,144,92,5,6,41
2025,2,2025-09-16 14:00,prior_ppg,False,TE,152,122,13,8,9,5,119,89,0,15,15
2025,2,2025-09-16 14:00,prior_ppg,False,WR,271,210,25,19,17,8,193,127,5,14,47
2025,3,2025-09-23 14:00,ecr,True,QB,103,81,4,5,13,0,89,65,2,6,16
2025,3,2025-09-23 14:00,ecr,True,RB,162,122,5,6,29,0,144,100,4,0,40
2025,3,2025-09-23 14:00,ecr,True,TE,149,128,4,4,13,0,115,94,0,5,16
2025,3,2025-09-23 14:00,ecr,True,WR,271,223,13,13,22,0,191,135,8,6,42
2025,3,2025-09-23 14:00,prior_ppg,False,QB,103,77,8,6,12,3,89,60,3,11,15
2025,3,2025-09-23 14:00,prior_ppg,False,RB,162,118,9,8,27,5,144,96,4,4,40
2025,3,2025-09-23 14:00,prior_ppg,False,TE,149,120,12,7,10,5,115,86,0,13,16
2025,3,2025-09-23 14:00,prior_ppg,False,WR,271,215,21,14,21,8,191,130,5,11,45
2025,4,2025-09-30 14:00,ecr,True,QB,103,81,4,5,13,0,58,35,1,5,17
2025,4,2025-09-30 14:00,ecr,True,RB,159,119,6,7,27,0,118,74,4,5,35
2025,4,2025-09-30 14:00,ecr,True,TE,151,130,4,4,13,0,104,83,0,4,17
2025,4,2025-09-30 14:00,ecr,True,WR,276,228,13,13,22,0,181,124,9,4,44
2025,4,2025-09-30 14:00,prior_ppg,False,QB,103,74,11,9,9,3,58,28,1,12,17
2025,4,2025-09-30 14:00,prior_ppg,False,RB,159,116,9,9,25,5,118,71,4,8,35
2025,4,2025-09-30 14:00,prior_ppg,False,TE,151,122,12,7,10,5,104,75,0,12,17
2025,4,2025-09-30 14:00,prior_ppg,False,WR,276,218,23,15,20,8,181,119,4,9,49
2025,5,2025-10-07 14:00,ecr,True,QB,103,82,3,4,14,0,58,36,1,3,18
2025,5,2025-10-07 14:00,ecr,True,RB,162,121,6,8,27,0,118,74,3,4,37
2025,5,2025-10-07 14:00,ecr,True,TE,150,128,5,5,12,0,103,81,0,5,17
2025,5,2025-10-07 14:00,ecr,True,WR,269,224,12,12,21,0,178,126,8,2,42
2025,5,2025-10-07 14:00,prior_ppg,False,QB,103,75,10,8,10,3,58,29,1,10,18
2025,5,2025-10-07 14:00,prior_ppg,False,RB,162,119,8,8,27,5,118,72,3,6,37
2025,5,2025-10-07 14:00,prior_ppg,False,TE,150,120,13,8,9,5,103,73,0,13,17
2025,5,2025-10-07 14:00,prior_ppg,False,WR,269,215,21,13,20,8,178,121,4,7,46
2025,6,2025-10-14 14:00,ecr,True,QB,100,79,3,4,14,0,64,42,1,3,18
2025,6,2025-10-14 14:00,ecr,True,RB,164,125,6,7,26,0,118,76,3,1,38
2025,6,2025-10-14 14:00,ecr,True,TE,151,129,5,5,12,0,107,85,0,5,17
2025,6,2025-10-14 14:00,ecr,True,WR,272,227,12,12,21,0,176,123,9,4,40
2025,6,2025-10-14 14:00,prior_ppg,False,QB,100,72,10,8,10,3,64,35,1,10,18
2025,6,2025-10-14 14:00,prior_ppg,False,RB,164,122,9,8,25,4,118,74,2,3,39
2025,6,2025-10-14 14:00,prior_ppg,False,TE,151,121,13,8,9,5,107,77,0,13,17
2025,6,2025-10-14 14:00,prior_ppg,False,WR,272,218,21,13,20,8,176,118,5,9,44
2025,7,2025-10-21 14:00,ecr,True,QB,100,80,2,3,15,0,63,42,1,2,18
2025,7,2025-10-21 14:00,ecr,True,RB,165,127,5,6,27,0,121,79,4,2,36
2025,7,2025-10-21 14:00,ecr,True,TE,150,126,6,6,12,0,104,80,0,5,19
2025,7,2025-10-21 14:00,ecr,True,WR,273,228,12,11,22,0,177,123,9,2,43
2025,7,2025-10-21 14:00,prior_ppg,False,QB,100,74,8,6,12,3,63,35,2,9,17
2025,7,2025-10-21 14:00,prior_ppg,False,RB,165,125,7,6,27,4,121,76,5,5,35
2025,7,2025-10-21 14:00,prior_ppg,False,TE,150,119,13,9,9,5,104,73,0,12,19
2025,7,2025-10-21 14:00,prior_ppg,False,WR,273,219,21,12,21,8,177,118,5,7,47
2025,8,2025-10-28 14:00,ecr,True,QB,100,79,3,4,14,0,62,40,1,2,19
2025,8,2025-10-28 14:00,ecr,True,RB,166,126,6,7,27,0,122,79,3,2,38
2025,8,2025-10-28 14:00,ecr,True,TE,146,124,5,4,13,0,103,81,0,3,19
2025,8,2025-10-28 14:00,ecr,True,WR,276,233,10,10,23,0,178,125,10,1,42
2025,8,2025-10-28 14:00,prior_ppg,False,QB,100,74,8,6,12,3,62,35,1,7,19
2025,8,2025-10-28 14:00,prior_ppg,False,RB,166,124,8,7,27,4,122,76,4,5,37
2025,8,2025-10-28 14:00,prior_ppg,False,TE,146,117,12,7,10,5,103,74,0,10,19
2025,8,2025-10-28 14:00,prior_ppg,False,WR,276,223,20,12,21,8,178,120,5,6,47
2025,9,2025-11-04 14:00,ecr,True,QB,100,79,3,4,14,0,63,41,1,2,19
2025,9,2025-11-04 14:00,ecr,True,RB,164,124,7,7,26,0,122,81,2,2,37
2025,9,2025-11-04 14:00,ecr,True,TE,148,125,6,5,12,0,103,80,0,4,19
2025,9,2025-11-04 14:00,ecr,True,WR,275,234,8,9,24,0,182,131,10,1,40
2025,9,2025-11-04 14:00,prior_ppg,False,QB,100,75,7,5,13,3,63,36,2,7,18
2025,9,2025-11-04 14:00,prior_ppg,False,RB,164,123,8,6,27,4,122,78,4,5,35
2025,9,2025-11-04 14:00,prior_ppg,False,TE,148,118,13,8,9,5,103,73,0,11,19
2025,9,2025-11-04 14:00,prior_ppg,False,WR,275,223,19,12,21,7,182,126,4,6,46
2025,10,2025-11-11 14:00,ecr,True,QB,98,78,2,4,14,0,61,40,1,3,17
2025,10,2025-11-11 14:00,ecr,True,RB,164,125,6,6,27,0,126,84,3,2,37
2025,10,2025-11-11 14:00,ecr,True,TE,152,130,6,5,11,0,106,84,0,4,18
2025,10,2025-11-11 14:00,ecr,True,WR,275,234,8,9,24,0,188,137,10,0,41
2025,10,2025-11-11 14:00,prior_ppg,False,QB,98,73,7,6,12,3,61,35,1,8,17
2025,10,2025-11-11 14:00,prior_ppg,False,RB,164,123,8,6,27,4,126,81,4,5,36
2025,10,2025-11-11 14:00,prior_ppg,False,TE,152,123,13,8,8,5,106,77,0,11,18
2025,10,2025-11-11 14:00,prior_ppg,False,WR,275,224,18,11,22,7,188,132,5,5,46
2025,11,2025-11-18 14:00,ecr,True,QB,99,80,1,3,15,0,60,41,1,2,16
2025,11,2025-11-18 14:00,ecr,True,RB,165,127,6,6,26,0,128,86,4,3,35
2025,11,2025-11-18 14:00,ecr,True,TE,154,134,5,4,11,0,105,85,0,3,17
2025,11,2025-11-18 14:00,ecr,True,WR,270,230,8,9,23,0,184,134,10,0,40
2025,11,2025-11-18 14:00,prior_ppg,False,QB,99,74,7,6,12,3,60,35,1,8,16
2025,11,2025-11-18 14:00,prior_ppg,False,RB,165,125,8,6,26,4,128,83,5,6,34
2025,11,2025-11-18 14:00,prior_ppg,False,TE,154,127,12,7,8,5,105,78,0,10,17
2025,11,2025-11-18 14:00,prior_ppg,False,WR,270,220,18,11,21,7,184,128,6,6,44
2025,12,2025-11-25 14:00,ecr,True,QB,101,81,2,4,14,0,75,56,0,3,16
2025,12,2025-11-25 14:00,ecr,True,RB,163,124,7,7,25,0,126,83,4,3,36
2025,12,2025-11-25 14:00,ecr,True,TE,152,131,6,5,10,0,103,82,0,3,18
2025,12,2025-11-25 14:00,ecr,True,WR,270,233,6,8,23,0,180,132,13,0,35
2025,12,2025-11-25 14:00,prior_ppg,False,QB,101,74,9,8,10,3,75,49,0,10,16
2025,12,2025-11-25 14:00,prior_ppg,False,RB,163,123,8,6,26,4,126,81,5,5,35
2025,12,2025-11-25 14:00,prior_ppg,False,TE,152,124,13,7,8,5,103,74,1,11,17
2025,12,2025-11-25 14:00,prior_ppg,False,WR,270,221,18,11,20,7,180,126,7,6,41
2025,13,2025-12-02 14:00,ecr,True,QB,103,82,3,4,14,0,78,56,1,3,18
2025,13,2025-12-02 14:00,ecr,True,RB,161,123,7,6,25,0,125,83,4,1,37
2025,13,2025-12-02 14:00,ecr,True,TE,154,132,6,6,10,0,107,84,1,6,16
2025,13,2025-12-02 14:00,ecr,True,WR,269,233,4,6,26,0,178,127,15,1,35
2025,13,2025-12-02 14:00,prior_ppg,False,QB,103,76,9,7,11,3,78,50,1,9,18
2025,13,2025-12-02 14:00,prior_ppg,False,RB,161,122,8,5,26,4,125,81,5,3,36
2025,13,2025-12-02 14:00,prior_ppg,False,TE,154,125,13,8,8,5,107,76,2,14,15
2025,13,2025-12-02 14:00,prior_ppg,False,WR,269,220,17,10,22,7,178,121,8,7,42
2025,14,2025-12-09 14:00,ecr,True,QB,102,80,4,5,13,0,77,54,1,4,18
2025,14,2025-12-09 14:00,ecr,True,RB,165,125,7,7,26,0,139,96,3,3,37
2025,14,2025-12-09 14:00,ecr,True,TE,154,133,5,5,11,0,104,82,1,4,17
2025,14,2025-12-09 14:00,ecr,True,WR,269,231,5,8,25,0,178,128,12,1,37
2025,14,2025-12-09 14:00,prior_ppg,False,QB,102,74,10,8,10,3,77,48,1,10,18
2025,14,2025-12-09 14:00,prior_ppg,False,RB,165,123,9,7,26,5,139,95,2,4,38
2025,14,2025-12-09 14:00,prior_ppg,False,TE,154,125,13,8,8,5,104,74,1,12,17
2025,14,2025-12-09 14:00,prior_ppg,False,WR,269,219,17,11,22,7,178,122,6,7,43
2025,15,2025-12-16 14:00,ecr,True,QB,102,82,2,3,15,0,73,52,1,2,18
2025,15,2025-12-16 14:00,ecr,True,RB,164,124,7,7,26,0,136,93,4,2,37
2025,15,2025-12-16 14:00,ecr,True,TE,156,136,5,5,10,0,105,85,0,4,16
2025,15,2025-12-16 14:00,ecr,True,WR,272,234,5,7,26,0,191,140,13,0,38
2025,15,2025-12-16 14:00,prior_ppg,False,QB,102,76,8,6,12,3,73,47,1,7,18
2025,15,2025-12-16 14:00,prior_ppg,False,RB,164,123,8,7,26,5,136,93,3,2,38
2025,15,2025-12-16 14:00,prior_ppg,False,TE,156,129,12,8,7,4,105,78,0,11,16
2025,15,2025-12-16 14:00,prior_ppg,False,WR,272,221,18,11,22,7,191,134,6,6,45
2025,16,2025-12-23 14:00,ecr,True,QB,101,82,3,3,13,0,76,57,1,2,16
2025,16,2025-12-23 14:00,ecr,True,RB,163,123,7,7,26,0,124,81,3,3,37
2025,16,2025-12-23 14:00,ecr,True,TE,157,137,5,5,10,0,108,87,1,4,16
2025,16,2025-12-23 14:00,ecr,True,WR,272,232,7,9,24,0,185,132,13,3,37
2025,16,2025-12-23 14:00,prior_ppg,False,QB,101,76,9,6,10,3,76,51,1,8,16
2025,16,2025-12-23 14:00,prior_ppg,False,RB,163,122,8,7,26,5,124,81,2,3,38
2025,16,2025-12-23 14:00,prior_ppg,False,TE,157,130,12,8,7,4,108,80,1,11,16
2025,16,2025-12-23 14:00,prior_ppg,False,WR,272,221,18,11,22,7,185,126,8,9,42
2025,17,2025-12-30 14:00,ecr,True,QB,101,83,2,3,13,0,78,60,1,1,16
2025,17,2025-12-30 14:00,ecr,True,RB,164,125,7,6,26,0,124,83,2,3,36
2025,17,2025-12-30 14:00,ecr,True,TE,154,136,4,4,10,0,105,86,1,3,15
2025,17,2025-12-30 14:00,ecr,True,WR,265,228,6,8,23,0,174,125,13,2,34
2025,17,2025-12-30 14:00,prior_ppg,False,QB,101,76,9,6,10,3,78,53,1,8,16
2025,17,2025-12-30 14:00,prior_ppg,False,RB,164,124,8,7,25,4,124,82,2,4,36
2025,17,2025-12-30 14:00,prior_ppg,False,TE,154,129,11,7,7,4,105,79,1,10,15
2025,17,2025-12-30 14:00,prior_ppg,False,WR,265,217,17,10,21,7,174,119,8,8,39
2025,18,2026-01-06 14:00,ecr,True,QB,103,85,2,3,13,0,78,60,1,1,16
2025,18,2026-01-06 14:00,ecr,True,RB,165,128,6,5,26,0,121,81,4,3,33
2025,18,2026-01-06 14:00,ecr,True,TE,151,133,4,4,10,0,99,80,1,3,15
2025,18,2026-01-06 14:00,ecr,True,WR,263,226,7,9,21,0,170,121,13,4,32
2025,18,2026-01-06 14:00,prior_ppg,False,QB,103,78,9,6,10,3,78,53,1,8,16
2025,18,2026-01-06 14:00,prior_ppg,False,RB,165,127,7,5,26,4,121,80,4,4,33
2025,18,2026-01-06 14:00,prior_ppg,False,TE,151,127,10,7,7,3,99,74,1,9,15
2025,18,2026-01-06 14:00,prior_ppg,False,WR,263,214,19,11,19,7,170,115,7,10,38
2026,1,2026-09-15 14:00,ecr,True,QB,119,95,6,6,12,0,90,65,1,6,18
2026,1,2026-09-15 14:00,ecr,True,RB,213,167,10,10,26,0,143,93,5,5,40
2026,1,2026-09-15 14:00,ecr,True,TE,207,181,8,8,10,0,129,103,1,10,15
2026,1,2026-09-15 14:00,ecr,True,WR,382,328,18,18,18,0,215,147,14,11,43
2026,1,2026-09-15 14:00,prior_ppg,False,QB,119,93,8,6,12,2,90,63,2,8,17
2026,1,2026-09-15 14:00,prior_ppg,False,RB,213,164,13,11,25,2,143,90,6,8,39
2026,1,2026-09-15 14:00,prior_ppg,False,TE,207,176,13,8,10,5,129,99,1,14,15
2026,1,2026-09-15 14:00,prior_ppg,False,WR,382,322,24,16,20,8,215,144,12,14,45
2026,2,2026-09-22 14:00,ecr,True,QB,103,78,7,7,11,0,94,68,1,7,18
2026,2,2026-09-22 14:00,ecr,True,RB,165,122,8,7,28,0,140,95,2,3,40
2026,2,2026-09-22 14:00,ecr,True,TE,153,129,6,6,12,0,131,106,1,8,16
2026,2,2026-09-22 14:00,ecr,True,WR,268,219,13,14,22,0,215,151,15,10,39
2026,2,2026-09-22 14:00,prior_ppg,False,QB,103,75,10,8,10,2,94,64,2,11,17
2026,2,2026-09-22 14:00,prior_ppg,False,RB,165,121,9,9,26,2,140,93,3,5,39
2026,2,2026-09-22 14:00,prior_ppg,False,TE,153,124,11,7,11,4,131,102,0,12,17
2026,2,2026-09-22 14:00,prior_ppg,False,WR,268,214,18,14,22,5,215,149,12,12,42
